"Genes, NCBI Anolis carolinensis Annotation Release 102, 2016-05-31"
Accession,Start,Stop,Gene symbol,Strand,NCBI Gene ID,Name
NC_014780.1,36768,176129,taf3,minus,100563216,
NC_014780.1,184192,192188,atp5c1,minus,100565306,
NC_014780.1,192246,203182,kin,plus,100563536,
NC_014780.1,203861,234407,itih2,minus,100565503,
NC_014780.1,243307,288607,itih5,plus,100565700,
NC_014780.1,294646,352902,LOC100565900,minus,100565900,
NC_014780.1,363826,440103,sfmbt2,plus,100566101,
NC_014780.1,481864,516244,prkcq,plus,100566301,
NC_014780.1,565813,648575,pfkfb3,minus,100563729,
NC_014780.1,652919,665834,rbm17,minus,100566491,
NC_014780.1,670924,686338,rab18,minus,100563927,
NC_014780.1,698113,713643,cep78,minus,100566680,
NC_014780.1,718143,734859,mysm1,minus,100564124,
NC_014780.1,738816,754167,LOC100564321,minus,100564321,
NC_014780.1,756955,770617,dcp1b,plus,100566873,
NC_014780.1,774869,796772,phf10,plus,100567070,
NC_014780.1,796759,803193,c5h6orf120,minus,100564518,
NC_014780.1,808450,823531,twsg1,minus,100564718,
NC_014780.1,831134,847569,nudt9,minus,100567262,
NC_014780.1,850735,857756,LOC100567459,plus,100567459,
NC_014780.1,863947,875063,il2ra,minus,103278808,
NC_014780.1,882424,888513,cggbp1,minus,100567655,
NC_014780.1,888864,914459,LOC100567854,plus,100567854,
NC_014780.1,945675,968909,LOC100568046,minus,100568046,
NC_014780.1,980574,995963,LOC100568242,minus,100568242,
NC_014780.1,1019990,1023016,LOC100551672,minus,100551672,
NC_014780.1,1026882,1028994,LOC100551872,minus,100551872,
NC_014780.1,1036133,1036229,mir29a-1,minus,104796725,microRNA 29a-1
NC_014780.1,1037450,1037549,mir29b-2,minus,104796191,microRNA 29b-2
NC_014780.1,1208750,1316408,mkln1,plus,100552068,
NC_014780.1,1322474,1328723,podxl,minus,103278801,
NC_014780.1,1827009,2413510,plxna4,minus,100552460,
NC_014780.1,2600617,2828860,chchd3,minus,100564916,
NC_014780.1,2904260,3351021,exoc4,plus,100552657,
NC_014780.1,3157718,3169577,LOC103278803,minus,103278803,
NC_014780.1,3361365,3460097,lrguk,plus,100552853,
NC_014780.1,3464917,3482106,slc35b4,minus,100553056,
NC_014780.1,3529514,3545683,LOC103278809,plus,103278809,
NC_014780.1,3545806,3632391,LOC103278810,plus,103278810,
NC_014780.1,3605649,3605722,mir205b,plus,104796320,microRNA 205b
NC_014780.1,3658684,3661451,LOC103278804,plus,103278804,
NC_014780.1,3686915,3714846,LOC103278805,plus,103278805,
NC_014780.1,3715694,3728868,LOC103278811,plus,103278811,
NC_014780.1,3754575,3755397,ucn3,plus,100553243,
NC_014780.1,3771565,3784470,tsga13,minus,103278812,
NC_014780.1,3803518,3825970,il15ra,plus,103278806,
NC_014780.1,3833924,3866697,fbxo18,minus,100553441,
NC_014780.1,3869479,3894186,ankrd16,plus,100565111,
NC_014780.1,3898239,3935584,gdi2,plus,100553642,
NC_014780.1,3946906,3976591,fam208b,minus,103278813,
NC_014780.1,3982484,3987149,LOC103278807,plus,103278807,
NC_014780.1,4092342,4103425,LOC103278814,plus,103278814,
NC_014780.1,4289128,4289456,LOC107982943,minus,107982943,
NC_014780.1,5156396,5757218,celf2,plus,100557562,
NC_014780.1,5814655,5984794,usp6nl,minus,103278815,
NC_014780.1,5988492,5997665,echdc3,plus,100559263,
NC_014780.1,6024069,6078629,proser2,plus,100559463,
NC_014780.1,6133603,6134293,LOC103278816,plus,103278816,
NC_014780.1,6200957,6226040,casc1,plus,100559660,
NC_014780.1,6225956,6284462,LOC103278817,minus,103278817,
NC_014780.1,6284478,6300967,spx,plus,100554038,
NC_014780.1,6303085,6343234,gys2,minus,100555409,
NC_014780.1,6361949,6411891,LOC100556586,minus,100556586,
NC_014780.1,6380363,6383852,LOC103278819,minus,103278819,
NC_014780.1,6456212,6462602,kcnj8,minus,100556780,
NC_014780.1,6467718,6544430,abcc9,minus,100559859,
NC_014780.1,6549853,6564557,cmas,plus,100560058,
NC_014780.1,6565624,6581482,LOC100556974,minus,100556974,
NC_014780.1,6630003,6770236,st8sia1,minus,100337536,
NC_014780.1,6770573,6846144,c2cd5,minus,100560452,
NC_014780.1,6864620,6899985,etnk1,plus,100557169,
NC_014780.1,7178274,7602240,sox5,minus,100557364,
NC_014780.1,8144451,8206150,bcat1,minus,100553843,
NC_014780.1,8215898,8225717,golt1b,minus,100558148,
NC_014780.1,8251377,8257294,recql,plus,100554230,
NC_014780.1,8256889,8273173,pyroxd1,minus,100554426,
NC_014780.1,8299164,8305788,iapp,minus,100558344,
NC_014780.1,8320237,8353922,slco1a2,plus,100554620,
NC_014780.1,8367445,8408347,LOC100554815,plus,100554815,
NC_014780.1,8412551,8434515,LOC100555012,minus,100555012,
NC_014780.1,8441470,8473196,LOC100558542,minus,100558542,
NC_014780.1,8489674,8762025,pde3a,minus,100555208,
NC_014780.1,8968286,8988491,aebp2,minus,100555604,
NC_014780.1,9017692,9221002,plekha5,minus,100555798,
NC_014780.1,9439505,9502926,LOC100555994,plus,100555994,
NC_014780.1,9512351,9513763,capza3,minus,100556192,
NC_014780.1,9528093,9578977,LOC100558870,plus,100558870,
NC_014780.1,9911647,9920344,rergl,plus,100559067,
NC_014780.1,10084768,10127197,pkp2,plus,100565701,
NC_014780.1,10145781,10151630,yars2,plus,100565901,
NC_014780.1,10151814,10190669,dnm1l,minus,100560647,
NC_014780.1,10206468,10213884,LOC103278820,plus,103278820,
NC_014780.1,10215829,10233049,LOC100566102,plus,100566102,
NC_014780.1,10244257,10296523,fgd4,minus,100566302,
NC_014780.1,10310346,10311600,LOC107982857,minus,107982857,
NC_014780.1,10383162,10516179,bicd1,minus,100566492,
NC_014780.1,10445668,10452830,LOC107982858,plus,107982858,
NC_014780.1,10543112,10574604,kiaa1551,minus,100566681,
NC_014780.1,10629192,10648890,amn1,plus,100560973,
NC_014780.1,10657068,10668131,etfbkmt,minus,100561172,
NC_014780.1,10738946,10796375,dennd5b,plus,100566874,
NC_014780.1,10800712,10818019,fam60a,plus,100561370,
NC_014780.1,10826302,10864146,caprin2,plus,100567071,
NC_014780.1,10869054,10917121,ipo8,plus,100567263,
NC_014780.1,10967705,11162458,tmtc1,plus,100567460,
NC_014780.1,11175848,11213231,ovch1,plus,100567656,
NC_014780.1,11288925,11323078,ddx11,plus,100561764,
NC_014780.1,11322936,11383219,LOC100561960,minus,100561960,
NC_014780.1,11398660,11404175,LOC103278821,plus,103278821,
NC_014780.1,11427471,11622536,iqsec3,plus,100568243,
NC_014780.1,11643632,11683332,LOC100551673,minus,100551673,
NC_014780.1,11738902,11808506,slc6a12,minus,100551873,
NC_014780.1,11824258,11878377,LOC100552069,minus,100552069,
NC_014780.1,11881515,11932481,kdm5a,minus,100562154,
NC_014780.1,11936767,11951683,ccdc77,plus,100562358,
NC_014780.1,11969847,12081509,b4galnt3,plus,100552264,
NC_014780.1,12081720,12143498,ninj2,minus,100552461,
NC_014780.1,12207672,12335988,wnk1,plus,100552658,
NC_014780.1,12344668,12366999,rad52,minus,100552854,
NC_014780.1,12367104,12592841,erc1,plus,100562554,
NC_014780.1,12389853,12413284,LOC107982859,minus,107982859,
NC_014780.1,12649803,12776913,wnt5b,plus,100562948,
NC_014780.1,12711085,12712532,fbxl14,minus,100562751,
NC_014780.1,12720621,12730166,LOC103278822,minus,103278822,
NC_014780.1,12787571,12821289,adipor2,plus,100563149,
NC_014780.1,12822466,13040728,cacna2d4,minus,100553057,
NC_014780.1,12887133,12929709,lrtm2,plus,103278824,
NC_014780.1,13036848,13051791,LOC103278823,plus,103278823,
NC_014780.1,13084981,13706633,cacna1c,plus,100553244,
NC_014780.1,13733797,13738037,LOC103278829,minus,103278829,
NC_014780.1,13740923,13765081,il17ra,plus,100553442,
NC_014780.1,13782167,13797614,cecr5,minus,100553643,
NC_014780.1,13813111,13845829,cecr1,minus,100553844,
NC_014780.1,13867879,13875865,LOC107982860,minus,107982860,
NC_014780.1,13878584,13989810,LOC100554039,plus,100554039,
NC_014780.1,13996556,14008976,slc25a18,plus,100554231,
NC_014780.1,14009131,14021450,atp6v1e1,minus,100563341,
NC_014780.1,14021441,14057384,bcl2l13,plus,100563800,
NC_014780.1,14062911,14081470,bid,minus,100563997,
NC_014780.1,14093932,14308561,mical3,minus,100554427,
NC_014780.1,14153610,14160027,LOC107982862,minus,107982862,
NC_014780.1,14167856,14175100,LOC107982863,plus,107982863,
NC_014780.1,14288951,14304648,LOC103278825,plus,103278825,
NC_014780.1,14316390,14327179,pex26,plus,100564192,
NC_014780.1,14328523,14337593,LOC100564389,plus,100564389,
NC_014780.1,14342325,14352617,LOC100554621,plus,100554621,
NC_014780.1,14357624,14375661,usp18,plus,100554816,
NC_014780.1,14379549,14387514,LOC100555013,minus,100555013,
NC_014780.1,14401623,14420101,LOC100564587,minus,100564587,
NC_014780.1,14432755,14461302,LOC100564788,minus,100564788,
NC_014780.1,14469688,14489072,bpgm,plus,100564984,
NC_014780.1,14534506,14706860,cald1,plus,100565307,
NC_014780.1,14626005,14664441,LOC103278827,minus,103278827,
NC_014780.1,14707997,14724261,LOC100555209,minus,100555209,
NC_014780.1,14724612,14729927,LOC100565504,minus,100565504,
NC_014780.1,14781776,14877307,rerg,minus,100555410,
NC_014780.1,14889005,14915069,LOC100557621,plus,100557621,
NC_014780.1,14919261,14949760,svopl,plus,100557816,
NC_014780.1,14950644,14996463,trim24,minus,100558013,
NC_014780.1,15099583,15151755,akr1d1,plus,100555605,
NC_014780.1,15152936,15153021,mir1677a,plus,104794123,microRNA 1677a
NC_014780.1,15154515,15179220,LOC100558209,minus,100558209,
NC_014780.1,15180521,15228128,LOC100558405,minus,100558405,
NC_014780.1,15226465,15249498,LOC100558604,plus,100558604,
NC_014780.1,15247603,15309494,kdm7a,minus,100558799,
NC_014780.1,15362404,15391908,slc37a3,minus,100555927,
NC_014780.1,15395153,15409197,rab19,plus,100558998,
NC_014780.1,15411458,15441486,mkrn1,minus,100559192,
NC_014780.1,15443876,15485260,LOC100556121,plus,100556121,
NC_014780.1,15485325,15558221,dennd2a,minus,100559393,
NC_014780.1,15566831,15576076,adck2,plus,100559590,
NC_014780.1,15571140,15585685,LOC100559787,minus,100559787,
NC_014780.1,15582325,15652916,braf,minus,100556317,
NC_014780.1,15585719,15587955,ndufb2,plus,100559985,
NC_014780.1,15643852,15643937,mir5433,minus,104794228,microRNA 5433
NC_014780.1,15664466,15671171,mrps33,minus,100556637,
NC_014780.1,15699618,16027322,tmem178b,plus,100556832,
NC_014780.1,16085637,16127000,agk,plus,100557026,
NC_014780.1,16097288,16111963,LOC107982864,minus,107982864,
NC_014780.1,16132939,16167037,kiaa1147,minus,100560184,
NC_014780.1,16166241,16184843,wee2,plus,100560382,
NC_014780.1,16186878,16196474,ssbp1,plus,100557227,
NC_014780.1,16228324,16309051,creb3l2,plus,100557424,
NC_014780.1,16321498,16451789,LOC103278832,plus,103278832,
NC_014780.1,16454102,16460833,atp6v0a4,minus,103278839,
NC_014780.1,16470330,16476360,tmem213,plus,103278833,
NC_014780.1,16489845,16638650,kiaa1549,minus,100561173,
NC_014780.1,16674536,16846303,hipk2,minus,100566230,
NC_014780.1,16883002,17160142,tbxas1,plus,100561371,
NC_014780.1,17160892,17180901,LOC100561568,minus,100561568,
NC_014780.1,17187844,17197154,spic,plus,100554105,
NC_014780.1,17238983,17338942,mybpc1,plus,100560974,
NC_014780.1,17342530,17342619,mir5453,plus,104794242,microRNA 5453
NC_014780.1,17345544,17375245,chpt1,plus,100561765,
NC_014780.1,17374298,17383833,sycp3,minus,103278834,
NC_014780.1,17388232,17437806,gnptab,minus,100561961,
NC_014780.1,17451635,17473623,dram1,plus,100565308,
NC_014780.1,17486322,17504937,ccdc53,minus,100565829,
NC_014780.1,17511678,17535773,nup37,minus,100566031,
NC_014780.1,17535789,17558341,parpbp,plus,100562155,
NC_014780.1,17558393,17560413,pmch,minus,100562359,
NC_014780.1,17591811,17674158,igf1,minus,100566682,
NC_014780.1,17755793,17776452,LOC100562555,minus,100562555,
NC_014780.1,17788700,17819000,LOC100562752,minus,100562752,
NC_014780.1,17840587,17846829,ascl1,plus,100562949,
NC_014780.1,18037859,18122192,stab2,plus,100563150,
NC_014780.1,18122123,18154085,nt5dc3,minus,100563342,
NC_014780.1,18171728,18182185,hsp90b1,plus,100566875,
NC_014780.1,18182554,18186058,c5h12orf73,minus,100567072,
NC_014780.1,18190554,18206562,tdg,plus,100567264,
NC_014780.1,18208997,18222037,glt8d2,minus,100567461,
NC_014780.1,18230286,18255801,hcfc2,plus,100563537,
NC_014780.1,18257773,18273445,nfyb,minus,100567657,
NC_014780.1,18307771,18361933,txnrd1,plus,100568111,
NC_014780.1,18382301,18612559,chst11,plus,100551540,
NC_014780.1,18632702,18684901,slc41a2,minus,100551735,
NC_014780.1,18696502,18701232,c5h12orf45,plus,100552070,
NC_014780.1,18709257,18740824,aldh1l2,minus,100552265,
NC_014780.1,18750430,18795896,kiaa1033,plus,100552462,
NC_014780.1,18797461,18831632,appl2,minus,100563730,
NC_014780.1,18831285,18881014,c5h12orf75,plus,100563928,
NC_014780.1,18996133,19009445,LOC103278835,plus,103278835,
NC_014780.1,19035639,19095050,nuak1,minus,100564125,
NC_014780.1,19117430,19125572,ckap4,minus,100552659,
NC_014780.1,19138005,19162337,tcp11l2,plus,100552855,
NC_014780.1,19168103,19229872,polr3b,plus,100553058,
NC_014780.1,19273152,19333422,rfx4,plus,100564322,
NC_014780.1,19341617,19377083,ric8b,plus,100564519,
NC_014780.1,19402045,19414172,tmem263,plus,100553245,
NC_014780.1,19415168,19431162,mterf2,minus,100553443,
NC_014780.1,19435727,19474281,cry1,plus,100553773,
NC_014780.1,19474697,19498311,LOC107982865,minus,107982865,
NC_014780.1,19529643,19536159,LOC103278840,plus,103278840,
NC_014780.1,19626351,19651045,LOC100554294,minus,100554294,
NC_014780.1,19651642,19799733,LOC100564719,plus,100564719,
NC_014780.1,19815611,19839518,pwp1,plus,100554490,
NC_014780.1,19839754,19859268,prdm4,minus,100564917,
NC_014780.1,19864309,19866636,ascl4,plus,100565112,
NC_014780.1,19883301,19895612,rtcb,minus,100554682,
NC_014780.1,19899539,19932146,bpifc,minus,103278841,
NC_014780.1,19933309,19950325,fbxo7,plus,100565635,
NC_014780.1,19954015,20198340,syn3,minus,100554878,
NC_014780.1,20090572,20129020,timp3,plus,100560581,
NC_014780.1,20223031,20228721,LOC103278836,plus,103278836,
NC_014780.1,20254119,20617930,large,minus,100560778,
NC_014780.1,20618934,20630982,LOC103278837,plus,103278837,
NC_014780.1,21214903,21258100,isx,plus,107982935,
NC_014780.1,21346733,21358647,LOC107982866,minus,107982866,
NC_014780.1,21405691,21424523,hmgxb4,plus,100559264,
NC_014780.1,21440492,21466894,tom1,plus,100559464,
NC_014780.1,21483435,21496261,hmox1,plus,100555210,
NC_014780.1,21499540,21521848,mcm5,plus,100555411,
NC_014780.1,21644610,21648753,LOC103278843,minus,103278843,
NC_014780.1,21665917,21682332,rasd2,plus,100559661,
NC_014780.1,21734826,21751500,LOC100559860,plus,100559860,
NC_014780.1,21735324,21747314,mb,minus,100555606,
NC_014780.1,21753977,21771326,LOC103278844,plus,103278844,
NC_014780.1,21772967,21780271,LOC103278845,plus,103278845,
NC_014780.1,21789226,21795443,LOC103278854,plus,103278854,
NC_014780.1,21802182,22040502,rbfox2,minus,100560059,
NC_014780.1,22050233,22136760,myh9,minus,100555799,
NC_014780.1,22144420,22156327,LOC103278846,minus,103278846,
NC_014780.1,22178755,22196849,txn2,minus,100555995,
NC_014780.1,22200297,22225031,foxred2,minus,100560256,
NC_014780.1,22228345,22243269,eif3d,minus,100556193,
NC_014780.1,22281282,22446303,cacng2,minus,100556391,
NC_014780.1,22486917,22498759,ift27,minus,100556587,
NC_014780.1,22524883,22558447,pvalb,minus,100556781,
NC_014780.1,22599938,22615832,ncf4,plus,100560453,
NC_014780.1,22619421,22651692,csf2rb,plus,103278847,
NC_014780.1,22654726,22663553,tex33,minus,100556975,
NC_014780.1,22665428,22676389,tst,minus,100557496,
NC_014780.1,22676536,22688136,mpst,plus,100557170,
NC_014780.1,22693482,22712636,kctd17,plus,100560648,
NC_014780.1,22714647,22752455,tmprss6,minus,100560846,
NC_014780.1,22755792,22783338,il2rb,minus,103278848,
NC_014780.1,22811822,22820331,c1qtnf6,minus,100561044,
NC_014780.1,22843798,22862114,sstr3,minus,100561243,
NC_014780.1,22870444,22888550,rac2,minus,100557692,
NC_014780.1,22902703,22945210,cyth4,plus,100561440,
NC_014780.1,23137145,23337301,elfn2,minus,100557891,
NC_014780.1,23223965,23226482,LOC107982867,plus,107982867,
NC_014780.1,23434992,23469511,mfng,minus,100561637,
NC_014780.1,23489523,23564727,card10,minus,100561828,
NC_014780.1,23620627,23652214,cdc42ep1,plus,103278850,
NC_014780.1,23732517,23753602,gga1,plus,100558086,
NC_014780.1,23763651,23796937,sh3bp1,plus,100562024,
NC_014780.1,23802486,23807157,pdxp,plus,100562224,
NC_014780.1,23830133,23839765,lgals1,plus,100558543,
NC_014780.1,23852846,23855577,LOC100562427,minus,100562427,
NC_014780.1,23856725,23868453,LOC100558741,minus,100558741,
NC_014780.1,23870134,23882460,nol12,plus,100558939,
NC_014780.1,23891115,23978257,triobp,plus,100562620,
NC_014780.1,24004709,24019295,gcat,plus,100562818,
NC_014780.1,24028257,24030349,LOC100563018,minus,100563018,
NC_014780.1,24039485,24050649,galr3,plus,100563217,
NC_014780.1,24081159,24100776,dmc1,minus,100553845,
NC_014780.1,24102765,24130659,fam227a,minus,100554040,
NC_014780.1,24135376,24142080,cby1,plus,100563407,
NC_014780.1,24144115,24155723,tomm22,plus,100563605,
NC_014780.1,24155960,24166202,josd1,minus,100563801,
NC_014780.1,24171353,24195016,gtpbp1,plus,100563998,
NC_014780.1,24201319,24240944,sun2,minus,100554232,
NC_014780.1,24247606,24273606,LOC100554428,minus,100554428,
NC_014780.1,24277436,24291803,dnal4,minus,100564193,
NC_014780.1,24306549,24345084,nptxr,minus,100554622,
NC_014780.1,24374676,24386303,cbx6,minus,100564390,
NC_014780.1,24386427,24389367,LOC103278856,plus,103278856,
NC_014780.1,24407068,24429136,cbx7,minus,100564588,
NC_014780.1,24449396,24482152,LOC103278857,minus,103278857,
NC_014780.1,24499105,24555928,pdgfb,minus,100554817,
NC_014780.1,24584097,24584180,mir5403,plus,104794210,microRNA 5403
NC_014780.1,24634920,24644638,rpl3,minus,100564789,
NC_014780.1,24659688,24699755,syngr1,plus,103278858,
NC_014780.1,24706861,24725636,tab1,plus,100555014,
NC_014780.1,24817113,24866207,mgat3,plus,100564985,
NC_014780.1,24890555,24897466,mief1,plus,100555211,
NC_014780.1,24909523,24913204,atf4,plus,100565177,
NC_014780.1,24914083,24918284,rps19bp1,minus,100565375,
NC_014780.1,25032262,25380663,cacna1i,plus,103278866,
NC_014780.1,25421881,25452247,LOC100565636,minus,100565636,
NC_014780.1,25471303,25538839,grap2,plus,100565830,
NC_014780.1,25561416,25596036,fam83f,plus,100555607,
NC_014780.1,25626612,25748092,tnrc6b,plus,100566032,
NC_014780.1,25754968,25780090,adsl,plus,100555996,
NC_014780.1,25787934,25827158,sgsm3,plus,100556194,
NC_014780.1,25827597,25882796,mkl1,minus,100556392,
NC_014780.1,25954087,25971244,slc25a17,minus,100556588,
NC_014780.1,25990346,26014210,st13,minus,100566365,
NC_014780.1,26014530,26046142,xpnpep3,plus,100556782,
NC_014780.1,26051840,26056647,rbx1,plus,100566553,
NC_014780.1,26108885,26192195,ep300,plus,100566746,
NC_014780.1,26199848,26238936,l3mbtl2,plus,100556976,
NC_014780.1,26241138,26250854,chadl,minus,103278860,
NC_014780.1,26264454,26274537,LOC100557171,plus,100557171,
NC_014780.1,26275972,26299885,rangap1,minus,100566939,
NC_014780.1,26304921,26356108,zc3h7b,plus,100557365,
NC_014780.1,26373861,26403195,tef,plus,100567524,
NC_014780.1,26450274,26465211,tob2,minus,103278861,
NC_014780.1,26478549,26496864,phf5a,minus,100567918,
NC_014780.1,26496984,26521999,aco2,plus,100568244,
NC_014780.1,26534898,26559599,csdc2,plus,100551674,
NC_014780.1,26565905,26588703,pmm1,minus,100557563,
NC_014780.1,26603918,26617450,desi1,minus,100551874,
NC_014780.1,26617532,26637341,xrcc6,plus,100552071,
NC_014780.1,26639295,26642039,snu13,minus,100552266,
NC_014780.1,26643982,26707709,mei1,plus,100557757,
NC_014780.1,26685453,26710018,LOC103278862,minus,103278862,
NC_014780.1,26710272,26740271,ccdc134,plus,100557954,
NC_014780.1,26749101,26785298,srebf2,plus,100552463,
NC_014780.1,26778855,26778955,mir33-1,plus,104794177,microRNA 33-1
NC_014780.1,26793046,26856758,shisa8,minus,103278863,
NC_014780.1,26929511,26942337,LOC100552660,minus,100552660,
NC_014780.1,26972002,26979779,cenpm,minus,100552856,
NC_014780.1,26984553,26991523,LOC100558149,plus,100558149,
NC_014780.1,27001788,27041595,sept3,plus,100558345,
NC_014780.1,27045253,27060287,wbp2nl,plus,100553059,
NC_014780.1,27064670,27079269,naga,minus,100558544,
NC_014780.1,27082795,27086784,fam109b,plus,100553246,
NC_014780.1,27093246,27097140,smdt1,plus,100558742,
NC_014780.1,27098336,27101656,ndufa6,minus,100553444,
NC_014780.1,27111038,27129117,LOC100558940,plus,100558940,
NC_014780.1,27135298,27140513,LOC107982869,plus,107982869,
NC_014780.1,27144817,27160598,LOC100559134,plus,100559134,
NC_014780.1,27182471,27205986,LOC100559332,plus,100559332,
NC_014780.1,27229012,27245047,LOC100559530,plus,100559530,
NC_014780.1,27269549,27414095,tcf20,minus,100553644,
NC_014780.1,27471667,27480613,hebp1,plus,100562286,
NC_014780.1,27488343,27503777,LOC100562486,plus,100562486,
NC_014780.1,27526802,27555317,gprc5a,minus,100562681,
NC_014780.1,27574746,27588749,ddx47,minus,100555801,
NC_014780.1,27602245,27633372,LOC100563079,minus,100563079,
NC_014780.1,27642765,27643258,LOC100561045,minus,100561045,
NC_014780.1,27645389,27646798,LOC100562879,minus,100562879,
NC_014780.1,27657837,27675516,wbp11,minus,100564254,
NC_014780.1,27674523,27685445,LOC103278867,plus,103278867,
NC_014780.1,27679026,27682045,smco3,minus,100563276,
NC_014780.1,27690962,27698016,LOC100566807,minus,100566807,
NC_014780.1,27709620,27722898,LOC100551807,minus,100551807,
NC_014780.1,27758641,27792207,erp27,minus,100552786,
NC_014780.1,27793927,27818913,arhgdib,minus,100552989,
NC_014780.1,27839326,27848756,pde6h,plus,100553314,
NC_014780.1,27857133,27914822,agbl3,plus,100563467,
NC_014780.1,27933162,27939085,c5h7orf49,minus,100553510,
NC_014780.1,27940692,27964516,wdr91,minus,100553711,
NC_014780.1,27969410,27998492,stra8,plus,100563665,
NC_014780.1,28007406,28060758,LOC100563862,minus,100563862,
NC_014780.1,28085679,28160402,cnot4,minus,100553912,
NC_014780.1,28163654,28171331,polr3h,minus,100554623,
NC_014780.1,28171563,28213979,nup205,plus,100564057,
NC_014780.1,28216840,28222365,arl1,plus,100555015,
NC_014780.1,28222849,28302660,utp20,minus,100554818,
NC_014780.1,28318688,28341457,LOC100564451,plus,100564451,
NC_014780.1,28343289,28379936,LOC100564651,plus,100564651,
NC_014780.1,28385449,28492517,ano4,minus,100564852,
NC_014780.1,28566556,28590202,gas2l3,minus,100565046,
NC_014780.1,28595389,28632377,nr1h4,minus,100555212,
NC_014780.1,28646006,28671803,slc17a8,minus,100555413,
NC_014780.1,28675432,28710916,scyl2,minus,100555608,
NC_014780.1,28714201,28728371,actr6,minus,100556122,
NC_014780.1,28735599,28795413,uhrf1bp1l,plus,100565240,
NC_014780.1,28794439,28802613,LOC107982870,minus,107982870,
NC_014780.1,28822362,29245333,anks1b,plus,100565435,
NC_014780.1,29042636,29046476,LOC107982871,plus,107982871,
NC_014780.1,29245419,29303344,apaf1,minus,100556318,
NC_014780.1,29307618,29320630,ikbip,plus,100557172,
NC_014780.1,29323258,29333540,slc25a3,minus,100557497,
NC_014780.1,29346269,29364068,tmpo,minus,100557817,
NC_014780.1,29376709,29376780,trnaw-cca,minus,107982965,
NC_014780.1,29377281,29377352,trnad-guc,plus,107982963,
NC_014780.1,29772093,30067629,LOC103278869,minus,103278869,
NC_014780.1,29776318,29776411,mir135-2,minus,104794106,microRNA 135-2
NC_014780.1,30142422,30170280,nedd1,minus,100565637,
NC_014780.1,30178696,30329798,cfap54,minus,103278875,
NC_014780.1,30362729,30456409,cdk17,plus,100558014,
NC_014780.1,30458374,30518407,elk3,minus,100558476,
NC_014780.1,30548086,30548157,trnad-guc,minus,107982966,
NC_014780.1,30548386,30570027,lta4h,plus,100565831,
NC_014780.1,30572150,30593176,hal,plus,100566033,
NC_014780.1,30588687,30611771,amdhd1,minus,100566232,
NC_014780.1,30616656,30639018,ccdc38,plus,100566426,
NC_014780.1,30641291,30645885,snrpf,minus,100566616,
NC_014780.1,30687403,30745179,ntn4,plus,100567002,
NC_014780.1,30763751,30785711,usp44,plus,100567199,
NC_014780.1,30788785,30805577,metap2,minus,100567395,
NC_014780.1,30824363,30863711,LOC103278871,plus,103278871,
NC_014780.1,30862972,30895805,vezt,minus,100567588,
NC_014780.1,30896029,30964325,fgd6,plus,100567784,
NC_014780.1,30972947,30994369,nr2c1,plus,100567979,
NC_014780.1,30996820,31006356,ndufa12,plus,100560060,
NC_014780.1,31021663,31022244,LOC107982953,minus,107982953,
NC_014780.1,31032937,31158943,tmcc3,plus,100568177,
NC_014780.1,31172149,31205756,cep83,plus,100560257,
NC_014780.1,31206197,31272432,plxnc1,minus,100551607,
NC_014780.1,31328902,31398521,cradd,minus,100552001,
NC_014780.1,31406188,31412376,socs2,minus,100552196,
NC_014780.1,31417335,31437992,LOC103278873,plus,103278873,
NC_014780.1,31437436,31446295,mrpl42,minus,100560454,
NC_014780.1,31453193,31471424,ube2n,plus,100560649,
NC_014780.1,31476142,31494120,nudt4,minus,100560847,
NC_014780.1,31586391,31604408,LOC103278874,minus,103278874,
NC_014780.1,31609726,31679265,eea1,plus,100552393,
NC_014780.1,31679781,31710803,plekhg7,minus,100552591,
NC_014780.1,31717399,31722481,LOC100561244,plus,100561244,
NC_014780.1,31906152,31911831,btg1,plus,100561441,
NC_014780.1,32290489,32331849,dcn,plus,100561696,
NC_014780.1,32296656,32296736,mir5425,plus,104794223,microRNA 5425
NC_014780.1,32341936,32353268,lum,plus,100561888,
NC_014780.1,32369381,32376050,kera,plus,100562083,
NC_014780.1,32387315,32418658,epyc,plus,100560848,
NC_014780.1,32760538,32854322,atp2b1,plus,100564194,
NC_014780.1,32876752,32909948,poc1b,plus,100558676,
NC_014780.1,32945072,32956139,dusp6,plus,100558871,
NC_014780.1,33232428,33342038,kitlg,plus,100561046,
NC_014780.1,33424991,33470728,tmtc3,minus,100559068,
NC_014780.1,33470909,33531241,cep290,plus,100561245,
NC_014780.1,33489941,33492114,LOC107982873,plus,107982873,
NC_014780.1,33531254,33544740,c5h12orf29,minus,100561442,
NC_014780.1,33547204,33577704,c5h12orf50,plus,103278876,
NC_014780.1,33981941,34400679,mgat4c,plus,100561638,
NC_014780.1,34420765,34441211,nts,minus,100561829,
NC_014780.1,34470154,34508934,rassf9,plus,100562025,
NC_014780.1,34785203,34835960,alx1,minus,100562225,
NC_014780.1,34857166,34976340,lrriq1,minus,100562428,
NC_014780.1,35045787,35097133,slc6a15,plus,100559265,
NC_014780.1,35102200,35102271,trnaw-cca,minus,107982967,
NC_014780.1,35171499,35171570,trnaw-cca,minus,107982968,
NC_014780.1,35172844,35172915,trnaw-cca,minus,107982964,
NC_014780.1,35239602,35248265,LOC103278880,minus,103278880,
NC_014780.1,35249668,35253888,LOC103278878,minus,103278878,
NC_014780.1,35476782,35477342,LOC107982944,plus,107982944,
NC_014780.1,35994444,36226434,tmtc2,minus,100562819,
NC_014780.1,36306155,36500678,mettl25,minus,100563019,
NC_014780.1,36351439,36453349,ccdc59,plus,100559465,
NC_014780.1,36500786,36844925,ppfia2,plus,100559662,
NC_014780.1,36835797,36902471,acss3,minus,100563218,
NC_014780.1,36939086,36987918,lin7a,plus,100559861,
NC_014780.1,37006766,37018249,myf5,minus,100563408,
NC_014780.1,37008951,37046293,myf6,minus,100560061,
NC_014780.1,37064917,37176633,ptprq,minus,103278884,
NC_014780.1,37178173,37182157,LOC103278882,minus,103278882,
NC_014780.1,37193102,37289371,otogl,minus,100563802,
NC_014780.1,37293992,37297922,rps16,minus,100560258,
NC_014780.1,37377425,37500424,ppp1r12a,plus,100560455,
NC_014780.1,37503716,37520394,LOC103278883,minus,103278883,
NC_014780.1,37520525,37617609,pawr,plus,100563999,
NC_014780.1,37671810,37799105,syt1,minus,100560650,
NC_014780.1,37885704,37979452,ptprb,minus,100567589,
NC_014780.1,37982884,38114654,ptprr,minus,100567785,
NC_014780.1,38175283,38197411,tspan8,minus,100566683,
NC_014780.1,38216742,38220330,LOC107982875,minus,107982875,
NC_014780.1,38288953,38375499,lgr5,plus,100567980,
NC_014780.1,38388271,38426644,zfc3h1,minus,100568178,
NC_014780.1,38420633,38444168,LOC107982876,plus,107982876,
NC_014780.1,38447173,38474710,tmem19,plus,100564520,
NC_014780.1,38495619,38510611,rab21,plus,100551608,
NC_014780.1,38519227,38546630,tbc1d15,plus,100564720,
NC_014780.1,38550479,38658896,tph2,plus,100564918,
NC_014780.1,38762433,39134717,trhde,plus,100551808,
NC_014780.1,38854727,38870560,LOC103278885,plus,103278885,
NC_014780.1,39831220,39831858,LOC100565113,plus,100565113,
NC_014780.1,40072355,40180664,kcnc2,minus,100552002,
NC_014780.1,40094515,40099580,LOC103278886,plus,103278886,
NC_014780.1,40250881,40284732,caps2,minus,100552197,
NC_014780.1,40286121,40293813,ccdc107,minus,100565309,
NC_014780.1,40304233,40316967,LOC103278887,plus,103278887,
NC_014780.1,40321520,40334024,LOC100565505,plus,100565505,
NC_014780.1,40336876,40351490,LOC103278888,plus,103278888,
NC_014780.1,40356597,40361813,LOC100552394,plus,100552394,
NC_014780.1,40368191,40379786,LOC100565902,plus,100565902,
NC_014780.1,40379890,40389951,krr1,minus,100565702,
NC_014780.1,40551659,40552420,phlda1,minus,100552592,
NC_014780.1,40559286,40576888,nap1l1,minus,100566103,
NC_014780.1,40655266,40748374,osbpl8,minus,100566303,
NC_014780.1,40797050,40850907,zdhhc17,plus,100566493,
NC_014780.1,40853512,40875010,csrp2,minus,100566876,
NC_014780.1,40974987,41008777,e2f7,minus,100552787,
NC_014780.1,41142772,41742520,nav3,plus,100567073,
NC_014780.1,41735179,41815234,LOC100567396,minus,100567396,
NC_014780.1,42000128,42163567,LOC103278889,plus,103278889,
NC_014780.1,42234362,42279465,LOC100563219,plus,100563219,
NC_014780.1,42394602,42408555,bmp3,plus,103278890,
NC_014780.1,42419572,42477704,prkg2,minus,100561246,
NC_014780.1,42549740,42815209,rasgef1b,minus,100555663,
NC_014780.1,42845646,42875576,LOC100563409,plus,100563409,
NC_014780.1,42876956,42891037,hnrnpd,minus,100563607,
NC_014780.1,42900539,42908718,hnrnpdl,minus,100552990,
NC_014780.1,42929900,42936479,enoph1,plus,100563803,
NC_014780.1,42942709,42982050,tmem150c,minus,100564000,
NC_014780.1,43020797,43074726,scd5,minus,103278919,
NC_014780.1,43082678,43142280,sec31a,minus,100564391,
NC_014780.1,43144262,43173720,lin54,minus,100558406,
NC_014780.1,43173805,43181954,cops4,plus,100564790,
NC_014780.1,43195978,43198526,plac8,minus,100564986,
NC_014780.1,43227564,43240870,LOC100562622,minus,100562622,
NC_014780.1,43258157,43268360,LOC100564195,minus,100564195,
NC_014780.1,43274693,43290587,coq2,minus,100565178,
NC_014780.1,43296554,43323395,hpse,minus,100565376,
NC_014780.1,43338423,43357210,helq,minus,100565575,
NC_014780.1,43357449,43361962,mrps18c,plus,100552328,
NC_014780.1,43362081,43373458,fam175a,minus,100565768,
NC_014780.1,43385158,43415724,gpat3,plus,100565967,
NC_014780.1,43835876,43857809,nkx6-1,minus,100566166,
NC_014780.1,43879101,43886085,LOC103278892,minus,103278892,
NC_014780.1,43886157,43918293,cds1,plus,100566366,
NC_014780.1,43919733,44064791,wdfy3,minus,100566554,
NC_014780.1,44064778,44078941,LOC103278893,plus,103278893,
NC_014780.1,44209727,44614241,arhgap24,plus,100557623,
NC_014780.1,44632571,44861739,mapk10,minus,100558211,
NC_014780.1,44901078,44904109,LOC100558801,minus,100558801,
NC_014780.1,44927979,45061785,ptpn13,plus,100566747,
NC_014780.1,45064143,45067814,LOC103278894,minus,103278894,
NC_014780.1,45064239,45066297,LOC107982877,plus,107982877,
NC_014780.1,45083838,45236423,aff1,plus,100566940,
NC_014780.1,45245314,45276027,klhl8,minus,100560910,
NC_014780.1,45281117,45293500,LOC100561108,minus,100561108,
NC_014780.1,45296098,45308038,LOC100567136,plus,100567136,
NC_014780.1,45311387,45323860,LOC100561305,plus,100561305,
NC_014780.1,45328151,45345356,LOC100561640,minus,100561640,
NC_014780.1,45352862,45365240,scpppq1,minus,100500779,secretory calcium-binding phosphoprotein proline-glutamine rich 1
NC_014780.1,45408511,45412837,dmp1,plus,103278921,
NC_014780.1,45431246,45443105,LOC100567330,plus,100567330,
NC_014780.1,45460627,45479509,ibsp,plus,100562156,
NC_014780.1,45482073,45500821,LOC103278895,plus,103278895,
NC_014780.1,45557891,45566683,spp1,plus,100562360,
NC_014780.1,45567203,45594820,LOC100562556,plus,100562556,
NC_014780.1,45597420,45598173,LOC107982936,plus,107982936,
NC_014780.1,45599353,45616234,pkd2,plus,100567525,
NC_014780.1,45618687,45648168,LOC100567722,minus,100567722,
NC_014780.1,45658950,45697727,LOC100567919,minus,100567919,
NC_014780.1,45704553,45725252,ppm1k,minus,100562753,
NC_014780.1,45742516,45769028,LOC100568112,plus,100568112,
NC_014780.1,45772242,45807578,LOC103278896,plus,103278896,
NC_014780.1,45791062,45792479,pigy,minus,100562950,
NC_014780.1,45792487,45795739,pyurf,minus,100551541,
NC_014780.1,45820089,45820670,LOC107982878,minus,107982878,
NC_014780.1,45826572,45878508,LOC100563151,plus,100563151,
NC_014780.1,45885855,46040233,fam13a,minus,100551736,
NC_014780.1,46067115,46105726,LOC103278898,plus,103278898,
NC_014780.1,46075465,46082281,LOC107982879,plus,107982879,
NC_014780.1,46082708,46126138,gprin3,minus,103278897,
NC_014780.1,46213843,46214394,LOC107982880,minus,107982880,
NC_014780.1,46219523,46294232,snca,minus,100563343,
NC_014780.1,46328790,46399983,mmrn1,plus,100551936,
NC_014780.1,46511979,46512530,LOC107982881,minus,107982881,
NC_014780.1,46541963,47049160,ccser1,plus,100552132,
NC_014780.1,46925279,46934020,LOC107982882,minus,107982882,
NC_014780.1,47170446,47348302,LOC103278899,plus,103278899,
NC_014780.1,47536572,47537153,LOC107982945,plus,107982945,
NC_014780.1,47836769,48636461,grid2,plus,100552526,
NC_014780.1,48099434,48111585,LOC107982962,minus,107982962,
NC_014780.1,48272661,48283165,LOC107982961,minus,107982961,
NC_014780.1,48652644,48653576,LOC107982960,minus,107982960,
NC_014780.1,48672368,48673505,atoh1,minus,103278922,
NC_014780.1,48802686,48847519,smarcad1,plus,100552721,
NC_014780.1,48905909,48960559,LOC100553182,plus,100553182,
NC_014780.1,48994897,49148459,pdlim5,plus,100552922,
NC_014780.1,49268151,49421309,bmpr1b,plus,100553122,
NC_014780.1,49444674,49820714,unc5c,minus,100553379,
NC_014780.1,49535729,49536986,LOC103278916,minus,103278916,
NC_014780.1,50022218,50097340,msrb3,minus,100553315,
NC_014780.1,50105269,50132652,lemd3,minus,100553511,
NC_014780.1,50156764,50210444,wif1,plus,100553712,
NC_014780.1,50266994,50300333,tbc1d30,minus,100553913,
NC_014780.1,50319225,50330096,LOC103278923,minus,103278923,
NC_014780.1,50340492,50368751,gns,plus,100554106,
NC_014780.1,50371161,50377625,rassf3,minus,100554295,
NC_014780.1,50455142,50485107,tbk1,minus,100553575,
NC_014780.1,50488469,50519162,xpot,minus,100553774,
NC_014780.1,50519681,50525835,rpl18a,plus,100553972,
NC_014780.1,50527959,50539217,c5h12orf66,plus,100554166,
NC_014780.1,50572518,50710975,srgap1,minus,100554357,
NC_014780.1,50745899,50747418,tmem5,minus,103278900,
NC_014780.1,50861538,50877718,avpr1a,plus,100554491,
NC_014780.1,51014266,51059817,ppm1h,plus,100554683,
NC_014780.1,51075540,51075651,mirlet7i,minus,104796698,microRNA let-7i
NC_014780.1,51080986,51163033,mon2,minus,100554555,
NC_014780.1,51169118,51233212,usp15,minus,100554748,
NC_014780.1,51263128,51452779,fam19a2,plus,100554879,
NC_014780.1,51881637,51943272,LOC103278901,minus,103278901,
NC_014780.1,52074993,52201396,slc16a7,minus,100555268,
NC_014780.1,52537129,52618153,lrig3,plus,100555071,
NC_014780.1,52647742,52664215,LOC107982883,plus,107982883,
NC_014780.1,52925927,52936449,atp23,minus,100555468,
NC_014780.1,52936558,52963357,rpap3,plus,100555662,
NC_014780.1,53160681,53193462,amigo2,plus,100555269,
NC_014780.1,53291877,53334774,slc38a4,plus,100556050,
NC_014780.1,53355344,53425820,LOC103278903,minus,103278903,
NC_014780.1,53428199,53450572,slc38a2,plus,100555856,
NC_014780.1,53479583,53541856,slc38a1,plus,100556248,
NC_014780.1,53575586,53611497,scaf11,plus,100556444,
NC_014780.1,53629612,53727478,arid2,minus,100556638,
NC_014780.1,53824535,53904160,ano6,minus,100555469,
NC_014780.1,53927739,53957193,dbx2,plus,100555857,
NC_014780.1,53999736,54000299,LOC107982959,plus,107982959,
NC_014780.1,54011549,54180040,nell2,plus,100556249,
NC_014780.1,54223780,54541110,tmem117,minus,100556445,
NC_014780.1,54505127,54509334,LOC107982884,plus,107982884,
NC_014780.1,54595231,54607204,twf1,plus,100556639,
NC_014780.1,54611154,54625804,irak4,minus,100556834,
NC_014780.1,54628045,54650385,pus7l,plus,100557028,
NC_014780.1,54678470,54681533,LOC103278905,plus,103278905,
NC_014780.1,54722969,54794430,adamts20,plus,100557229,
NC_014780.1,54834279,54863621,LOC107982885,plus,107982885,
NC_014780.1,55112485,55118199,LOC107982886,minus,107982886,
NC_014780.1,55152369,55152920,LOC107982956,plus,107982956,
NC_014780.1,55158489,55240605,prickle1,plus,100556833,
NC_014780.1,55240708,55342133,pphln1,minus,100557027,
NC_014780.1,55278916,55284175,zcrb1,plus,100557228,
NC_014780.1,55315461,55355400,yaf2,plus,100557425,
NC_014780.1,55363250,55390356,gxylt1,plus,100557426,
NC_014780.1,55663523,55950235,pdzrn4,minus,100557622,
NC_014780.1,55976814,56163595,cntn1,minus,100557818,
NC_014780.1,56209068,56390188,nrcam,minus,100558015,
NC_014780.1,56401870,56439299,pnpla8,minus,100558210,
NC_014780.1,56460128,56755264,LOC103278906,plus,103278906,
NC_014780.1,56998258,57134291,LOC103278907,plus,103278907,
NC_014780.1,57154865,57166337,LOC103278908,plus,103278908,
NC_014780.1,57374868,58036401,immp2l,minus,100558605,
NC_014780.1,57717269,57770551,lrrn3,plus,100558800,
NC_014780.1,58051107,58378981,dock4,minus,100557819,
NC_014780.1,58379090,58426335,znf277,plus,100558999,
NC_014780.1,58458735,58489461,LOC103278910,minus,103278910,
NC_014780.1,58489632,58503648,ifrd1,plus,100558016,
NC_014780.1,58506829,58523531,lsmem1,plus,100559193,
NC_014780.1,58532626,58566017,LOC103278911,plus,103278911,
NC_014780.1,58582570,58595431,tmem168,minus,100559394,
NC_014780.1,58600828,58621547,bmt2,minus,100558407,
NC_014780.1,58698372,58703865,gpr85,minus,100559591,
NC_014780.1,58731737,58735617,LOC100559788,minus,100559788,
NC_014780.1,58973620,59011756,ppp1r3a,minus,100558606,
NC_014780.1,59016343,59019850,LOC107982946,plus,107982946,
NC_014780.1,59060502,59502367,foxp2,plus,100559986,
NC_014780.1,59129747,59134276,LOC103278924,plus,103278924,
NC_014780.1,59669791,59720104,mdfic,plus,100560456,
NC_014780.1,60039787,60049889,LOC103278912,plus,103278912,
NC_014780.1,60218758,60228238,LOC103278913,plus,103278913,
NC_014780.1,60326904,60351317,LOC100558941,plus,100558941,
NC_014780.1,60455190,60561561,tfec,minus,100559135,
NC_014780.1,60525562,60542440,psmb6,plus,103278914,
NC_014780.1,60741403,60790794,tes,plus,100560651,
NC_014780.1,60951564,60965779,cav2,plus,100560849,
NC_014780.1,60983400,61021428,cav1,plus,100561047,
NC_014780.1,61092367,61236188,met,plus,100561443,
NC_014780.1,61238602,61258336,LOC107982887,minus,107982887,
NC_014780.1,61269520,61303959,capza2,plus,100561830,
NC_014780.1,61311381,61442968,st7,plus,100561639,
NC_014780.1,61447848,61488129,asz1,minus,100559333,
NC_014780.1,61523822,61638408,cftr,plus,100559531,
NC_014780.1,61647280,61770130,cttnbp2,minus,100559728,
NC_014780.1,61933607,61995359,lsm8,plus,100562026,
NC_014780.1,61996694,62050763,ankrd26,minus,100560321,
NC_014780.1,62501806,62502369,LOC107982957,plus,107982957,
NC_014780.1,62852687,62853238,LOC107982958,plus,107982958,
NC_014780.1,62877613,62879352,LOC100562226,minus,100562226,
NC_014780.1,62958892,63332122,kcnd2,plus,100562429,
NC_014780.1,63345018,63444236,tspan12,minus,100562820,
NC_014780.1,63496742,63519401,fkbp6,plus,100560517,
NC_014780.1,63574705,63591921,ing3,plus,100563020,
NC_014780.1,63597730,63747373,cped1,plus,100560713,
NC_014780.1,63772411,63784778,ttll8,minus,103278925,
NC_014780.1,63807006,63829717,mlc1,minus,100553846,
NC_014780.1,63829849,63890107,mov10l1,plus,100565506,
NC_014780.1,63901668,63936989,panx2,plus,100554041,
NC_014780.1,63957880,63960496,LOC103278926,minus,103278926,
NC_014780.1,63968779,64001276,trabd,plus,100565703,
NC_014780.1,64007269,64019616,LOC100565903,plus,100565903,
NC_014780.1,64022601,64036193,LOC100554233,plus,100554233,
NC_014780.1,64040572,64079658,tubgcp6,minus,100566104,
NC_014780.1,64084009,64123029,hdac10,minus,100566304,
NC_014780.1,64134529,64164339,LOC107982888,minus,107982888,
NC_014780.1,64174027,64186548,LOC100566494,minus,100566494,
NC_014780.1,64200483,64250989,mapk12,minus,100563538,
NC_014780.1,64267950,64320316,mapk11,minus,100563731,
NC_014780.1,64420398,64860190,plxnb2,minus,100566684,
NC_014780.1,64555268,64580896,LOC107982937,minus,107982937,
NC_014780.1,64701905,64702815,LOC100563929,plus,100563929,
NC_014780.1,65040158,65043299,LOC100566877,minus,100566877,
NC_014780.1,65054520,65075185,znf800,plus,100564126,
NC_014780.1,65080574,65859146,grm8,plus,100564323,
NC_014780.1,66118451,66204767,LOC103278928,minus,103278928,
NC_014780.1,66517912,66518673,LOC100567074,plus,100567074,
NC_014780.1,66670326,66703918,LOC103278930,minus,103278930,
NC_014780.1,66751865,66834755,pot1,plus,100567265,
NC_014780.1,66910390,66927530,gpr37,plus,100567462,
NC_014780.1,67254467,67255048,LOC107982954,plus,107982954,
NC_014780.1,67266871,67281780,LOC100567658,minus,100567658,
NC_014780.1,67296148,67300991,LOC100567856,minus,100567856,
NC_014780.1,67308142,67317349,LOC100568048,minus,100568048,
NC_014780.1,67336221,67343522,LOC100568245,minus,100568245,
NC_014780.1,67388415,67430528,wasl,plus,100551675,
NC_014780.1,67443582,67459798,lmod2,minus,100564521,
NC_014780.1,67476430,67499936,asb15,minus,100551875,
NC_014780.1,67499999,67504287,ndufa5,plus,100564721,
NC_014780.1,67509008,67555341,iqub,plus,100552072,
NC_014780.1,67568155,67592348,LOC107982889,plus,107982889,
NC_014780.1,67604946,67653627,LOC100552267,plus,100552267,
NC_014780.1,67704015,67765881,slc13a1,plus,100552464,
NC_014780.1,67928139,68305038,cadps2,plus,100552661,
NC_014780.1,68086596,68089889,LOC100564919,plus,100564919,
NC_014780.1,68320035,68333912,fezf1,plus,100552857,
NC_014780.1,68396825,68443534,aass,plus,100553247,
NC_014780.1,68455424,68576591,ptprz1,minus,100553445,
NC_014780.1,68760501,68813504,fam3c,plus,100565310,
NC_014780.1,68819968,68824697,wnt16,minus,100553645,
NC_014780.1,70684963,71119976,fam19a5,minus,100554624,
NC_014780.1,72043433,72044102,LOC107982947,minus,107982947,
NC_014780.1,72350031,72506797,tbc1d22a,minus,100555141,
NC_014780.1,72547851,72595842,cerk,plus,100555340,
NC_014780.1,72815507,72932329,gramd4,minus,100554949,
NC_014780.1,72992989,73033901,klb,minus,100555539,
NC_014780.1,73057426,73094817,rfc1,plus,100555731,
NC_014780.1,73126116,73129254,LOC103278931,minus,103278931,
NC_014780.1,73129256,73131148,LOC107982890,minus,107982890,
NC_014780.1,73133206,73182086,wdr19,minus,100555928,
NC_014780.1,73189439,73190192,LOC107982891,minus,107982891,
NC_014780.1,73194505,73249687,klhl5,minus,100556123,
NC_014780.1,73253069,73275400,ccdc149,plus,100557099,
NC_014780.1,73296039,73301387,sod3,minus,100557296,
NC_014780.1,73315384,73362930,LOC107982892,minus,107982892,
NC_014780.1,73413791,73471745,dhx15,plus,100557498,
NC_014780.1,73576013,73576561,LOC107982893,minus,107982893,
NC_014780.1,73885194,74225838,ppargc1a,plus,100462893,
NC_014780.1,74243031,74243555,LOC107982894,plus,107982894,
NC_014780.1,74805713,74920266,LOC100557693,minus,100557693,
NC_014780.1,74920351,74976106,adgra3,plus,100557892,
NC_014780.1,75068296,75092010,LOC103278933,minus,103278933,
NC_014780.1,75092035,75585706,kcnip4,plus,100556515,
NC_014780.1,75134338,75172902,LOC107982895,plus,107982895,
NC_014780.1,75587473,75603795,pacrgl,minus,100556710,
NC_014780.1,75616348,76035851,slit2,minus,100558087,
NC_014780.1,75691609,75691707,mir218-1,minus,104794155,microRNA 218-1
NC_014780.1,76817260,76895588,lcorl,plus,100558281,
NC_014780.1,76899520,76934423,ncapg,minus,100556905,
NC_014780.1,76941973,76942725,LOC107982952,minus,107982952,
NC_014780.1,76978167,77083681,fam184b,plus,100558477,
NC_014780.1,77035656,77037771,LOC107982896,minus,107982896,
NC_014780.1,77085500,77087761,med28,minus,100558677,
NC_014780.1,80089882,80183250,htt,minus,100565638,
NC_014780.1,80187540,80215047,nop14,plus,100565832,
NC_014780.1,80219254,80257457,mfsd10,plus,100563863,
NC_014780.1,80258849,80309084,add1,minus,100564853,
NC_014780.1,80315674,80341473,sh3bp2,minus,100566034,
NC_014780.1,80349064,80403947,ppp2r2c,plus,100558872,
NC_014780.1,80414603,80436274,wfs1,minus,100566233,
NC_014780.1,80450173,80494677,jakmip1,plus,100566427,
NC_014780.1,80502834,80554335,crmp1,plus,100562361,
NC_014780.1,80561597,80599765,fkbp4,plus,100566617,
NC_014780.1,80606604,80626654,itfg2,plus,100562682,
NC_014780.1,80644582,80672560,foxm1,minus,100566808,
NC_014780.1,80676768,80704566,tulp3,plus,100562880,
NC_014780.1,80747408,80753099,LOC100567003,minus,100567003,
NC_014780.1,80803617,80807675,LOC100563080,minus,100563080,
NC_014780.1,80850304,80879482,ndufa9,minus,100559194,
NC_014780.1,80878857,80903616,akap3,plus,100559395,
NC_014780.1,80908528,80960044,dyrk4,minus,100563468,
NC_014780.1,80913013,80922052,LOC107982897,minus,107982897,
NC_014780.1,80960082,80988267,c5h12orf4,plus,100563277,
NC_014780.1,80995632,81006152,fgf6,plus,100559789,
NC_014780.1,81042689,81053600,fgf23,plus,100559987,
NC_014780.1,81056916,81072662,tigar,minus,100564058,
NC_014780.1,81072669,81088475,parp11,plus,100564255,
NC_014780.1,81106552,81158941,cracr2a,plus,100560185,
NC_014780.1,81168047,81344503,tspan9,plus,100564452,
NC_014780.1,81412660,81490179,prmt8,plus,100560383,
NC_014780.1,81502693,81567585,ntf3,plus,100560582,
NC_014780.1,81612958,81763645,ano2,minus,100560779,
NC_014780.1,81821311,82024856,vwf,minus,100560975,
NC_014780.1,81946991,81954162,LOC107982898,minus,107982898,
NC_014780.1,82044380,82062130,cd9,plus,100561174,
NC_014780.1,82077614,82111311,nobox,minus,100564652,
NC_014780.1,82116342,82189918,arhgef5,minus,100561372,
NC_014780.1,82205002,82264044,LOC100565436,minus,100565436,
NC_014780.1,82285813,82382949,LOC100561569,minus,100561569,
NC_014780.1,82528630,82611570,ccdc91,minus,100561766,
NC_014780.1,82748867,82764670,pthlh,plus,100561962,
NC_014780.1,82891435,82903259,klhl42,minus,100562157,
NC_014780.1,82925921,82932102,mansc4,plus,103278939,
NC_014780.1,82933929,82939675,mrps35,minus,103278937,
NC_014780.1,82959004,83009156,dusp16,plus,100567200,
NC_014780.1,83015978,83031425,borcs5,minus,100567397,
NC_014780.1,83031646,83048256,mansc1,plus,103278940,
NC_014780.1,83060541,83142827,lrp6,plus,100554684,
NC_014780.1,83149296,83302821,etv6,minus,100554880,
NC_014780.1,83355970,83399307,LOC100555072,plus,100555072,
NC_014780.1,83401607,83429815,ttc38,minus,100555270,
NC_014780.1,83430938,83460878,cdpf1,plus,100567590,
NC_014780.1,83451413,83487186,ppara,minus,100567786,
NC_014780.1,83532327,83532421,mirlet7b,minus,104794082,microRNA let-7b
NC_014780.1,83759431,83822571,atxn10,plus,100555470,
NC_014780.1,83932746,84072128,wnt7b,minus,100567981,
NC_014780.1,84102369,84209644,fbln1,minus,100555664,
NC_014780.1,84246797,84257598,ribc2,minus,100555858,
NC_014780.1,84257726,84315630,smc1b,plus,100556052,
NC_014780.1,84318808,84342783,fam118a,minus,100551542,
NC_014780.1,84385793,84403959,upk3a,minus,103278944,
NC_014780.1,84459333,84514417,kiaa0930,plus,100551937,
NC_014780.1,84522684,84548141,nup50,minus,100552133,
NC_014780.1,84864903,84924683,phf21b,plus,100556250,
NC_014780.1,84940584,85059835,LOC100556446,minus,100556446,
NC_014780.1,85279983,85280691,LOC100556640,minus,100556640,
NC_014780.1,85317384,85648671,kiaa1644,plus,100552329,
NC_014780.1,85725818,85773027,parvg,minus,103278947,
NC_014780.1,85783780,85845712,parvb,minus,100556835,
NC_014780.1,85853820,85880132,samm50,minus,100552527,
NC_014780.1,85885324,85917010,LOC100557029,minus,100557029,
NC_014780.1,85959220,85987457,sult4a1,plus,100552722,
NC_014780.1,86007938,86214626,efcab6,plus,100557230,
NC_014780.1,86242033,86368673,mpped1,minus,100552923,
NC_014780.1,86456036,86708892,scube1,plus,100557427,
NC_014780.1,86722341,86754186,ttll12,plus,100557624,
NC_014780.1,86755271,86777173,tspo,minus,100553123,
NC_014780.1,86777424,86785814,mcat,plus,100557820,
NC_014780.1,86785821,86792788,LOC107982901,plus,107982901,
NC_014780.1,86795502,86822262,LOC107982902,minus,107982902,
NC_014780.1,86822390,86857441,ttll1,plus,100553512,
NC_014780.1,86908719,86927341,pacsin2,plus,100558017,
NC_014780.1,86931802,86978508,arfgap3,plus,100553713,
NC_014780.1,87012679,87014079,a4galt,plus,100558212,
NC_014780.1,87019928,87044856,LOC100553914,plus,100553914,
NC_014780.1,87049729,87377353,pclo,minus,100558408,
NC_014780.1,87170680,87188376,LOC107982903,plus,107982903,
NC_014780.1,87456484,87457695,LOC100558607,minus,100558607,
NC_014780.1,87483296,87484075,LOC100558802,plus,100558802,
NC_014780.1,87502784,87817730,sema3e,minus,100554107,
NC_014780.1,87898258,88133421,sema3a,minus,100554296,
NC_014780.1,88344022,88358789,LOC103278949,minus,103278949,
NC_014780.1,88670187,89235030,sema3d,minus,100559000,
NC_014780.1,89447029,89735249,grm3,plus,100554492,
NC_014780.1,89742035,89863517,kiaa1324l,minus,100559195,
NC_014780.1,89883176,89908607,optn,plus,100560322,
NC_014780.1,89912053,89944819,mcm10,plus,100560518,
NC_014780.1,89957942,89969873,ucma,minus,100559396,
NC_014780.1,89975797,89997407,LOC100560714,minus,100560714,
NC_014780.1,90004212,90029591,phyh,minus,100560911,
NC_014780.1,90036473,90056213,sephs1,minus,100559593,
NC_014780.1,90073822,90138338,bend7,minus,100561109,
NC_014780.1,90152461,90171915,prpf18,plus,100559790,
NC_014780.1,90185367,90658244,frmd4a,minus,100560126,
NC_014780.1,90723882,90736603,sspn,plus,100565047,
NC_014780.1,90762277,91032615,itpr2,minus,100567982,
NC_014780.1,91046018,91062608,LOC103278953,plus,103278953,
NC_014780.1,91064534,91085672,asun,minus,100565241,
NC_014780.1,91085619,91101305,fgfr1op2,plus,100559663,
NC_014780.1,91103419,91139524,tm7sf3,minus,100565437,
NC_014780.1,91143350,91150761,med21,plus,100565639,
NC_014780.1,91147912,91167153,LOC100562084,minus,100562084,
NC_014780.1,91194436,91208051,LOC103278954,minus,103278954,
NC_014780.1,91210767,91223655,LOC100563278,minus,100563278,
NC_014780.1,91261961,91316967,stk38l,plus,100564453,
NC_014780.1,91339602,91370457,arntl2,plus,100565833,
NC_014780.1,91391195,91540930,ppfibp1,plus,100566234,
NC_014780.1,91543599,91546096,rep15,plus,100566035,
NC_014780.1,91546645,91578741,LOC100568179,minus,100568179,
NC_014780.1,91802487,92340153,cacna2d1,plus,100566428,
NC_014780.1,92015591,92027477,LOC107982907,plus,107982907,
NC_014780.1,92279606,92281794,LOC107982906,minus,107982906,
NC_014780.1,92481294,92546255,hgf,plus,100566618,
NC_014780.1,92742424,92782673,LOC103278956,minus,103278956,
NC_014780.1,92755661,93050917,sema3c,plus,100556124,
NC_014780.1,93086141,93209208,cd36,minus,100557499,
NC_014780.1,93281015,93295988,LOC100566809,plus,100566809,
NC_014780.1,93357364,93387067,LOC100559069,minus,100559069,
NC_014780.1,93761407,94694350,magi2,plus,100567004,
NC_014780.1,94634764,94681540,LOC103278957,minus,103278957,
NC_014780.1,94735598,94814233,phtf2,minus,100567201,
NC_014780.1,94831627,94842632,tmem60,plus,100559266,
NC_014780.1,94848045,94880839,rsbn1l,minus,100567398,
NC_014780.1,94888258,94967840,ptpn12,minus,100567591,
NC_014780.1,95018798,95087196,gsap,plus,103278958,
NC_014780.1,95088846,95161736,ccdc146,minus,100567787,
NC_014780.1,95122412,95131573,fgl2,plus,103278959,
NC_014780.1,95161841,95204854,fam185a,plus,103278967,
NC_014780.1,95205390,95293984,fbxl13,minus,100551609,
NC_014780.1,95253940,95272272,lrrc17,plus,103278960,
NC_014780.1,95282604,95316852,armc10,plus,100552003,
NC_014780.1,95314111,95353329,napepld,minus,100559466,
NC_014780.1,95364470,95380833,pmpcb,plus,100552198,
NC_014780.1,95380823,95399542,dnajc2,minus,100552395,
NC_014780.1,95407567,95419913,psmc2,plus,100559862,
NC_014780.1,95424765,95468878,slc26a5,minus,100552593,
NC_014780.1,95485191,95877524,reln,minus,100552788,
NC_014780.1,95895558,95992912,orc5,minus,100560062,
NC_014780.1,96070638,96355250,lhfpl3,plus,100552991,
NC_014780.1,96405221,96482630,kmt2e,plus,100553183,
NC_014780.1,96485838,96615526,srpk2,minus,100560259,
NC_014780.1,96641046,96641798,LOC107982955,plus,107982955,
NC_014780.1,96645788,96673113,pus7,plus,100560457,
NC_014780.1,96677169,96702457,rint1,plus,100560652,
NC_014780.1,96702656,96706925,LOC100560850,minus,100560850,
NC_014780.1,96712099,96800446,atxn7l1,minus,100553380,
NC_014780.1,96824109,96869689,cdhr3,plus,103278968,
NC_014780.1,96878758,96886977,sypl1,minus,100561048,
NC_014780.1,96942222,96975564,nampt,minus,100561247,
NC_014780.1,97068476,97069973,ccdc71l,minus,100553775,
NC_014780.1,97105695,97147774,pik3cg,plus,100561444,
NC_014780.1,97160549,97256286,prkar2b,plus,100561641,
NC_014780.1,97261741,97288474,hbp1,plus,100553973,
NC_014780.1,97288606,97516448,cog5,minus,100554167,
NC_014780.1,97363760,97367888,LOC107982908,minus,107982908,
NC_014780.1,97461810,97469579,gpr22,plus,100561306,
NC_014780.1,97522323,97558575,slc26a4,minus,100554358,
NC_014780.1,97573563,97601533,bcap29,minus,100561500,
NC_014780.1,97612268,97626774,dus4l,minus,100554556,
NC_014780.1,97627564,97645723,cbll1,plus,100554749,
NC_014780.1,97655541,97684502,slc26a3,minus,100561697,
NC_014780.1,97713257,97730988,LOC107982909,minus,107982909,
NC_014780.1,97720653,97727424,LOC103278961,plus,103278961,
NC_014780.1,97735603,97740448,LOC103278969,minus,103278969,
NC_014780.1,97744736,97751206,LOC107982938,minus,107982938,
NC_014780.1,97757284,97768717,LOC103278971,minus,103278971,
NC_014780.1,97771553,97795289,dld,plus,100561889,
NC_014780.1,97795238,97897126,lamb1,minus,100555341,
NC_014780.1,97909149,97982136,lamb4,minus,100555540,
NC_014780.1,98003014,98041028,ergic2,plus,100562287,
NC_014780.1,98045852,98068475,LOC100555732,minus,100555732,
NC_014780.1,98068363,98143854,LOC107982240,minus,107982240,
NC_014780.1,98165858,98290790,lrrk2,minus,100555929,
NC_014780.1,98353845,98522134,slc2a13,plus,100556319,
NC_014780.1,98541387,98553721,c5h12orf40,minus,103278962,
NC_014780.1,98585905,98644936,abcd2,plus,100556516,
NC_014780.1,98694675,98828334,kif21a,plus,100556711,
NC_014780.1,98813707,98815361,LOC103278965,plus,103278965,
NC_014780.1,98831209,98968757,LOC100562683,plus,100562683,
NC_014780.1,99025271,99104222,cpne8,plus,100562881,
NC_014780.1,99328096,99339403,alg10,minus,100563081,
NC_014780.1,99339390,99346803,tprkb,plus,100563469,
NC_014780.1,99380262,99383925,LOC107982910,plus,107982910,
NC_014780.1,99383927,99394599,gtse1,plus,100556906,
NC_014780.1,99396539,99414547,trmu,plus,100557100,
NC_014780.1,99427183,99632789,celsr1,minus,100557297,
NC_014780.1,99644260,99651817,rpl9,minus,100563666,
NC_014780.1,99651816,99664430,lias,plus,100557694,
NC_014780.1,99668264,99692848,ugdh,minus,100557893,
NC_014780.1,99703631,99731541,smim14,minus,100563864,
NC_014780.1,99754585,99755110,LOC107982948,plus,107982948,
NC_014780.1,99770391,99816535,ube2k,plus,100564059,
NC_014780.1,99823557,99879107,pds5a,minus,100564256,
NC_014780.1,99901973,99926369,n4bp2,plus,100558282,
NC_014780.1,99947009,99977517,rhoh,plus,103278964,
NC_014780.1,99983537,99995456,chrna9,plus,100558678,
NC_014780.1,100048610,100079838,rbm47,minus,100564653,
NC_014780.1,100207913,100243367,nsun7,plus,100564854,
NC_014780.1,100252313,100343748,apbb2,minus,100558873,
NC_014780.1,100567644,100577142,uchl1,plus,100561831,
NC_014780.1,100620456,100897563,limch1,plus,100563152,
NC_014780.1,100889634,100914356,LOC103278974,minus,103278974,
NC_014780.1,101085047,101098870,tmem33,plus,100562158,
NC_014780.1,101110329,101152468,slc30a9,plus,100563539,
NC_014780.1,101161374,101198409,bend4,minus,100563732,
NC_014780.1,101291350,101297623,shisa3,plus,100563930,
NC_014780.1,101295975,101416112,atp8a1,minus,100564127,
NC_014780.1,101397051,101399757,LOC107982911,minus,107982911,
NC_014780.1,101511805,101584730,grxcr1,plus,100564324,
NC_014780.1,101660042,101686870,LOC103278975,plus,103278975,
NC_014780.1,101997938,102066632,kctd8,minus,100562362,
NC_014780.1,102139859,102197419,yipf7,minus,100564522,
NC_014780.1,102256429,102294046,guf1,plus,100564722,
NC_014780.1,102268660,102270348,LOC100562557,minus,100562557,
NC_014780.1,102276214,102277766,LOC100562754,minus,100562754,
NC_014780.1,102297112,102314639,gnpda2,minus,100562951,
NC_014780.1,102408808,102434620,LOC103278976,plus,103278976,
NC_014780.1,102815336,102938153,gabrg1,minus,100564920,
NC_014780.1,103030561,103133834,gabra2,minus,100565311,
NC_014780.1,103391270,103434394,LOC103278977,minus,103278977,
NC_014780.1,103466531,103510471,fip1l1,plus,100567526,
NC_014780.1,103510608,103645578,lnx1,minus,100565507,
NC_014780.1,103644973,103658143,LOC107982913,plus,107982913,
NC_014780.1,103910841,103944638,chic2,minus,100567920,
NC_014780.1,103977804,103984051,gsx2,plus,100568113,
NC_014780.1,104039055,104108512,pdgfra,plus,100565834,
NC_014780.1,104131753,104137153,LOC103278978,plus,103278978,
NC_014780.1,104252989,104254693,LOC103278979,plus,103278979,
NC_014780.1,104255327,104255824,LOC103278980,plus,103278980,
NC_014780.1,104379371,104453869,kit,plus,100551543,
NC_014780.1,104592729,104655760,kdr,minus,100551738,
NC_014780.1,104729198,104738182,srd5a3,plus,100551938,
NC_014780.1,104746361,104760330,tmem165,plus,100552134,
NC_014780.1,104762186,104819369,clock,minus,100552330,
NC_014780.1,104831427,104843522,pdcl2,minus,100566036,
NC_014780.1,104844339,104863229,nmu,minus,103278981,
NC_014780.1,104959748,104976025,LOC107982939,minus,107982939,
NC_014780.1,104979505,104993643,LOC103278989,plus,103278989,
NC_014780.1,105000415,105037067,LOC100566235,plus,100566235,
NC_014780.1,105040054,105094077,cep135,plus,100552528,
NC_014780.1,105117628,105306052,kiaa1211,plus,100552924,
NC_014780.1,105306478,105338115,aasdh,minus,100553124,
NC_014780.1,105339690,105342276,LOC103278982,plus,103278982,
NC_014780.1,105343700,105416501,ppat,minus,100553317,
NC_014780.1,105416509,105430887,paics,plus,100566555,
NC_014780.1,105431291,105457952,lonrf1,minus,100553513,
NC_014780.1,105571274,105608058,kiaa1456,plus,100553714,
NC_014780.1,105630916,106050268,dlc1,minus,100553915,
NC_014780.1,105786310,105800379,LOC107982914,plus,107982914,
NC_014780.1,106263484,106527650,sgcz,minus,100566748,
NC_014780.1,106709391,106709463,mir383,minus,104794183,microRNA 383
NC_014780.1,106887674,106900650,LOC103278985,plus,103278985,
NC_014780.1,107215928,107440649,tusc3,plus,100566941,
NC_014780.1,107478551,107482757,LOC103278986,minus,103278986,
NC_014780.1,107929869,107930435,LOC107982950,plus,107982950,
NC_014780.1,108077886,108081645,fgf20,minus,100567137,
NC_014780.1,108103876,108152910,micu3,plus,100554297,
NC_014780.1,108170055,108208138,zdhhc2,plus,100554493,
NC_014780.1,108214276,108238896,cnot7,minus,100567331,
NC_014780.1,108238996,108255358,vps37a,plus,100554685,
NC_014780.1,108257057,108317914,mtmr7,minus,100554881,
NC_014780.1,108324115,108332310,slc38a8,minus,100555859,
NC_014780.1,108365299,108402463,mbtps1,minus,100556053,
NC_014780.1,108405961,108430843,hsdl1,minus,100555073,
NC_014780.1,108428324,108437884,dnaaf1,plus,100556251,
NC_014780.1,108443803,108465350,hsf4,minus,100556447,
NC_014780.1,108466262,108473244,LOC103278990,minus,103278990,
NC_014780.1,108477308,108485608,LOC100556641,minus,100556641,
NC_014780.1,108485675,108496359,tradd,plus,100556836,
NC_014780.1,108501908,108517571,b3gnt9,plus,100557030,
NC_014780.1,108526025,108577219,c5h16orf70,minus,100555271,
NC_014780.1,108598791,108624856,cbfb,minus,100555471,
NC_014780.1,108872265,108942116,slc7a2,plus,100562227,
NC_014780.1,108948374,108993635,pdgfrl,plus,100560976,
NC_014780.1,108986888,108997451,LOC107982915,minus,107982915,
NC_014780.1,109054740,109195544,mtus1,minus,100564128,
NC_014780.1,109210591,109263746,fgl1,minus,100564921,
NC_014780.1,109279123,109334116,pcm1,plus,100565116,
NC_014780.1,109335998,109371785,asah1,minus,100565312,
NC_014780.1,109409353,109422030,frg1,minus,100558213,
NC_014780.1,110086402,110090117,LOC103278994,minus,103278994,
NC_014780.1,110216506,110344554,LOC107982916,plus,107982916,
NC_014780.1,110716564,110863754,LOC103278995,minus,103278995,
NC_014780.1,111076608,111093370,LOC103278996,plus,103278996,
NC_014780.1,111281461,111450035,fat1,plus,100559001,
NC_014780.1,111530999,111607686,mtnr1a,plus,100557231,
NC_014780.1,111907307,111913270,LOC103278998,minus,103278998,
NC_014780.1,112145823,112183470,klkb1,minus,100557428,
NC_014780.1,112193658,112228448,LOC100557625,minus,100557625,
NC_014780.1,112228462,112245532,LOC103278999,plus,103278999,
NC_014780.1,112252970,112300707,fam149a,minus,100557821,
NC_014780.1,112306525,112319580,tlr3,minus,100558018,
NC_014780.1,112368340,112368957,LOC107982951,minus,107982951,
NC_014780.1,112492779,112729994,sorbs2,plus,100558409,
NC_014780.1,112497538,112510747,LOC103279000,minus,103279000,
NC_014780.1,112754095,112798075,pdlim3,plus,100561175,
NC_014780.1,112811866,112829747,ccdc110,plus,100558608,
NC_014780.1,112830588,112857188,c5h4orf47,minus,100561642,
NC_014780.1,112838422,112842467,LOC107982917,plus,107982917,
NC_014780.1,112857306,112873934,ufsp2,plus,100561832,
NC_014780.1,112873939,112900877,ankrd37,minus,100558803,
NC_014780.1,112885767,112904317,lrp2bp,plus,100562027,
NC_014780.1,112906518,112977062,snx25,minus,100562558,
NC_014780.1,112982507,113003910,cfap97,plus,100562952,
NC_014780.1,113005710,113017360,slc25a4,minus,100563345,
NC_014780.1,113066356,113072763,helt,minus,100563540,
NC_014780.1,113179314,113229106,acsl1,plus,100563733,
NC_014780.1,113234287,113253554,cenpu,plus,100559196,
NC_014780.1,113253291,113287422,primpol,minus,100559397,
NC_014780.1,113295242,113301403,casp3,plus,100563931,
NC_014780.1,113331970,113388470,irf2,plus,100559594,
NC_014780.1,113338751,113357091,LOC107982918,minus,107982918,
NC_014780.1,113434480,113487574,enpp6,plus,100559791,
NC_014780.1,113508434,113668896,stox2,minus,100564325,
NC_014780.1,113677239,113719026,trappc11,minus,100564523,
NC_014780.1,113719255,113724748,rwdd4,plus,100564723,
NC_014780.1,113731721,113743927,LOC103279002,plus,103279002,
NC_014780.1,113748558,113807545,LOC100559988,plus,100559988,
NC_014780.1,113808667,113817209,ing2,minus,100560186,
NC_014780.1,113825887,113831625,cdkn2aip,minus,100560384,
NC_014780.1,113895487,113899669,cldn24,plus,100560583,
NC_014780.1,113900683,114094078,wwc2,minus,100560780,
NC_014780.1,114144589,114338911,tenm3,minus,100566619,
NC_014780.1,115113978,115114071,mir5409,minus,104794213,microRNA 5409
NC_014780.1,115652377,115652843,LOC100565508,minus,100565508,
NC_014780.1,116893472,116911465,aga,plus,100565704,
NC_014780.1,116927740,116966885,neil3,minus,100566810,
NC_014780.1,117146077,117197200,LOC103279004,plus,103279004,
NC_014780.1,117244430,117296515,vegfc,plus,100565904,
NC_014780.1,117375733,117390396,spcs3,minus,100566105,
NC_014780.1,117390470,117430065,asb5,plus,100567202,
NC_014780.1,117439595,117447194,spata4,plus,100567399,
NC_014780.1,117448195,117534005,wdr17,minus,100566305,
NC_014780.1,117640365,117745829,znf827,plus,100557101,
NC_014780.1,117751033,117769565,c5h4orf51,minus,100554109,
NC_014780.1,117777257,117789614,mmaa,minus,100557298,
NC_014780.1,117792043,117840227,smad1,minus,100556712,
NC_014780.1,117906381,117944357,otud4,plus,100557695,
NC_014780.1,117945866,117960795,abce1,minus,100568180,
NC_014780.1,117972600,118002318,anapc10,plus,100552925,
NC_014780.1,118048462,118130000,hhip,minus,100557894,
NC_014780.1,118344026,118354011,LOC107982919,minus,107982919,
NC_014780.1,118414488,118508777,frem3,plus,100558089,
NC_014780.1,118512246,118538089,smarca5,minus,100558283,
NC_014780.1,118552615,118660162,gab1,minus,100553916,
NC_014780.1,118707372,118731647,usp38,minus,100554298,
NC_014780.1,118817664,118819672,LOC107982949,plus,107982949,
NC_014780.1,118929462,119242355,inpp4b,plus,100567592,
NC_014780.1,119244980,119250869,LOC103279005,minus,103279005,
NC_014780.1,119299032,119347731,il15,minus,100554686,
NC_014780.1,119412325,119431775,znf330,minus,100554882,
NC_014780.1,119460678,119580220,rnf150,plus,100555074,
NC_014780.1,119587785,119590348,LOC107982921,minus,107982921,
NC_014780.1,119609305,119698292,tbc1d9,plus,100555272,
NC_014780.1,119683177,119701047,elmod2,minus,100567788,
NC_014780.1,119717565,119755489,mgat4d,plus,100567983,
NC_014780.1,119762644,119785515,clgn,plus,100555609,
NC_014780.1,119787087,119808526,scoc,minus,100555802,
NC_014780.1,119847374,120164683,maml3,plus,100551739,
NC_014780.1,120206048,120230308,setd7,plus,100551939,
NC_014780.1,120240216,120255479,LOC100555997,plus,100555997,
NC_014780.1,120260114,120268468,rab33b,minus,100552135,
NC_014780.1,120271077,120306855,naa15,minus,100552331,
NC_014780.1,120312068,120320000,ndufc1,plus,100552529,
NC_014780.1,120322957,120342402,mgarp,plus,103279006,
NC_014780.1,120373629,120420039,elf2,plus,100556195,
NC_014780.1,120424896,120430351,noct,minus,100556517,
NC_014780.1,120570830,120587645,LOC103279008,minus,103279008,
NC_014780.1,120681843,120752001,slc7a11,plus,100556907,
NC_014780.1,121202491,121211554,pcdh18,plus,100553125,
NC_014780.1,121326097,121348398,LOC103279009,minus,103279009,
NC_014780.1,123126815,123150550,LOC103279010,minus,103279010,
NC_014780.1,123243093,123244911,LOC100553318,minus,100553318,
NC_014780.1,123439215,123440058,LOC100553514,minus,100553514,
NC_014780.1,123917681,123992526,pcdh10,minus,100553715,
NC_014780.1,124048848,124069271,LOC103279012,minus,103279012,
NC_014780.1,124955241,124967199,atm,plus,100560063,
NC_014780.1,124967279,124987054,c5h11orf65,minus,103279016,
NC_014780.1,124997019,125026674,kdelc2,minus,100560260,
NC_014780.1,125031973,125134022,exph5,minus,103279017,
NC_014780.1,125140430,125365517,ddx10,plus,100560458,
NC_014780.1,125463047,125478167,apela,minus,103279019,
NC_014780.1,125867395,126020428,march1,plus,100560851,
NC_014780.1,126023560,126056944,tma16,minus,100559664,
NC_014780.1,126085539,126090140,npy5r,minus,100561049,
NC_014780.1,126138791,126158067,npy1r,plus,100561643,
NC_014780.1,126218303,126240020,naf1,plus,103279020,
NC_014780.1,126700468,127158848,fstl5,plus,100561248,
NC_014780.1,127288809,127302815,LOC103279021,minus,103279021,
NC_014780.1,127303062,127310052,LOC103279022,plus,103279022,
NC_014780.1,127596606,127598145,LOC100561445,plus,100561445,
NC_014780.1,127867081,127885299,LOC103279023,plus,103279023,
NC_014780.1,128003846,128065283,rapgef2,minus,100561833,
NC_014780.1,128079797,128219226,LOC103279024,minus,103279024,
NC_014780.1,128255091,128290073,c5h4orf45,plus,107982922,
NC_014780.1,128289906,128345245,fnip2,minus,100562028,
NC_014780.1,128350570,128358591,ppid,plus,100567332,
NC_014780.1,128358594,128381786,etfdh,minus,100566942,
NC_014780.1,128385537,128432621,rxfp1,minus,100562228,
NC_014780.1,128484727,128498359,tmem144,minus,100562430,
NC_014780.1,128515664,128538707,fam198b,plus,100567527,
NC_014780.1,128785539,128886692,gria2,minus,100567723,
NC_014780.1,128910585,128955100,glrb,minus,100567921,
NC_014780.1,128997011,129125636,pdgfc,plus,100568114,
NC_014780.1,129426281,129443024,ctso,plus,100562623,
NC_014780.1,129447260,129468684,tdo2,minus,100551544,
NC_014780.1,129480178,129494156,asic5,plus,100562821,
NC_014780.1,129499058,129574713,gucy1b3,minus,100563021,
NC_014780.1,129592620,129640490,gucy1a3,minus,100563220,
NC_014780.1,129659890,129829007,map9,plus,100563410,
NC_014780.1,129922419,129938285,npy2r,minus,100551740,
NC_014780.1,130107816,130131100,rbm46,minus,103279025,
NC_014780.1,130146181,130156684,lrat,minus,100552136,
NC_014780.1,130168274,130222581,LOC103279026,minus,103279026,
NC_014780.1,130240177,130249006,fgg,plus,100552332,
NC_014780.1,130255956,130265819,fga,plus,100552530,
NC_014780.1,130269489,130279559,fgb,minus,100552725,
NC_014780.1,130298062,130324466,plrg1,plus,100552926,
NC_014780.1,130384634,130523798,LOC107982923,plus,107982923,
NC_014780.1,130386743,130394988,LOC107982940,plus,107982940,
NC_014780.1,130523637,130594328,dchs2,plus,100563608,
NC_014780.1,130781882,130794913,sfrp2,plus,100563804,
NC_014780.1,130807693,130814983,tlr2,minus,100564001,
NC_014780.1,130970087,130989468,LOC100564196,minus,100564196,
NC_014780.1,130995346,131081620,kiaa0922,minus,100564590,
NC_014780.1,131116831,131146441,mnd1,minus,100553248,
NC_014780.1,131151454,131229439,trim2,minus,100553446,
NC_014780.1,131197543,131217187,LOC107982924,plus,107982924,
NC_014780.1,131353284,131411142,fhdc1,minus,100564791,
NC_014780.1,131438068,131491775,arfip1,minus,100553776,
NC_014780.1,131497293,131499257,tigd4,plus,100564987,
NC_014780.1,131531120,131571147,tmem154,plus,103279027,
NC_014780.1,131611060,131765315,fbxw7,plus,100554110,
NC_014780.1,132225762,132294213,gatb,plus,100565179,
NC_014780.1,132300916,132401709,fam160a1,minus,100565377,
NC_014780.1,132471421,132529563,sh3d19,plus,100565576,
NC_014780.1,132534651,132541549,rps3a,minus,100554430,
NC_014780.1,132570064,132978148,lrba,plus,100565769,
NC_014780.1,132813748,132816124,mab21l2,minus,100558479,
NC_014780.1,132978418,133091072,dclk2,minus,100565968,
NC_014780.1,133157369,133303084,LOC100558679,plus,100558679,
NC_014780.1,133324915,133325253,LOC103279033,plus,103279033,
NC_014780.1,133739825,133917397,nr3c2,plus,100566367,
NC_014780.1,133920016,134069297,arhgap10,minus,100558874,
NC_014780.1,134071939,134094934,prmt9,plus,100566556,
NC_014780.1,134094863,134107877,tmem184c,minus,100566749,
NC_014780.1,134133109,134174933,ednra,minus,100559070,
NC_014780.1,134165921,134228762,LOC103279029,plus,103279029,
NC_014780.1,134380054,134486331,ttc29,plus,100559267,
NC_014780.1,134425784,134470601,LOC103279030,minus,103279030,
NC_014780.1,134533192,134534351,pou4f2,minus,100559467,
NC_014780.1,134591751,134750100,slc10a7,plus,100567138,
NC_014780.1,134773247,134780182,LOC103279031,minus,103279031,
NC_014780.1,134782097,134794450,LOC103279034,minus,103279034,
NC_014780.1,134798339,134811285,lsm6,minus,100559863,
NC_014780.1,134811294,134838810,LOC103279032,plus,103279032,
NC_014780.1,135073509,135085072,LOC103279035,minus,103279035,
NC_014780.1,135273462,135279485,LOC107982925,plus,107982925,
NC_014780.1,135348696,135521904,LOC107982941,plus,107982941,
NC_014780.1,135912542,135926370,LOC100565378,minus,100565378,
NC_014780.1,135999169,136002019,LOC107982926,plus,107982926,
NC_014780.1,136000514,136090680,jade1,minus,100556320,
NC_014780.1,136005061,136008397,LOC103279036,plus,103279036,
NC_014780.1,136204477,136266021,LOC103279037,minus,103279037,
NC_014780.1,136266155,136284215,pgrmc2,plus,100556518,
NC_014780.1,136287073,136339291,larp1b,minus,100556713,
NC_014780.1,136343462,136362531,abhd18,minus,100556908,
NC_014780.1,136362679,136378042,mfsd8,plus,100557299,
NC_014780.1,136381811,136404124,plk4,minus,100557501,
NC_014780.1,136412548,136443766,hspa4l,minus,100557102,
NC_014780.1,136460521,136473549,slc25a31,minus,100557696,
NC_014780.1,136476544,136519672,intu,minus,100557895,
NC_014780.1,136534350,136555436,LOC103279038,minus,103279038,
NC_014780.1,136703841,136709969,LOC103279039,minus,103279039,
NC_014780.1,137390488,137552516,fat4,minus,100558090,
NC_014780.1,137830474,137834352,LOC107982927,plus,107982927,
NC_014780.1,137834616,137888235,ankrd50,plus,100558284,
NC_014780.1,138153675,138163133,LOC103279041,minus,103279041,
NC_014780.1,138345393,138352927,spry1,minus,100558480,
NC_014780.1,138370065,138550210,spata5,minus,100558680,
NC_014780.1,138550265,138567397,nudt6,plus,100558875,
NC_014780.1,138567584,138595629,fgf2,minus,100559071,
NC_014780.1,138648937,138652594,bbs12,minus,100559268,
NC_014780.1,138652850,138659122,LOC100564988,plus,100564988,
NC_014780.1,138672948,138677828,LOC107982928,plus,107982928,
NC_014780.1,138691482,138695215,LOC107982929,plus,107982929,
NC_014780.1,138701725,138715467,adad1,minus,100559468,
NC_014780.1,138723082,138858870,kiaa1109,minus,100565180,
NC_014780.1,138907568,139007727,trpc3,plus,100559665,
NC_014780.1,139012875,139033457,bbs7,plus,100565577,
NC_014780.1,139042624,139050818,ccna2,plus,100559864,
NC_014780.1,139051992,139064966,exosc9,minus,100565770,
NC_014780.1,139098163,139105851,LOC103279042,plus,103279042,
NC_014780.1,139121877,139155685,anxa5,plus,100565969,
NC_014780.1,139234439,139274873,qrfpr,plus,100560064,
NC_014780.1,139310197,139362796,tnip3,plus,103279043,
NC_014780.1,139411303,139450285,ndnf,plus,100566168,
NC_014780.1,139479803,139579603,prdm5,plus,100560261,
NC_014780.1,139770894,139791415,rec114,minus,100566368,
NC_014780.1,139785586,139788194,LOC107982930,plus,107982930,
NC_014780.1,139791496,139797699,mad2l1,plus,100566557,
NC_014780.1,139799398,139807169,rpl7l1,minus,100566750,
NC_014780.1,139878967,139971065,pde5a,plus,100560459,
NC_014780.1,140027205,140032736,fabp2,plus,100566943,
NC_014780.1,140035985,140041187,LOC103279044,plus,103279044,
NC_014780.1,140045188,140085794,usp53,minus,100560654,
NC_014780.1,140095125,140128435,myoz2,minus,100567139,
NC_014780.1,140174522,140294851,synpo2,minus,100567593,
NC_014780.1,140305640,140373406,sec24d,plus,100560852,
NC_014780.1,140376139,140395862,mettl14,minus,100567789,
NC_014780.1,140419991,140487817,prss12,plus,100561050,
NC_014780.1,140506191,140599552,LOC100568181,minus,100568181,
NC_014780.1,141094147,141116849,LOC103279045,plus,103279045,
NC_014780.1,141822035,141970535,LOC100551610,plus,100551610,
NC_014780.1,141928867,141946583,LOC103279046,minus,103279046,
NC_014780.1,142020861,142072293,ugt8,minus,100551810,
NC_014780.1,142267294,142309679,arsj,plus,100561249,
NC_014780.1,142351245,142537817,camk2d,plus,100552004,
NC_014780.1,142554707,142712464,ank2,minus,100561446,
NC_014780.1,142951016,142980754,larp7,minus,100552858,
NC_014780.1,142962973,142963049,mir302b,plus,104797436,microRNA 302b
NC_014780.1,142964147,142964214,mir367,plus,104794182,microRNA 367
NC_014780.1,142980912,143031897,zgrf1,plus,100561644,
NC_014780.1,143044488,143049303,neurog2,plus,100561834,
NC_014780.1,143079902,143154960,alpk1,minus,100562029,
NC_014780.1,143143954,143146603,LOC107982931,plus,107982931,
NC_014780.1,143154028,143159684,LOC100562229,plus,100562229,
NC_014780.1,143161677,143185357,ap1ar,minus,100562431,
NC_014780.1,143200175,143221280,c5h4orf32,minus,103279050,
NC_014780.1,143896358,143978256,pitx2,plus,100554819,
NC_014780.1,144017975,144066460,enpep,minus,100562624,
NC_014780.1,144157864,144255051,elovl6,plus,100555143,
NC_014780.1,144281847,144288029,LOC103279051,plus,103279051,
NC_014780.1,144291614,144342513,egf,minus,100562822,
NC_014780.1,144344715,144355743,lrit3,minus,100563022,
NC_014780.1,144351107,144357699,LOC103279052,plus,103279052,
NC_014780.1,144365556,144373639,rrh,minus,100563221,
NC_014780.1,144376845,144383962,gar1,minus,100563411,
NC_014780.1,144387352,144403891,cfi,plus,100555342,
NC_014780.1,144409553,144427680,LOC100563609,plus,100563609,
NC_014780.1,144432551,144442554,pla2g12a,plus,100563805,
NC_014780.1,144451260,144467906,casp6,plus,100564002,
NC_014780.1,144467824,144547545,ccdc109b,minus,100564197,
NC_014780.1,144554584,144606523,sec24b,minus,100564393,
NC_014780.1,144665621,145013029,col25a1,plus,100564591,
NC_014780.1,144844198,144905194,LOC103279053,minus,103279053,
NC_014780.1,144854927,144858731,LOC107982932,plus,107982932,
NC_014780.1,145031635,145049615,etnppl,plus,100564792,
NC_014780.1,145076070,145081991,ostc,minus,100555541,
NC_014780.1,145085306,145091012,rpl34,minus,100555733,
NC_014780.1,145091041,145116430,LOC103279055,plus,103279055,
NC_014780.1,145397109,145413905,paqr3,plus,100555860,
NC_014780.1,145415013,145455211,bmp2k,minus,100556054,
NC_014780.1,145527832,145556240,anxa3,minus,100553060,
NC_014780.1,145562125,145712258,fras1,minus,100556252,
NC_014780.1,145573289,145579320,LOC103279057,minus,103279057,
NC_014780.1,145716111,145987088,LOC107982942,minus,107982942,
NC_014780.1,146013312,146029469,mrpl1,minus,100553249,
NC_014780.1,146041608,146092729,cnot6l,plus,100556448,
NC_014780.1,146095714,146099486,cxcl13,minus,103279058,
NC_014780.1,146115903,146123859,LOC103279059,minus,103279059,
NC_014780.1,146143032,146163632,ccng2,minus,100556642,
NC_014780.1,146204655,146243152,ccni,plus,103279060,
NC_014780.1,146226504,146228077,LOC107982933,minus,107982933,
NC_014780.1,146251805,146379035,sept11,minus,100556837,
NC_014780.1,146413215,146416551,sowahb,plus,100557031,
NC_014780.1,146456063,146462660,LOC100553447,plus,100553447,
NC_014780.1,146473370,146691202,shroom3,minus,100557232,
NC_014780.1,146773143,146818155,ccdc158,plus,100557429,
NC_014780.1,146822354,146828662,stbd1,minus,103279061,
NC_014780.1,146836140,146856917,LOC100557626,minus,100557626,
NC_014780.1,146878142,146907354,scarb2,plus,100557822,
NC_014780.1,146913336,146928770,nup54,plus,100553647,
NC_014780.1,146931643,146972199,ppef2,minus,100558019,
NC_014780.1,146980411,146993226,naaa,minus,100558214,
NC_014780.1,147007880,147028060,sdad1,minus,100558410,
NC_014780.1,147036129,147040220,LOC100553847,minus,100553847,
NC_014780.1,147048068,147069982,LOC103279063,plus,103279063,
NC_014780.1,147070266,147078345,LOC100554042,minus,100554042,
NC_014780.1,147078313,147087191,jchain,minus,100554359,
NC_014780.1,147095958,147097542,utp3,plus,100558609,
NC_014780.1,147100238,147160743,rufy3,plus,100558804,
NC_014780.1,147162669,147174854,grsf1,minus,100559002,
NC_014780.1,147183544,147217608,mob1b,plus,100559197,
NC_014780.1,147221755,147234565,dck,plus,100554557,
NC_014780.1,147321193,147546535,slc4a4,plus,100559398,
NC_014780.1,147575915,147604129,gc,minus,100554750,
NC_014780.1,147692777,147696005,LOC100554951,minus,100554951,
NC_014780.1,147693977,147808846,npffr2,plus,100555144,
NC_014780.1,147965916,148098350,adamts3,minus,100559595,
NC_014780.1,148201415,148214750,suclg1,plus,100559792,
NC_014780.1,148611369,148621289,LOC103279064,minus,103279064,
NC_014780.1,148669017,148680432,LOC107982934,plus,107982934,
NC_014780.1,149656757,150374620,ctnna2,minus,100555343,
NC_014780.1,149918741,149920688,lrrtm1,plus,100555666,
NC_014780.1,150133830,150134823,LOC103279066,plus,103279066,
NC_014780.1,150166399,150173717,LOC103279065,minus,103279065,
NC_014780.1,150626055,150627715,LOC103279069,minus,103279069,
