"Genes, NCBI Danio rerio Annotation Release 106, 2017-06-26"
Accession,Start,Stop,Gene symbol,Strand,NCBI Gene ID,Name
NC_007130.7,7309,10852,LOC100331367,minus,100331367,
NC_007130.7,11384,11988,LOC103911034,minus,103911034,
NC_007130.7,40470,62053,LOC100331704,plus,100331704,
NC_007130.7,63254,68058,LOC101883792,plus,101883792,
NC_007130.7,69238,72398,dnajc8,minus,724001,"DnaJ (Hsp40) homolog, subfamily C, member 8"
NC_007130.7,74326,82497,hnrnpr,minus,406735,heterogeneous nuclear ribonucleoprotein R
NC_007130.7,83166,83237,trnaw-cca,plus,108180174,
NC_007130.7,84052,85579,atpif1a,minus,100037369,ATPase inhibitory factor 1a
NC_007130.7,92570,107314,adgrb1b,minus,100302472,
NC_007130.7,115343,121934,LOC101886447,plus,101886447,
NC_007130.7,122780,129053,LOC100536156,plus,100536156,
NC_007130.7,135286,169964,tatdn1,plus,100151626,TatD DNase domain containing 1
NC_007130.7,156732,163749,LOC101883470,plus,101883470,
NC_007130.7,170086,175977,rnf139,plus,100144552,ring finger protein 139
NC_007130.7,177429,185662,tmem65,plus,100005403,transmembrane protein 65
NC_007130.7,189636,204741,zbtb22a,minus,566513,
NC_007130.7,205851,212228,scn1bb,plus,100005325,"sodium channel, voltage-gated, type I, beta b"
NC_007130.7,222629,277204,syngap1a,plus,100034485,
NC_007130.7,294758,307715,lingo4a,minus,100005227,leucine rich repeat and Ig domain containing 4a
NC_007130.7,310085,317527,ctss1,plus,393398,"cathepsin S, ortholog 1"
NC_007130.7,317629,325595,gpd1c,minus,406615,glycerol-3-phosphate dehydrogenase 1c
NC_007130.7,330064,340349,golph3l,minus,569617,golgi phosphoprotein 3-like
NC_007130.7,341978,344204,ensaa,plus,569530,endosulfine alpha a
NC_007130.7,348899,353231,mcl1a,plus,58122,"MCL1, BCL2 family apoptosis regulator a"
NC_007130.7,366225,371568,vps72,plus,100001285,vacuolar protein sorting 72 homolog (S. cerevisiae)
NC_007130.7,373811,379750,tnfaip8l2a,minus,723996,"tumor necrosis factor, alpha-induced protein 8-like 2a"
NC_007130.7,390297,417381,sema6d,plus,406272,"sema domain, transmembrane domain (TM), and cytoplasmic domain, (semaphorin) 6D"
NC_007130.7,420442,432083,dus3l,minus,393647,dihydrouridine synthase 3-like (S. cerevisiae)
NC_007130.7,432620,438267,mterf1,minus,100536997,
NC_007130.7,440346,586328,akap9,plus,565037,
NC_007130.7,591369,592662,si:ch1073-440p11.2,minus,100333886,
NC_007130.7,598657,617175,cyp51,minus,414331,"cytochrome P450, family 51"
NC_007130.7,619260,627153,nupl2,plus,406491,nucleoporin like 2
NC_007130.7,627860,642873,tert,plus,796551,telomerase reverse transcriptase
NC_007130.7,645872,657429,slc6a18,minus,100141332,"solute carrier family 6 (neutral amino acid transporter), member 18"
NC_007130.7,663796,677715,slc6a19a.1,minus,553256,"solute carrier family 6 (neutral amino acid transporter), member 19a, tandem duplicate 1"
NC_007130.7,684411,703944,slc6a19a.2,minus,100334171,
NC_007130.7,711926,768338,fhod3a,plus,564742,
NC_007130.7,770384,775539,gstr,plus,564619,glutathione S-transferase rho
NC_007130.7,776892,791003,msto1,minus,334306,"misato 1, mitochondrial distribution and morphology regulator"
NC_007130.7,791468,798202,tmem79a,plus,796128,transmembrane protein 79a
NC_007130.7,798688,808265,glmp,minus,447841,glycosylated lysosomal membrane protein
NC_007130.7,816214,819259,nrm,plus,570027,nurim (nuclear envelope membrane protein
NC_007130.7,817086,817158,trnak-cuu,plus,108180177,
NC_007130.7,823670,840532,ppp1r18,plus,570052,
NC_007130.7,860825,868299,eomesa,minus,64603,eomesodermin homolog a
NC_007130.7,915535,933540,tgfbr2a,plus,100334928,
NC_007130.7,935485,943573,rnf5,plus,100537822,
NC_007130.7,949462,978005,slc44a4,minus,393385,"solute carrier family 44, member 4"
NC_007130.7,981321,1002959,ehmt2,minus,569250,euchromatic histone-lysine N-methyltransferase 2
NC_007130.7,1003332,1013222,zdhhc3b,plus,777709,"zinc finger, DHHC-type containing 3b"
NC_007130.7,1019784,1022971,LOC100537949,minus,100537949,
NC_007130.7,1097409,1113264,LOC100334085,plus,100334085,
NC_007130.7,1119709,1142118,slc39a4,minus,562762,"solute carrier family 39 (zinc transporter), member 4"
NC_007130.7,1185481,1187316,scrt1a,plus,564658,scratch family zinc finger 1a
NC_007130.7,1330035,1363625,zgc:63863,minus,393372,zgc:63863
NC_007130.7,1370411,1393310,dgat1a,plus,325875,diacylglycerol O-acyltransferase 1a
NC_007130.7,1393358,1405575,cfap20,minus,393784,cilia and flagella associated protein 20
NC_007130.7,1406259,1413831,osxm,minus,564649,
NC_007130.7,1414604,1421857,btr29,plus,797384,"bloodthirsty-related gene family, member 29"
NC_007130.7,1422884,1433626,LOC100149991,plus,100149991,
NC_007130.7,1435878,1479738,trpn1,plus,368273,"transient receptor potential cation channel, subfamily N, member 1"
NC_007130.7,1492457,1494071,LOC100329768,plus,100329768,
NC_007130.7,1508156,1566733,LOC100329687,plus,100329687,
NC_007130.7,1605193,1621034,lrrc3b,plus,100037364,leucine rich repeat containing 3B
NC_007130.7,1658698,1685878,klhl7,plus,393851,kelch-like family member 7
NC_007130.7,1688800,1737515,dennd3a,plus,797970,
NC_007130.7,1743043,1848494,ptk2aa,plus,386705,protein tyrosine kinase 2aa
NC_007130.7,1852270,1855351,rplp1,minus,336719,"ribosomal protein, large, P1"
NC_007130.7,1856250,1871185,clptm1l,minus,436653,CLPTM1-like
NC_007130.7,1872810,1877751,snrpd1,plus,192331,small nuclear ribonucleoprotein D1 polypeptide
NC_007130.7,1878500,1881108,ggcta,plus,100149204,gamma-glutamyl cyclotransferase a
NC_007130.7,1881076,1926363,si:ch211-149a19.3,minus,568118,
NC_007130.7,1934481,1947541,znrf2a,minus,100124611,zinc and ring finger 2a
NC_007130.7,1953540,1961024,mturn,minus,792465,UPF0452 protein C7orf41 homolog
NC_007130.7,1963708,1998423,sh3bp5a,plus,555222,
NC_007130.7,1999935,2004248,btd,plus,555376,biotinidase
NC_007130.7,2004930,2008192,LOC101885216,minus,101885216,
NC_007130.7,2009495,2046777,LOC100535451,minus,100535451,
NC_007130.7,2064162,2114987,snx13,minus,503733,
NC_007130.7,2119376,2171522,LOC100332699,plus,100332699,
NC_007130.7,2229165,2231188,twist1a,minus,30175,twist family bHLH transcription factor 1a
NC_007130.7,2234907,2236636,ferd3l,minus,110438133,
NC_007130.7,2275037,2307401,itgb8,plus,556752,
NC_007130.7,2315213,2318325,sp8a,minus,321264,sp8 transcription factor a
NC_007130.7,2395117,2404147,twistnb,minus,402856,TWIST neighbor
NC_007130.7,2407747,2421416,tmem196,minus,798466,
NC_007130.7,2537225,2537807,LOC103909188,minus,103909188,
NC_007130.7,2547215,2560647,sp4,plus,387291,sp4 transcription factor
NC_007130.7,2565977,2567448,LOC103909189,minus,103909189,
NC_007130.7,2569155,2582864,cdca7b,minus,572007,
NC_007130.7,2590179,2594360,si:ch73-345f18.3,plus,100334727,
NC_007130.7,2602852,2664925,fam126a,plus,402926,"family with sequence similarity 126, member A"
NC_007130.7,2668371,2683852,si:ch73-24k9.2,plus,100332228,
NC_007130.7,2685779,2695429,tomm7,plus,751649,translocase of outer mitochondrial membrane 7 homolog (yeast)
NC_007130.7,2699136,2707048,il6,minus,100885851,"interleukin 6 (interferon, beta 2)"
NC_007130.7,2724188,2762175,rapgef5a,plus,100331732,
NC_007130.7,2727104,2737117,LOC103909190,minus,103909190,
NC_007130.7,2769330,2789018,LOC100536924,plus,100536924,
NC_007130.7,2792253,2822317,recql4,minus,567383,
NC_007130.7,2823611,2834320,limd1b,minus,798800,
NC_007130.7,2835327,2854052,cdcp1b,plus,560859,
NC_007130.7,2857096,2861545,clec3bb,minus,100537161,
NC_007130.7,2866948,2875964,exosc7,minus,550247,exosome component 7
NC_007130.7,2876106,2887181,hgh1,plus,436795,HGH1 homolog (S. cerevisiae)
NC_007130.7,2930373,3056048,bop1,minus,777627,block of proliferation 1
NC_007130.7,3001428,3009574,scxa,plus,100034489,scleraxis bHLH transcription factor a
NC_007130.7,3056412,3084637,hsf1,plus,58123,heat shock transcription factor 1
NC_007130.7,3086851,3123981,si:ch211-80h18.1,minus,555593,si:ch211-80h18.1
NC_007130.7,3137515,3167850,stm,minus,386700,starmaker
NC_007130.7,3186669,3193917,si:ch211-133n4.6,minus,797776,si:ch211-133n4.6
NC_007130.7,3206268,3232710,zgc:86598,plus,415254,zgc:86598
NC_007130.7,3237790,3240579,si:ch211-133n4.4,minus,559260,si:ch211-133n4.4
NC_007130.7,3243163,3244455,zgc:158445,minus,798069,
NC_007130.7,3247555,3255694,illr1,minus,677756,"immune-related, lectin-like receptor 1"
NC_007130.7,3258680,3265504,LOC101885796,minus,101885796,
NC_007130.7,3266957,3272998,illr3,minus,677740,"immune-related, lectin-like receptor 3"
NC_007130.7,3275361,3278775,illr2,minus,100147856,"immune-related, lectin-like receptor 2"
NC_007130.7,3285260,3288396,LOC101885869,minus,101885869,
NC_007130.7,3292374,3298384,si:ch211-133n4.7,minus,101885926,
NC_007130.7,3300795,3304038,si:ch211-133n4.9,minus,100000061,
NC_007130.7,3376430,3381402,edn1,minus,58032,endothelin 1
NC_007130.7,3386134,3488522,hivep1,minus,100000517,
NC_007130.7,3539126,3574280,tmem170b,minus,100001035,
NC_007130.7,3573901,3578621,si:dkey-184j23.1,plus,103909191,
NC_007130.7,3653976,3707794,nedd9,plus,768136,"neural precursor cell expressed, developmentally down-regulated 9"
NC_007130.7,3717982,3726768,si:dkey-206d17.5,minus,100190889,si:dkey-206d17.5
NC_007130.7,3729008,3751897,btr22,minus,100144555,
NC_007130.7,3762876,3773944,btr20,minus,678596,
NC_007130.7,3776240,3782207,LOC100536410,minus,100536410,
NC_007130.7,3784726,3789733,btr18,minus,571162,
NC_007130.7,3803437,3821678,si:dkey-206d17.12,minus,563108,si:dkey-206d17.12
NC_007130.7,3826741,3843330,oscp1a,plus,100002307,organic solute carrier partner 1a
NC_007130.7,3840963,3843330,lsm10,plus,100536270,
NC_007130.7,3849484,3862376,eva1bb,plus,798034,eva-1 homolog Bb (C. elegans)
NC_007130.7,3865182,3887183,thrap3b,minus,407984,thyroid hormone receptor associated protein 3b
NC_007130.7,3890109,3896575,si:ch73-281i18.3,minus,100330519,
NC_007130.7,3899887,3906372,si:dkeyp-13a3.8,minus,100318116,
NC_007130.7,3909622,3916076,si:ch73-281i18.7,minus,100535123,
NC_007130.7,3919379,3925794,si:ch73-281i18.6,minus,100330842,
NC_007130.7,3929084,4010263,map7d1b,minus,796270,MAP7 domain containing 1b
NC_007130.7,3990804,3995523,LOC100149327,minus,100149327,
NC_007130.7,4016702,4023050,stpg1,minus,100002345,sperm-tail PG-rich repeat containing 1
NC_007130.7,4024423,4033042,meaf6,plus,445300,MYST/Esa1-associated factor 6
NC_007130.7,4033163,4047440,btr23,plus,100334710,
NC_007130.7,4051012,4057708,btr24,plus,100000030,
NC_007130.7,4059158,4065407,btr25,plus,571141,
NC_007130.7,4066387,4071777,btr26,plus,100149795,
NC_007130.7,4072829,4083661,zgc:173581,plus,100137104,
NC_007130.7,4089494,4118384,fhl3b,minus,555053,four and a half LIM domains 3b
NC_007130.7,4126905,4137087,rragcb,minus,100000325,Ras-related GTP binding Cb
NC_007130.7,4139021,4446064,si:dkey-218f9.10,plus,100002630,
NC_007130.7,4464249,4531049,kcnk9,plus,799704,"potassium channel, subfamily K, member 9"
NC_007130.7,4556645,4560760,LOC103909194,plus,103909194,
NC_007130.7,4737576,4737664,mir30a,plus,100628953,microRNA 30a
NC_007130.7,4738706,4744507,LOC100334439,minus,100334439,
NC_007130.7,4745319,4759474,st3gal1l2,minus,751766,
NC_007130.7,4759523,4768119,LOC101886161,plus,101886161,
NC_007130.7,4773111,4790363,st3gal1,minus,553279,
NC_007130.7,4799936,4813756,st3gal1l,plus,553280,
NC_007130.7,4827847,4851449,fbxl20,minus,100331130,
NC_007130.7,4856272,4905342,cdk12,plus,100149834,
NC_007130.7,4912820,4959375,ppp1r1b,plus,100884132,"protein phosphatase 1, regulatory (inhibitor) subunit 1B"
NC_007130.7,4968947,4985996,stard3,plus,63998,StAR-related lipid transfer (START) domain containing 3
NC_007130.7,4990319,4998944,zgc:91968,plus,431714,zgc:91968
NC_007130.7,5000885,5058908,chd4a,minus,558344,chromodomain helicase DNA binding protein 4a
NC_007130.7,5072913,5091687,eno2,plus,402874,enolase 2
NC_007130.7,5094230,5103247,tpi1a,minus,192309,triosephosphate isomerase 1a
NC_007130.7,5106226,5125626,gnb3b,minus,406483,"guanine nucleotide binding protein (G protein), beta polypeptide 3b"
NC_007130.7,5135092,5151570,si:dkey-89b17.4,plus,336271,
NC_007130.7,5163938,5254380,stx1b,minus,58038,syntaxin 1B
NC_007130.7,5259545,5264517,prf1.3,minus,559849,perforin 1.3
NC_007130.7,5291746,5307831,si:dkeyp-113d7.10,plus,100003103,
NC_007130.7,5315992,5320330,si:dkeyp-113d7.1,plus,407709,si:dkeyp-113d7.1
NC_007130.7,5324648,5332826,krt1-19d,minus,664718,
NC_007130.7,5339364,5345930,krtt1c19e,minus,553371,keratin type 1 c19e
NC_007130.7,5349915,5351980,krt92,minus,550522,keratin 92
NC_007130.7,5356421,5358430,cyt1l,minus,792062,"type I cytokeratin, enveloping layer, like"
NC_007130.7,5362564,5364596,cyt1,minus,30327,"type I cytokeratin, enveloping layer"
NC_007130.7,5367425,5369465,krt17,minus,100034647,keratin 17
NC_007130.7,5378563,5380696,krt91,minus,445051,keratin 91
NC_007130.7,5418053,5421610,eif1b,plus,322237,eukaryotic translation initiation factor 1B
NC_007130.7,5480235,5595667,jupb,plus,100330886,
NC_007130.7,5604186,5621307,wipf2b,plus,415255,"WAS/WASL interacting protein family, member 2b"
NC_007130.7,5637414,5642842,ft2,plus,792063,"alpha(1,3)fucosyltransferase gene 2"
NC_007130.7,5651118,5657304,ft1,plus,30683,"alpha(1,3)fucosyltransferase gene 1"
NC_007130.7,5659526,5669056,si:ch211-264f5.2,minus,570749,si:ch211-264f5.2
NC_007130.7,5674893,5687749,pdk2b,plus,393971,"pyruvate dehydrogenase kinase, isozyme 2b"
NC_007130.7,5690933,5699682,zgc:174904,minus,564690,zgc:174904
NC_007130.7,5729472,5769723,si:ch211-264f5.6,minus,100319064,
NC_007130.7,5779102,5977005,LOC100331381,minus,100331381,
NC_007130.7,6050907,6057586,LOC103909195,minus,103909195,
NC_007130.7,6059671,6083800,gsk3aa,minus,560194,glycogen synthase kinase 3 alpha a
NC_007130.7,6085784,6134788,cica,minus,560266,
NC_007130.7,6141912,6193497,erf,minus,560416,Ets2 repressor factor
NC_007130.7,6213671,6303878,LOC100537384,minus,100537384,
NC_007130.7,6328245,6385541,atp1a3a,minus,64610,"ATPase, Na+/K+ transporting, alpha 3a polypeptide"
NC_007130.7,6446626,6776602,pvrl2l,minus,560933,poliovirus receptor-related 2 like
NC_007130.7,6832873,6844162,tcf19l,minus,558431,
NC_007130.7,6851731,6882111,LOC100004582,minus,100004582,
NC_007130.7,6891918,6901348,zgc:162972,plus,558355,
NC_007130.7,6904132,6908287,si:ch1073-127d16.1,plus,101883863,
NC_007130.7,6910319,6923360,si:ch73-367f21.4,plus,560465,
NC_007130.7,6928182,6934662,si:ch73-367f21.6,plus,100005030,
NC_007130.7,6938261,6957405,flot1a,plus,561345,flotillin 1a
NC_007130.7,6965666,6988852,znf384l,minus,368610,zinc finger protein 384 like
NC_007130.7,6987536,6988985,LOC103909200,plus,103909200,
NC_007130.7,6990977,7000524,kifc1,plus,30453,kinesin family member C1
NC_007130.7,7001171,7006697,zbtb22b,plus,64809,zinc finger and BTB domain containing 22b
NC_007130.7,7013053,7033667,daxx,minus,561006,death-domain associated protein
NC_007130.7,7038708,7043346,tapbp.1,minus,30163,
NC_007130.7,7043620,7051403,mhc1uka,plus,751750,
NC_007130.7,7066494,7070661,tapbp.2,minus,100034470,"TAP binding protein (tapasin), tandem duplicate 2"
NC_007130.7,7072854,7101100,mhc1uba,plus,30757,major histocompatibility complex class I UBA
NC_007130.7,7105838,7110580,psmb8a,minus,30666,proteasome subunit beta 8A
NC_007130.7,7111779,7115175,psmb10,minus,64280,proteasome subunit beta 10
NC_007130.7,7115238,7119451,psmb12,plus,64279,proteasome subunit beta 12
NC_007130.7,7120434,7122373,psmb9a,plus,30665,proteasome subunit beta 9a
NC_007130.7,7124401,7131367,abcb3l1,plus,368771,"ATP-binding cassette, sub-family B (MDR/TAP), member 3 like 1"
NC_007130.7,7154500,7170674,brd2a,plus,30445,bromodomain containing 2a
NC_007130.7,7173871,7179691,hsd17b8,plus,64815,hydroxysteroid (17-beta) dehydrogenase 8
NC_007130.7,7179742,7225228,col11a2,minus,561679,"collagen, type XI, alpha 2"
NC_007130.7,7244838,7273052,rxrba,minus,30530,"retinoid x receptor, beta a"
NC_007130.7,7276064,7291733,sdha,minus,393884,"succinate dehydrogenase complex, subunit A, flavoprotein (Fp)"
NC_007130.7,7292435,7295984,ccdc127b,plus,792067,coiled-coil domain containing 127b
NC_007130.7,7296289,7299019,LOC108180139,plus,108180139,
NC_007130.7,7300134,7307305,sqleb,plus,565329,
NC_007130.7,7309050,7406922,oxr1b,minus,570476,oxidation resistance 1b
NC_007130.7,7408275,7412647,apoa1bp,plus,436891,apolipoprotein A-I binding protein
NC_007130.7,7413606,7420863,rab25a,minus,494098,"RAB25, member RAS oncogene family a"
NC_007130.7,7424358,7430856,sf3b4,plus,192318,"splicing factor 3b, subunit 4"
NC_007130.7,7432710,7441948,gabpb2a,minus,554849,"GA binding protein transcription factor, beta subunit 2a"
NC_007130.7,7445644,7450792,mllt11,minus,563531,"myeloid/lymphoid or mixed-lineage leukemia; translocated to, 11"
NC_007130.7,7453976,7478597,fam63a,plus,563470,"family with sequence similarity 63, member A"
NC_007130.7,7481864,7495245,rfx5,minus,101884332,
NC_007130.7,7495813,7506134,mrpl24,plus,436674,mitochondrial ribosomal protein L24
NC_007130.7,7507329,7513156,prcc,plus,572173,papillary renal cell carcinoma (translocation-associated)
NC_007130.7,7518867,7525403,mrpl9,minus,572170,mitochondrial ribosomal protein L9
NC_007130.7,7527082,7540821,lix1l,minus,572161,Lix1 homolog (mouse)-like
NC_007130.7,7549591,7567239,pbxip1a,plus,563463,
NC_007130.7,7567764,7570475,s100a11,plus,100307070,S100 calcium binding protein A11
NC_007130.7,7575341,7591062,s100u,plus,563060,S100 calcium binding protein U
NC_007130.7,7595884,7609286,s100s,plus,445481,S100 calcium binding protein S
NC_007130.7,7627028,7633062,pygo2,plus,613247,pygopus homolog 2 (Drosophila)
NC_007130.7,7636771,7680083,cgnb,plus,100005752,cingulin b
NC_007130.7,7682120,7691156,si:dkey-204a24.10,minus,100005729,
NC_007130.7,7694482,7707190,si:dkey-204a24.11,minus,101887072,
NC_007130.7,7717436,7748853,tuft1b,plus,100005886,tuftelin 1b
NC_007130.7,7757581,7797957,ubap2l,plus,100034477,ubiquitin associated protein 2-like
NC_007130.7,7799105,7805132,hax1,plus,436609,HCLS1 associated protein X-1
NC_007130.7,7809723,7816886,aqp10b,plus,100034395,aquaporin 10b
NC_007130.7,7819480,7832439,znf687b,minus,100006039,zinc finger protein 687b
NC_007130.7,7835025,7838232,cks1b,plus,445199,CDC28 protein kinase regulatory subunit 1B
NC_007130.7,7844233,7848493,LOC110438136,plus,110438136,
NC_007130.7,7848486,7862109,si:dkeyp-85e10.1,plus,497432,
NC_007130.7,7864175,7886654,si:dkeyp-85e10.2,plus,100034474,si:dkeyp-85e10.2
NC_007130.7,7895239,7923580,si:dkey-266f7.1,plus,100006053,si:dkey-266f7.1
NC_007130.7,7924638,7932468,si:dkey-266f7.4,plus,565661,si:dkey-266f7.4
NC_007130.7,7937680,7950716,si:dkey-266f7.5,plus,100006143,si:dkey-266f7.5
NC_007130.7,7954679,7957848,LOC110438134,plus,110438134,
NC_007130.7,7960468,7968667,LOC108180146,plus,108180146,
NC_007130.7,8086428,8097110,si:dkey-266f7.9,minus,100006223,si:dkey-266f7.9
NC_007130.7,8144160,8336608,efna3a,plus,100006460,
NC_007130.7,8382961,8388450,LOC101885158,minus,101885158,
NC_007130.7,8481802,8520883,efna1a,plus,393569,ephrin-A1a
NC_007130.7,8533966,8536474,dpm3,minus,393782,dolichyl-phosphate mannosyltransferase polypeptide 3
NC_007130.7,8582239,8604410,trim46b,minus,100034631,tripartite motif containing 46b
NC_007130.7,8606883,8608273,s100a10a,plus,449788,S100 calcium binding protein A10a
NC_007130.7,8612839,8647568,snx27a,plus,566205,sorting nexin family member 27a
NC_007130.7,8680580,8732037,si:ch211-39a7.1,minus,566141,si:ch211-39a7.1
NC_007130.7,8743260,8748548,rps27.1,minus,554155,"ribosomal protein S27, isoform 1"
NC_007130.7,8760794,8768692,si:ch73-350k19.1,minus,101885197,
NC_007130.7,8775057,8812837,cers2a,minus,259251,ceramide synthase 2a
NC_007130.7,8816657,8880753,celf3a,minus,57922,"cugbp, Elav-like family member 3a"
NC_007130.7,8893952,8926575,rprd2a,minus,334701,regulation of nuclear pre-mRNA domain containing 2a
NC_007130.7,8928434,8940081,ciarta,minus,564009,circadian associated repressor of transcription a
NC_007130.7,8958624,8962920,mrps21,minus,100073334,mitochondrial ribosomal protein S21
NC_007130.7,8973042,8980033,crabp2b,plus,503502,"cellular retinoic acid binding protein 2, b"
NC_007130.7,8985316,9001483,scamp3,plus,492473,secretory carrier membrane protein 3
NC_007130.7,9004293,9019642,si:ch211-81a5.1,plus,563879,
NC_007130.7,9032338,9086941,ash1l,plus,563799,"ash1 (absent, small, or homeotic)-like (Drosophila)"
NC_007130.7,9091666,9107536,si:ch211-81a5.5,plus,558774,si:ch211-81a5.5
NC_007130.7,9107569,9111508,LOC108180142,minus,108180142,
NC_007130.7,9111548,9144392,setdb1a,plus,553292,"SET domain, bifurcated 1a"
NC_007130.7,9150019,9169225,clk2a,plus,558981,CDC-like kinase 2a
NC_007130.7,9174234,9179421,si:ch211-81a5.8,plus,560648,si:ch211-81a5.8
NC_007130.7,9186165,9208352,hcn3,plus,560709,
NC_007130.7,9212057,9228512,ndufv1,plus,445291,NADH dehydrogenase (ubiquinone) flavoprotein 1
NC_007130.7,9230434,9230506,trnam-cau,minus,108180175,
NC_007130.7,9232171,9275240,kmt2ba,plus,560856,
NC_007130.7,9277346,9291727,si:rp71-15k1.1,plus,322393,si:rp71-15k1.1
NC_007130.7,9295317,9301668,si:ch73-15n24.1,plus,322603,si:ch73-15n24.1
NC_007130.7,9301496,9340136,LOC110437705,plus,110437705,
NC_007130.7,9316323,9318035,LOC103909204,minus,103909204,
NC_007130.7,9324290,9328855,LOC110438140,minus,110438140,
NC_007130.7,9334456,9338671,LOC103909203,minus,103909203,
NC_007130.7,9344143,9364345,si:ch211-288g17.4,plus,795729,
NC_007130.7,9381407,9442266,LOC103909205,plus,103909205,
NC_007130.7,9429857,9429944,mirlet7d-2,plus,100033543,microRNA let7d-2
NC_007130.7,9443772,9443878,mir125a-2,plus,100033635,microRNA 125a-2
NC_007130.7,9455207,9460323,si:ch211-288g17.3,plus,567638,
NC_007130.7,9460431,9472948,vamp1,minus,406707,vesicle-associated membrane protein 1
NC_007130.7,9481261,9503735,iffo1a,minus,561664,
NC_007130.7,9512982,9522548,ing4,minus,322113,"inhibitor of growth family, member 4"
NC_007130.7,9532801,9604777,fam131ba,plus,565996,
NC_007130.7,9611877,9663055,clcn1a,minus,795133,"chloride channel, voltage-sensitive 1a"
NC_007130.7,9666980,9681425,si:dkey-14o18.6,plus,101886109,
NC_007130.7,9685209,9713185,slc2a3a,minus,436916,"solute carrier family 2 (facilitated glucose transporter), member 3a"
NC_007130.7,9731060,9761018,si:dkey-14o18.2,minus,566575,
NC_007130.7,9751017,9799887,cacng6a,plus,100034580,"calcium channel, voltage-dependent, gamma subunit 6a"
NC_007130.7,9771411,9775990,LOC108180147,minus,108180147,
NC_007130.7,9813287,9829965,cacng8a,minus,550428,"calcium channel, voltage-dependent, gamma subunit 8a"
NC_007130.7,9840787,9882917,cacng7a,minus,100034540,"calcium channel, voltage-dependent, gamma subunit 7a"
NC_007130.7,9914145,10082457,grin2da,minus,449864,
NC_007130.7,10178189,10195553,dbpa,minus,565056,D site albumin promoter binding protein a
NC_007130.7,10201165,10214477,znf865,minus,100034513,zinc finger protein 865
NC_007130.7,10217597,10243860,shisa7b,minus,100034520,
NC_007130.7,10252113,10295188,cnot3b,minus,327627,"CCR4-NOT transcription complex, subunit 3b"
NC_007130.7,10299002,10324387,u2af2b,minus,402989,U2 small nuclear RNA auxiliary factor 2b
NC_007130.7,10325367,10331024,ccdc106b,minus,503711,coiled-coil domain containing 106b
NC_007130.7,10331357,10332947,tmem238a,plus,100034506,transmembrane protein 238a
NC_007130.7,10339538,10352579,rcvrn3,plus,572207,recoverin 3
NC_007130.7,10355568,10373937,si:ch211-232m10.6,minus,572203,si:ch211-232m10.6
NC_007130.7,10379248,10395683,zgc:194578,minus,792915,zgc:194578
NC_007130.7,10396084,10408029,necap1,plus,393695,NECAP endocytosis associated 1
NC_007130.7,10415097,10425255,si:ch211-171h4.3,minus,566942,
NC_007130.7,10428133,10432180,il11,minus,108180095,
NC_007130.7,10454007,10478563,si:ch211-171h4.5,minus,100322074,
NC_007130.7,10485770,10498017,si:ch211-171h4.6,plus,793188,
NC_007130.7,10508401,10510450,si:ch73-160i9.1,plus,793256,
NC_007130.7,10518390,10520475,si:ch73-160i9.2,plus,793327,
NC_007130.7,10527228,10528422,si:ch73-160i9.3,plus,793473,
NC_007130.7,10536093,10537982,si:dkey-211g8.1,plus,793537,si:dkey-211g8.1
NC_007130.7,10541772,10554319,lim2.4,minus,436680,lens intrinsic membrane protein 2.4
NC_007130.7,10558480,10577420,usf2,plus,567297,"upstream transcription factor 2, c-fos interacting"
NC_007130.7,10578495,10588019,si:dkey-211g8.4,plus,793729,
NC_007130.7,10592755,10598236,si:dkey-211g8.5,plus,100034656,
NC_007130.7,10603405,10607428,si:dkey-211g8.8,plus,108004533,si:dkey-211g8.8
NC_007130.7,10611661,10619787,si:dkey-211g8.6,minus,794045,si:dkey-211g8.6
NC_007130.7,10624644,10627753,si:dkey-211g8.7,minus,794123,si:dkey-211g8.7
NC_007130.7,10630487,10631488,si:dkey-211g8.9,minus,100535798,
NC_007130.7,10636469,10648565,tekt2,minus,550629,tektin 2 (testicular)
NC_007130.7,10649425,10656733,olah,minus,568096,oleoyl-ACP hydrolase
NC_007130.7,10661166,10690397,ago3b,plus,568159,argonaute RISC catalytic component 3b
NC_007130.7,10692166,10730478,slc9a3.1,minus,568258,"solute carrier family 9, subfamily A (NHE3, cation proton antiporter 3), member 3, tandem duplicate 1"
NC_007130.7,10737598,10788939,slc9a3.2,minus,568314,"solute carrier family 9, subfamily A (NHE3, cation proton antiporter 3), member 3, tandem duplicate 2"
NC_007130.7,10794007,10829606,lipea,plus,568368,"lipase, hormone-sensitive a"
NC_007130.7,10804167,10836872,si:dkey-3n22.9,minus,101886676,
NC_007130.7,10831587,10841934,tomm40l,plus,405895,"translocase of outer mitochondrial membrane 40 homolog, like"
NC_007130.7,10845953,10850847,apoa4a,plus,550608,apolipoprotein A-IV a
NC_007130.7,10855158,10859694,apoea,plus,553587,apolipoprotein Ea
NC_007130.7,10860324,10871493,si:ch73-347e22.4,plus,100536830,
NC_007130.7,10871607,10881476,psmd4a,minus,415202,"proteasome 26S subunit, non-ATPase 4a"
NC_007130.7,10892468,10915898,pip5k1aa,minus,553629,"phosphatidylinositol-4-phosphate 5-kinase, type I, alpha, a"
NC_007130.7,10917379,10920589,ecm1a,minus,100536787,
NC_007130.7,10937937,10950837,si:ch73-347e22.8,plus,100000389,
NC_007130.7,10955342,10964638,LOC101883703,minus,101883703,
NC_007130.7,10979970,10989591,si:ch1073-70f20.1,plus,797163,
NC_007130.7,10988538,11031147,tpm3,minus,373076,tropomyosin 3
NC_007130.7,11039512,11157661,arhgef1a,minus,368266,Rho guanine nucleotide exchange factor (GEF) 1a
NC_007130.7,11161706,11175762,LOC103909207,plus,103909207,
NC_007130.7,11167055,11208807,si:dkey-240h12.4,minus,555536,
NC_007130.7,11213997,11230566,si:ch73-109i22.2,plus,570350,
NC_007130.7,11231083,11238721,ssr2,minus,83414,"signal sequence receptor, beta"
NC_007130.7,11240005,11244795,LOC101885035,minus,101885035,
NC_007130.7,11246879,11249004,irgf3,minus,797731,
NC_007130.7,11260466,11262436,si:ch73-171o20.1,plus,563833,
NC_007130.7,11271058,11315215,eepd1,minus,402965,endonuclease/exonuclease/phosphatase family domain containing 1
NC_007130.7,11331815,11425610,sept7a,minus,394136,septin 7a
NC_007130.7,11429263,11431278,hsbp1l1,minus,799177,heat shock factor binding protein 1 like 1
NC_007130.7,11431923,11491524,pqlc1,plus,101883969,
NC_007130.7,11508697,11563102,kcng2,minus,562421,
NC_007130.7,11632834,11846804,ctdp1,minus,442930,"CTD (carboxy-terminal domain, RNA polymerase II, polypeptide A) phosphatase, subunit 1"
NC_007130.7,11855249,11893940,adck5,plus,100001584,aarF domain containing kinase 5
NC_007130.7,11897631,11950455,cpsf1,minus,432372,cleavage and polyadenylation specific factor 1
NC_007130.7,11955149,11978156,si:ch1073-296d18.1,minus,564886,
NC_007130.7,11978209,11981656,polr2k,plus,796803,polymerase (RNA) II (DNA directed) polypeptide K
NC_007130.7,11985572,12018446,spag1a,plus,564953,sperm associated antigen 1a
NC_007130.7,12030832,12078583,rnf19a,minus,557995,"ring finger protein 19A, RBR E3 ubiquitin protein ligase"
NC_007130.7,12121944,12145764,pabpc1b,minus,393856,"poly A binding protein, cytoplasmic 1 b"
NC_007130.7,12164410,12193718,ywhaz,minus,336610,"tyrosine 3-monooxygenase/tryptophan 5-monooxygenase activation protein, zeta polypeptide"
NC_007130.7,12206158,12212865,znf706,minus,402905,zinc finger protein 706
NC_007130.7,12225496,12234688,LOC108180138,minus,108180138,
NC_007130.7,12234751,12290999,grhl2b,plus,100034503,grainyhead-like transcription factor 2b
NC_007130.7,12295443,12324540,ncaldb,minus,445319,neurocalcin delta b
NC_007130.7,12350110,12360121,psmg2,plus,573107,"proteasome (prosome, macropain) assembly chaperone 2"
NC_007130.7,12362790,12392757,ptpn2b,minus,561613,"protein tyrosine phosphatase, non-receptor type 2, b"
NC_007130.7,12398132,12404622,ftr56,minus,561680,
NC_007130.7,12406583,12431983,seh1l,plus,334749,SEH1-like (S. cerevisiae)
NC_007130.7,12435375,12435768,LOC103909209,plus,103909209,
NC_007130.7,12444948,12624282,ldlrad4a,plus,562665,
NC_007130.7,12631329,12648408,fam210aa,minus,562734,"family with sequence similarity 210, member Aa"
NC_007130.7,12649811,12681730,rnmt,plus,562801,RNA (guanine-7-) methyltransferase
NC_007130.7,12762846,12804424,mc5ra,plus,286834,melanocortin 5a receptor
NC_007130.7,12915498,12927089,cthrc1a,plus,445308,collagen triple helix repeat containing 1a
NC_007130.7,12937069,12965589,slc25a32a,minus,393226,"solute carrier family 25 (mitochondrial folate carrier), member 32a"
NC_007130.7,12967129,13188039,rims2b,plus,563393,
NC_007130.7,13193215,13286738,zfpm2b,minus,568464,"zinc finger protein, FOG family member 2b"
NC_007130.7,13375830,13397470,lrp12,plus,100034487,low density lipoprotein receptor-related protein 12
NC_007130.7,13410943,13420490,srsf4,plus,321872,serine/arginine-rich splicing factor 4
NC_007130.7,13420890,13427376,si:ch211-204a13.2,plus,101885131,
NC_007130.7,13452887,13457074,LOC101885092,minus,101885092,
NC_007130.7,13557134,13564700,LOC103909212,plus,103909212,
NC_007130.7,13631324,13796894,epb41a,minus,559643,
NC_007130.7,13803152,13808821,ctgfb,minus,100124530,connective tissue growth factor b
NC_007130.7,13905066,13923146,stx12,minus,415141,syntaxin 12
NC_007130.7,13924920,13933158,trnau1apa,minus,553636,tRNA selenocysteine 1 associated protein 1a
NC_007130.7,13939750,13950232,sh3bgrl3,minus,393248,SH3 domain binding glutamate-rich protein like 3
NC_007130.7,13958497,13965401,paqr7a,minus,798104,"progestin and adipoQ receptor family member VII, a"
NC_007130.7,13965398,13980731,LOC101885938,plus,101885938,
NC_007130.7,13994560,14036853,tmem222b,plus,558134,
NC_007130.7,14059349,14061987,tpbga,plus,373095,trophoblast glycoprotein a
NC_007130.7,14109340,14112969,zgc:175136,plus,100136863,zgc:175136
NC_007130.7,14113995,14127037,kdf1b,plus,101886060,
NC_007130.7,14153366,14155999,nr0b2b,minus,797815,
NC_007130.7,14158095,14169460,nudc,plus,393893,nudC nuclear distribution protein
NC_007130.7,14187540,14191592,ta,minus,30399,"T, brachyury homolog a"
NC_007130.7,14352017,14437096,arid1ab,plus,568161,
NC_007130.7,14453943,14475996,zdhhc18b,plus,334383,"zinc finger, DHHC-type containing 18b"
NC_007130.7,14498647,14503574,LOC100334495,minus,100334495,
NC_007130.7,14574010,14588414,fam46bb,plus,568893,"family with sequence similarity 46, member Bb"
NC_007130.7,14814672,14818901,LOC108180121,plus,108180121,
NC_007130.7,14920968,14951756,oprd1a,plus,30509,"opioid receptor, delta 1a"
NC_007130.7,14980906,14982614,LOC110438135,plus,110438135,
NC_007130.7,15142522,15229420,phactr4a,minus,569383,
NC_007130.7,15276713,15281980,edn2,minus,569550,endothelin 2
NC_007130.7,15306807,15397995,hivep3a,minus,101883448,
NC_007130.7,15408363,15420718,serinc2,minus,569338,serine incorporator 2
NC_007130.7,15427525,15434615,ftr55,minus,569296,
NC_007130.7,15441392,15472614,lin28a,plus,394066,lin-28 homolog A (C. elegans)
NC_007130.7,15485486,15517398,pdik1l,plus,569665,PDLIM1 interacting kinase 1 like
NC_007130.7,15522020,15532515,ppp1r8a,plus,566830,"protein phosphatase 1, regulatory subunit 8a"
NC_007130.7,15571291,15620967,si:ch211-206a7.2,plus,566899,si:ch211-206a7.2
NC_007130.7,15851226,15855411,cited4a,minus,562291,"Cbp/p300-interacting transactivator, with Glu/Asp-rich carboxy-terminal domain, 4a"
NC_007130.7,15918152,15919459,LOC101884541,plus,101884541,
NC_007130.7,16016037,16027093,ctps1a,plus,322089,CTP synthase 1a
NC_007130.7,16027243,16030780,LOC100535315,minus,100535315,
NC_007130.7,16032460,16036136,rab42a,plus,406315,"RAB42, member RAS oncogene family a"
NC_007130.7,16047985,16053392,LOC110438141,minus,110438141,
NC_007130.7,16061826,16061963,rnu11,plus,100534613,"RNA, U11 small nuclear"
NC_007130.7,16063232,16089040,gmeb1,plus,567701,glucocorticoid modulatory element binding protein 1
NC_007130.7,16222620,16655133,ptprua,plus,563584,
NC_007130.7,16432905,16433721,LOC110438142,minus,110438142,
NC_007130.7,16708187,16708832,LOC101884081,plus,101884081,
NC_007130.7,17095649,17097372,LOC103909215,plus,103909215,
NC_007130.7,17208118,17210708,stmn1a,minus,678630,stathmin 1a
NC_007130.7,17237284,17258587,LOC110438143,minus,110438143,
NC_007130.7,17259904,17275201,si:ch211-30b16.2,plus,566679,si:ch211-30b16.2
NC_007130.7,17292667,17304994,sf3a3,minus,446168,"splicing factor 3a, subunit 3"
NC_007130.7,17358487,17376046,ube2e1,plus,563542,ubiquitin-conjugating enzyme E2E 1
NC_007130.7,17377346,17385548,nkiras1,minus,100002175,NFKB inhibitor interacting Ras-like 1
NC_007130.7,17385602,17393198,rpl15,plus,445053,ribosomal protein L15
NC_007130.7,17400261,17407462,nr1d2b,plus,30271,"nuclear receptor subfamily 1, group D, member 2b"
NC_007130.7,17426482,17428062,LOC110438144,minus,110438144,
NC_007130.7,17518055,17658190,thrb,minus,30607,thyroid hormone receptor beta
NC_007130.7,17688350,17774913,top2b,minus,569877,topoisomerase (DNA) II beta
NC_007130.7,17834089,17836568,qrfp,minus,798385,
NC_007130.7,17837954,17996214,ints8,minus,553794,integrator complex subunit 8
NC_007130.7,17838188,17840262,LOC108180149,plus,108180149,
NC_007130.7,18118359,18130508,snx10a,minus,403027,sorting nexin 10a
NC_007130.7,18132409,18135781,cbx3a,minus,751689,"chromobox homolog 3a (HP1 gamma homolog, Drosophila)"
NC_007130.7,18138041,18139450,LOC103911055,minus,103911055,
NC_007130.7,18143591,18152622,nfe2l3,minus,406512,"nuclear factor, erythroid 2-like 3"
NC_007130.7,18293698,18294737,LOC108180110,plus,108180110,
NC_007130.7,18310390,18313303,si:dkey-208k4.2,minus,570186,si:dkey-208k4.2
NC_007130.7,18314602,18318103,LOC103909219,minus,103909219,
NC_007130.7,18331439,18332418,LOC108180102,plus,108180102,
NC_007130.7,18332666,18344744,LOC110438137,plus,110438137,
NC_007130.7,18396171,18396707,LOC108180131,minus,108180131,
NC_007130.7,18402181,18404105,LOC110438145,minus,110438145,
NC_007130.7,18410527,18415003,LOC101885945,plus,101885945,
NC_007130.7,18423313,18498308,p3h4,minus,570779,prolyl 3-hydroxylase family member 4 (non-enzymatic)
NC_007130.7,18493868,18604547,fkbp10a,plus,799903,
NC_007130.7,18598809,18600135,LOC103909220,minus,103909220,
NC_007130.7,18617757,18626514,rps18,minus,192300,ribosomal protein S18
NC_007130.7,18627049,18649769,vps52,plus,556724,
NC_007130.7,18656984,18682513,st3gal1l3,minus,556518,
NC_007130.7,18684121,18736319,LOC568019,plus,568019,
NC_007130.7,18739322,18747824,spaca4l,plus,100334363,
NC_007130.7,18749603,18751612,lye,plus,567961,
NC_007130.7,18758266,18765909,clic1,plus,324481,chloride intracellular channel 1
NC_007130.7,18797728,18809192,ddah2,plus,799954,dimethylarginine dimethylaminohydrolase 2
NC_007130.7,18812805,18826746,cratb,plus,447855,carnitine O-acetyltransferase b
NC_007130.7,18832316,18844424,si:ch73-295i22.2,minus,100538042,
NC_007130.7,18846995,18855687,ppt2,minus,100126133,palmitoyl-protein thioesterase 2
NC_007130.7,18861739,18861888,mir219-3,minus,100033708,microRNA 219-3
NC_007130.7,18903542,18915935,slc39a7,plus,30094,"solute carrier family 39 (zinc transporter), member 7"
NC_007130.7,18983876,18987986,cmtm8a,plus,101886542,
NC_007130.7,18989911,19026046,dync1li1,minus,556103,"dynein, cytoplasmic 1, light intermediate chain 1"
NC_007130.7,19028698,19173870,cpne4b,plus,100034637,
NC_007130.7,19111870,19115858,LOC110438147,minus,110438147,
NC_007130.7,19193854,19217289,mrpl3,plus,336283,mitochondrial ribosomal protein L3
NC_007130.7,19241341,19271270,ptpn23b,plus,560417,"protein tyrosine phosphatase, non-receptor type 23, b"
NC_007130.7,19278115,19339350,cspg5b,minus,559358,chondroitin sulfate proteoglycan 5b
NC_007130.7,19342177,19379084,smarcc1b,minus,553471,"SWI/SNF related, matrix associated, actin dependent regulator of chromatin, subfamily c, member 1b"
NC_007130.7,19379573,19396587,LOC100333241,plus,100333241,
NC_007130.7,19398767,19408453,aste1b,plus,100003699,
NC_007130.7,19412887,19436366,wu:fc38h03,plus,100003644,
NC_007130.7,19436799,19456770,sb:cb649,minus,368364,
NC_007130.7,19459042,19461734,LOC100535067,minus,100535067,
NC_007130.7,19489329,19492341,tril,plus,448885,
NC_007130.7,19495579,19504717,creb5a,minus,101886947,
NC_007130.7,19509798,19549121,jazf1a,plus,561144,JAZF zinc finger 1a
NC_007130.7,19549062,19599372,tax1bp1a,minus,561219,Tax1 (human T-cell leukemia virus type I) binding protein 1a
NC_007130.7,19600268,19657539,hibadha,plus,445252,3-hydroxyisobutyrate dehydrogenase a
NC_007130.7,19717971,19721556,evx1,minus,30499,even-skipped homeobox 1
NC_007130.7,19729512,19731291,hoxa13a,plus,570239,homeobox A13a
NC_007130.7,19734288,19739485,hoxa11a,plus,58061,homeobox A11a
NC_007130.7,19745141,19745490,hoxa10ap,plus,58102,"homeo box A10a, pseudogene"
NC_007130.7,19747619,19747694,mir196a-2,plus,574524,microRNA 196a-2
NC_007130.7,19750101,19752139,hoxa9a,plus,58047,homeobox A9a
NC_007130.7,19754830,19769378,hoxa4a,plus,58050,homeobox A4a
NC_007130.7,19759696,19760886,hoxa5a,plus,58055,homeobox A5a
NC_007130.7,19775786,19783612,si:busm1-227p06.3p,plus,368840,"si:busm1-227p06.3, pseudogene"
NC_007130.7,19777437,19779540,hoxa3a,plus,58049,homeobox A3a
NC_007130.7,19783794,19789493,hoxa1a,plus,58051,homeobox A1a
NC_007130.7,19976990,19980132,npvf,plus,100002108,neuropeptide VF precursor
NC_007130.7,19984169,19984620,cycsa,plus,100034500,
NC_007130.7,19989343,20032761,osbpl3a,plus,447908,oxysterol binding protein-like 3a
NC_007130.7,20037906,20054609,dfna5a,plus,101884911,
NC_007130.7,20060205,20106486,mpp6b,minus,394134,"membrane protein, palmitoylated 6b (MAGUK p55 subfamily member 6)"
NC_007130.7,20111746,20114010,npy,minus,30281,neuropeptide Y
NC_007130.7,20127771,20132934,LOC110438148,minus,110438148,
NC_007130.7,20142120,20143757,LOC103909227,minus,103909227,
NC_007130.7,20158657,20163055,fam221a,minus,541338,"family with sequence similarity 221, member A"
NC_007130.7,20163890,20177002,ccdc126,plus,751690,coiled-coil domain containing 126
NC_007130.7,20177892,20190810,tra2a,plus,393388,transformer 2 alpha homolog
NC_007130.7,20200134,20245496,igf2bp3,plus,30967,insulin-like growth factor 2 mRNA binding protein 3
NC_007130.7,20248695,20270191,gpnmb,minus,563348,
NC_007130.7,20274491,20293884,oxnad1,plus,558500,oxidoreductase NAD-binding domain containing 1
NC_007130.7,20301365,20388243,rftn1a,minus,100149692,
NC_007130.7,20389104,20403871,dazl,minus,58039,deleted in azoospermia-like
NC_007130.7,20404284,20446813,tbc1d5,minus,393583,"TBC1 domain family, member 5"
NC_007130.7,20453808,20482356,satb1a,minus,378993,SATB homeobox 1a
NC_007130.7,20540245,20646945,kcnh8,plus,100002967,
NC_007130.7,20687101,20701185,LOC108180123,plus,108180123,
NC_007130.7,20708498,20722192,rab5aa,plus,337737,"RAB5A, member RAS oncogene family, a"
NC_007130.7,20724454,20752377,kat2b,plus,563942,K(lysine) acetyltransferase 2B
NC_007130.7,20761670,20777190,ngly1,minus,553627,N-glycanase 1
NC_007130.7,20778018,20783770,nutf2l,plus,445204,"nuclear transport factor 2, like"
NC_007130.7,20785699,20792473,adnp2b,plus,564171,ADNP homeobox 2b
NC_007130.7,20793318,20796910,txnl4a,plus,449780,thioredoxin-like 4A
NC_007130.7,20801049,20823101,cndp2,plus,327288,carnosine dipeptidase 2
NC_007130.7,21368228,21413560,tshz1,plus,369196,teashirt zinc finger homeobox 1
NC_007130.7,21696364,21768959,znf516,minus,100003866,zinc finger protein 516
NC_007130.7,21814047,21832625,mbpa,minus,326281,
NC_007130.7,21919771,21923600,galr1a,plus,567820,
NC_007130.7,21999868,22004523,LOC110438149,minus,110438149,
NC_007130.7,22062807,22072035,sall3b,plus,568041,spalt-like transcription factor 3b
NC_007130.7,22074458,22180621,atp9b,plus,568160,"ATPase, class II, type 9B"
NC_007130.7,22216778,22303614,nfatc1,plus,568315,"nuclear factor of activated T-cells, cytoplasmic, calcineurin-dependent 1"
NC_007130.7,22318133,22328187,si:ch73-196l6.5,minus,555631,
NC_007130.7,22333321,22346602,slc52a2,minus,323832,"solute carrier family 52 (riboflavin transporter), member 2"
NC_007130.7,22348014,22363292,fbxl6,plus,323163,F-box and leucine-rich repeat protein 6
NC_007130.7,22363283,22387127,eppk1,minus,101885652,epiplakin 1
NC_007130.7,22408308,22621646,pleca,minus,567639,plectin a
NC_007130.7,22624269,22664172,eif3eb,minus,561049,"eukaryotic translation initiation factor 3, subunit E, b"
NC_007130.7,22695663,22698301,LOC100537369,minus,100537369,
NC_007130.7,22728165,22731125,trhrb,plus,569382,thyrotropin-releasing hormone receptor b
NC_007130.7,22759116,22843445,nudcd1,minus,553654,NudC domain containing 1
NC_007130.7,22848869,22919764,pkhd1l1,plus,569261,polycystic kidney and hepatic disease 1 (autosomal recessive)-like 1
NC_007130.7,22934621,22997652,si:ch211-244a23.1,plus,569167,si:ch211-244a23.1
NC_007130.7,22999269,23002708,gdf6b,plus,30180,growth differentiation factor 6b
NC_007130.7,23081475,23081876,LOC100150188,plus,100150188,
NC_007130.7,23120444,23120927,LOC100537645,minus,100537645,
NC_007130.7,23121143,23124591,LOC101885964,plus,101885964,
NC_007130.7,23132987,23133058,trnap-agg,plus,108180178,
NC_007130.7,23136170,23249849,grb10a,minus,446167,growth factor receptor-bound protein 10a
NC_007130.7,23283395,23310700,si:dkey-79i2.4,plus,100005826,
NC_007130.7,23296613,23300048,irgf1,plus,100137101,"immunity-related GTPase family, f1"
NC_007130.7,23332501,23337561,LOC108180103,plus,108180103,
NC_007130.7,23358286,23369435,si:ch211-214c11.1,minus,100034587,
NC_007130.7,23381344,23419997,pimr81,minus,100034392,
NC_007130.7,23435513,23437413,LOC103909231,minus,103909231,
NC_007130.7,23449339,23454362,pimr82,minus,100034481,
NC_007130.7,23466642,23482501,pimr80,minus,100034488,
NC_007130.7,23487911,23526228,pimr83,minus,100006730,
NC_007130.7,23526274,23526564,LOC103909232,minus,103909232,
NC_007130.7,23526567,23550949,LOC108180125,minus,108180125,
NC_007130.7,23573557,23574793,LOC110438139,minus,110438139,
NC_007130.7,23591998,23593002,LOC108180120,minus,108180120,
NC_007130.7,23624982,23662285,LOC110438150,minus,110438150,
NC_007130.7,23625645,23626896,pimr84,minus,101886662,
NC_007130.7,23682021,23683371,LOC108180115,minus,108180115,
NC_007130.7,23722118,23733838,LOC110438151,minus,110438151,
NC_007130.7,23722493,23724258,LOC110438152,minus,110438152,
NC_007130.7,23745555,23746860,LOC570301,minus,570301,
NC_007130.7,23767252,23768653,LOC100006975,minus,100006975,
NC_007130.7,23794869,23797640,pimr88,minus,100006996,
NC_007130.7,23834426,23856410,LOC100149959,minus,100149959,
NC_007130.7,23856346,23857623,LOC103909234,minus,103909234,
NC_007130.7,23870708,23872747,pimr92,minus,100034493,
NC_007130.7,23876012,23895190,si:dkey-222b8.4,minus,568013,
NC_007130.7,23897343,23918129,chtopa,minus,321491,chromatin target of PRMT1a
NC_007130.7,23919096,23922495,snapin,plus,567959,SNAP-associated protein
NC_007130.7,23924781,23971174,si:dkey-222b8.1,plus,560317,si:dkey-222b8.1
NC_007130.7,23982416,24032417,syt11a,plus,406769,synaptotagmin XIa
NC_007130.7,24039894,24066705,rit1,plus,793942,Ras-like without CAAX 1
NC_007130.7,24068259,24075078,pex11b,plus,566742,peroxisomal biogenesis factor 11 beta
NC_007130.7,24123409,24125422,zgc:64022,minus,393336,zgc:64022
NC_007130.7,24129414,24136233,thap7,minus,100006965,THAP domain containing 7
NC_007130.7,24161846,24163649,prf1.2,minus,103909237,perforin 1.2
NC_007130.7,24185897,24189052,LOC103909246,minus,103909246,
NC_007130.7,24196014,24198668,prf1.7,minus,100535230,
NC_007130.7,24212888,24214437,LOC110438128,plus,110438128,
NC_007130.7,24214047,24214687,zgc:171957,minus,795693,
NC_007130.7,24221994,24223890,prf1.8,minus,103909247,
NC_007130.7,24263561,24267330,s100v2,minus,336965,S100 calcium binding protein V2
NC_007130.7,24273052,24282306,LOC101882020,plus,101882020,
NC_007130.7,24286722,24294145,LOC108180164,plus,108180164,
NC_007130.7,24298900,24302206,LOC101887104,minus,101887104,
NC_007130.7,24310970,24317731,LOC101882070,minus,101882070,
NC_007130.7,24321842,24392042,sema4ab,plus,571290,
NC_007130.7,24394560,24399838,si:dkey-81h8.1,plus,100034657,si:dkey-81h8.1
NC_007130.7,24416183,24443736,thbs3b,minus,571317,thrombospondin 3b
NC_007130.7,24446411,24484784,mtx1b,minus,286740,metaxin 1b
NC_007130.7,24488455,24492326,txnipa,plus,368359,thioredoxin interacting protein a
NC_007130.7,24546013,24555949,polr3gla,minus,447901,polymerase (RNA) III (DNA directed) polypeptide G like a
NC_007130.7,24574380,24589246,si:dkeyp-92c9.4,plus,100333514,
NC_007130.7,24594129,24598385,si:dkeyp-92c9.2,plus,571482,si:dkeyp-92c9.2
NC_007130.7,24640219,24745614,si:dkeyp-92c9.3,minus,571487,si:dkeyp-92c9.3
NC_007130.7,24679206,24683564,LOC101882396,minus,101882396,
NC_007130.7,24752512,24758095,si:dkey-154b15.1,minus,100007493,
NC_007130.7,24872419,24889227,si:ch211-195b13.1,plus,768159,si:ch211-195b13.1
NC_007130.7,24891713,24916889,eya3,plus,571385,EYA transcriptional coactivator and phosphatase 3
NC_007130.7,24922999,24934003,LOC110438129,plus,110438129,
NC_007130.7,24936768,24958371,si:ch211-195b13.6,minus,101882552,
NC_007130.7,24982380,24989358,xkr8.1,minus,100535571,
NC_007130.7,24994512,25005516,xkr8.2,minus,100149957,
NC_007130.7,25056739,25060971,LOC100148479,minus,100148479,
NC_007130.7,25072048,25081731,xkr8.3,minus,497082,"XK, Kell blood group complex subunit-related family, member 8, tandem duplicate 3"
NC_007130.7,25089239,25149048,ptp4a3,minus,406460,"protein tyrosine phosphatase type IVA, member 3"
NC_007130.7,25162602,25301565,rims3,minus,563414,regulating synaptic membrane exocytosis 3
NC_007130.7,25352289,25427256,glcci1,minus,378997,glucocorticoid induced 1
NC_007130.7,25432193,25464341,si:dkey-119m17.2,minus,100148025,si:dkey-119m17.2
NC_007130.7,25465063,25467089,rpa3,plus,393196,replication protein A3
NC_007130.7,25476220,25512695,col28a1a,plus,555428,"collagen, type XXVIII, alpha 1a"
NC_007130.7,25512797,25524128,si:dkey-202e17.1,minus,555344,si:dkey-202e17.1
NC_007130.7,25526354,25548744,sdhaf3,plus,449654,succinate dehydrogenase complex assembly factor 3
NC_007130.7,25649622,25653246,tac1,plus,555634,tachykinin 1
NC_007130.7,25654361,25677992,asns,minus,394138,asparagine synthetase
NC_007130.7,25679529,25693764,bloc1s4,minus,445081,"biogenesis of lysosomal organelles complex-1, subunit 4, cappuccino"
NC_007130.7,25699329,25772843,pard6gb,minus,80959,par-6 family cell polarity regulator gamma b
NC_007130.7,25970959,26158786,jarid2b,plus,558456,"jumonji, AT rich interactive domain 2b"
NC_007130.7,26161514,26235232,dtnbp1b,minus,556784,dystrobrevin binding protein 1b
NC_007130.7,26340737,26378655,mylipa,plus,335888,myosin regulatory light chain interacting protein a
NC_007130.7,26423073,26627313,npr1a,plus,560653,natriuretic peptide receptor 1a
NC_007130.7,26640097,26673869,ints3,plus,560575,integrator complex subunit 3
NC_007130.7,26678915,26717912,si:dkey-27c15.3,plus,560418,
NC_007130.7,26718093,26730247,zgc:100906,plus,445123,zgc:100906
NC_007130.7,26730298,26736403,csnk2b,minus,30428,"casein kinase 2, beta polypeptide"
NC_007130.7,26740510,26769946,prrc2a,minus,394248,proline-rich coiled-coil 2A
NC_007130.7,26810208,26828285,neu1,minus,559850,neuraminidase 1
NC_007130.7,26828274,26844747,tmem268,plus,559789,
NC_007130.7,26856478,26869025,prrt1,minus,559734,
NC_007130.7,26872681,26923123,skiv2l,minus,559653,"SKI2 homolog, superkiller viralicidic activity 2-like"
NC_007130.7,26923141,26932003,nelfe,plus,436648,negative elongation factor complex member E
NC_007130.7,26937053,26948230,zbtb12.1,minus,559143,"zinc finger and BTB domain containing 12, tandem duplicate 1"
NC_007130.7,26955189,26964391,zbtb12.2,minus,559081,"zinc finger and BTB domain containing 12, tandem duplicate 2"
NC_007130.7,26967907,27006764,sacm1la,minus,558940,SAC1 suppressor of actin mutations 1-like a (yeast)
NC_007130.7,27019432,27024013,tnfa,plus,405785,"tumor necrosis factor a (TNF superfamily, member 2)"
NC_007130.7,27040485,27261118,gabbr1b,minus,558708,
NC_007130.7,27285356,27314792,sh3bp5lb,minus,558670,
NC_007130.7,27316467,27334330,gtf2h4,minus,334839,"general transcription factor IIH, polypeptide 4"
NC_007130.7,27334527,27339867,znrd1,minus,541428,zinc ribbon domain containing 1
NC_007130.7,27339848,27357682,ddx39b,plus,393917,DEAD (Asp-Glu-Ala-Asp) box polypeptide 39B
NC_007130.7,27368245,27395597,mgat1b,minus,558524,"mannosyl (alpha-1,3-)-glycoprotein beta-1,2-N-acetylglucosaminyltransferase b"
NC_007130.7,27399168,27448587,vars2,minus,100170827,"valyl-tRNA synthetase 2, mitochondrial (putative)"
NC_007130.7,27448625,27453637,ppp1r11,plus,550290,"protein phosphatase 1, regulatory (inhibitor) subunit 11"
NC_007130.7,27456967,27469276,si:ch211-152p11.8,minus,100536566,
NC_007130.7,27479590,27515653,atat1,plus,406389,alpha tubulin acetyltransferase 1
NC_007130.7,27522994,27542438,si:ch211-152p11.4,minus,555531,
NC_007130.7,27548464,27550772,si:dkeyp-46h3.8,minus,100536640,
NC_007130.7,27561661,27564458,LOC100536038,minus,100536038,
NC_007130.7,27577389,27588841,si:dkeyp-46h3.2,minus,335411,si:dkeyp-46h3.2
NC_007130.7,27589259,27605943,si:dkeyp-46h3.1,plus,100317613,
NC_007130.7,27609618,27776856,adcy2b,minus,557902,adenylate cyclase 2b (brain)
NC_007130.7,27806746,27831921,papd7,minus,557829,
NC_007130.7,27835520,27858133,srd5a1,minus,767715,"steroid-5-alpha-reductase, alpha polypeptide 1 (3-oxo-5 alpha-steroid delta 4-dehydrogenase alpha 1)"
NC_007130.7,27858823,27902509,nsun2,plus,325292,"NOP2/Sun RNA methyltransferase family, member 2"
NC_007130.7,27951389,27967599,ube2ql1,minus,557472,
NC_007130.7,27970362,27974152,med10,plus,550394,mediator complex subunit 10
NC_007130.7,28127654,28130658,irx1b,minus,114430,iroquois homeobox 1b
NC_007130.7,28255831,28261787,irx4b,plus,474318,iroquois homeobox 4b
NC_007130.7,28281206,28283873,ndufs6,minus,447913,NADH dehydrogenase (ubiquinone) Fe-S protein 6
NC_007130.7,28284119,28288648,mrpl36,plus,100093703,mitochondrial ribosomal protein L36
NC_007130.7,28291221,28334164,lpcat1,plus,555969,lysophosphatidylcholine acyltransferase 1
NC_007130.7,28356572,28367414,si:dkey-261i16.5,minus,100007978,si:dkey-261i16.5
NC_007130.7,28608751,28613574,LOC103909239,plus,103909239,
NC_007130.7,28640600,28647315,LOC108180169,minus,108180169,
NC_007130.7,28724798,28724920,mir7145,minus,102465685,microRNA 7145
NC_007130.7,28733480,28780827,si:dkey-150k17.3,minus,103909241,
NC_007130.7,28786149,28789409,sox4a,minus,336346,SRY (sex determining region Y)-box 4a
NC_007130.7,28790664,28820840,LOC100536908,plus,100536908,
NC_007130.7,29274385,29294457,e2f3,minus,791146,zgc:158604
NC_007130.7,29297292,29303788,srfbp1,minus,406321,serum response factor binding protein 1
NC_007130.7,29303847,29333867,tmem57a,plus,393289,transmembrane protein 57a
NC_007130.7,29337774,29363780,ldlrap1a,plus,368278,low density lipoprotein receptor adaptor protein 1a
NC_007130.7,29382064,29437127,fndc5b,minus,555635,fibronectin type III domain containing 5b
NC_007130.7,29552474,29585275,LOC110438130,plus,110438130,
NC_007130.7,29798106,29800812,marcksl1b,plus,406504,MARCKS-like 1b
NC_007130.7,29808645,29818648,hdac1,plus,192302,histone deacetylase 1
NC_007130.7,29822500,29832876,eif3i,minus,406263,"eukaryotic translation initiation factor 3, subunit I"
NC_007130.7,29836458,29853410,txlna,minus,324180,taxilin alpha
NC_007130.7,29854229,29861183,zgc:122991,plus,664763,zgc:122991
NC_007130.7,29862230,29887694,kpna6,minus,100149852,
NC_007130.7,30347509,30359077,khdrbs1b,minus,406516,"KH domain containing, RNA binding, signal transduction associated 1b"
NC_007130.7,30387996,30399203,tspan13b,plus,449797,tetraspanin 13b
NC_007130.7,30401547,30404099,agr2,minus,335616,anterior gradient 2
NC_007130.7,30409877,30422239,ppp1r10,minus,192329,"protein phosphatase 1, regulatory subunit 10"
NC_007130.7,30423141,30428901,mrps18b,plus,550455,mitochondrial ribosomal protein S18B
NC_007130.7,30428898,30447669,abcf1,minus,406467,"ATP-binding cassette, sub-family F (GCN20), member 1"
NC_007130.7,30450125,30468234,si:ch211-215a10.4,plus,565228,si:ch211-215a10.4
NC_007130.7,30475118,30510952,bag6l,minus,751663,"BCL2-associated athanogene 6, like"
NC_007130.7,30517775,30562633,hpcal4,minus,564909,hippocalcin like 4
NC_007130.7,30587965,30589394,LOC110438138,plus,110438138,
NC_007130.7,30633453,30683697,fam49al,plus,445212,"family with sequence similarity 49, member A-like"
NC_007130.7,30722764,30800077,trit1,minus,553523,tRNA isopentenyltransferase 1
NC_007130.7,30805513,30811161,myclb,minus,567762,"MYCL proto-oncogene, bHLH transcription factor b"
NC_007130.7,30867837,30884052,mfsd2ab,plus,445176,major facilitator superfamily domain containing 2ab
NC_007130.7,30884955,30895274,yars,plus,368235,tyrosyl-tRNA synthetase
NC_007130.7,30896405,30965405,si:ch211-194e15.5,minus,100034579,si:ch211-194e15.5
NC_007130.7,30990619,30997791,sync,plus,100034635,
NC_007130.7,30999839,31007318,rbbp4,minus,321726,retinoblastoma binding protein 4
NC_007130.7,31009696,31042642,bzw2,minus,393892,basic leucine zipper and W2 domains 2
NC_007130.7,31061718,31063020,sostdc1b,plus,564783,sclerostin domain containing 1b
NC_007130.7,31079379,31081391,LOC108180171,minus,108180171,
NC_007130.7,31081836,31084076,LOC101884261,minus,101884261,
NC_007130.7,31183495,31197780,meox2b,plus,566969,mesenchyme homeobox 2b
NC_007130.7,31339305,31341850,arl4ab,minus,338267,ADP-ribosylation factor-like 4ab
NC_007130.7,31347406,31372923,scin,minus,566764,scinderin
NC_007130.7,31392350,31402429,tmem106bb,minus,566699,transmembrane protein 106Bb
NC_007130.7,31404686,31431027,tmem55a,plus,566642,transmembrane protein 55A
NC_007130.7,31437689,31522625,necab1,minus,550546,N-terminal EF-hand calcium binding protein 1
NC_007130.7,31465292,31476331,LOC110438131,minus,110438131,
NC_007130.7,31531467,31552824,tmem64,plus,564172,transmembrane protein 64
NC_007130.7,31568993,31576017,tdp2b,minus,553516,tyrosyl-DNA phosphodiesterase 2b
NC_007130.7,31576831,31579383,acot13,plus,564010,acyl-CoA thioesterase 13
NC_007130.7,31580205,31583154,zgc:111986,minus,553664,zgc:111986
NC_007130.7,31585349,31590775,gmnn,plus,368320,"geminin, DNA replication inhibitor"
NC_007130.7,31593386,31740953,fam65b,minus,563800,"family with sequence similarity 65, member B"
NC_007130.7,31743104,31765615,si:dkeyp-120h9.1,minus,566469,si:dkeyp-120h9.1
NC_007130.7,31771252,31790551,stmn2b,plus,100003563,stathmin 2b
NC_007130.7,31797567,31802275,hey1,minus,58008,hes-related family bHLH transcription factor with YRPW motif 1
NC_007130.7,31859934,31865015,LOC103909257,plus,103909257,
NC_007130.7,31878905,31900893,zbtb10,minus,566269,zinc finger and BTB domain containing 10
NC_007130.7,31904905,31939166,tpd52,plus,559992,tumor protein D52
NC_007130.7,31956644,32042140,znf704,minus,560056,zinc finger protein 704
NC_007130.7,32048830,32150153,pag1,minus,100034498,
NC_007130.7,32158010,32164532,mrpl53,plus,447915,mitochondrial ribosomal protein L53
NC_007130.7,32166705,32169161,fabp11a,plus,447944,fatty acid binding protein 11a
NC_007130.7,32201935,32207721,fam8a1a,plus,100537042,
NC_007130.7,32266582,32464396,atxn1a,plus,557340,ataxin 1a
NC_007130.7,32472996,32487275,gmpr,minus,553639,guanosine monophosphate reductase
NC_007130.7,32488501,32493866,fuca1.2,minus,445165,"fucosidase, alpha-L- 1, tissue, tandem duplicate 2"
NC_007130.7,32495419,32500258,fuca1.1,minus,335494,"fucosidase, alpha-L- 1, tissue, tandem duplicate 1"
NC_007130.7,32505192,32518556,zbtb8b,minus,550243,zinc finger and BTB domain containing 8B
NC_007130.7,32553874,32560591,heyl,plus,335134,hes-related family bHLH transcription factor with YRPW motif-like
NC_007130.7,32571803,32600966,zgc:91944,minus,436941,zgc:91944
NC_007130.7,32603627,32619249,tmem54b,plus,557625,transmembrane protein 54b
NC_007130.7,32623230,32710922,hpca,minus,393696,hippocalcin
NC_007130.7,32769409,32804975,nt5c1aa,minus,562627,"5'-nucleotidase, cytosolic IAa"
NC_007130.7,32807236,32820107,stk3,plus,324125,"serine/threonine kinase 3 (STE20 homolog, yeast)"
NC_007130.7,32822218,32838973,hrsp12,plus,436849,heat-responsive protein 12
NC_007130.7,32840143,32849036,si:dkey-284p5.3,minus,557830,si:dkey-284p5.3
NC_007130.7,32855159,32860614,rpl30,plus,336713,ribosomal protein L30
NC_007130.7,32864577,32888758,laptm4b,minus,368911,lysosomal protein transmembrane 4 beta
NC_007130.7,32895379,32914301,mtdha,minus,368910,metadherin a
NC_007130.7,32918131,32928470,rrm2b,minus,368909,ribonucleotide reductase M2 b
NC_007130.7,32930476,32944035,azin1b,minus,317764,antizyme inhibitor 1b
NC_007130.7,32947910,32966762,atp6v1c1b,plus,449655,"ATPase, H+ transporting, lysosomal, V1 subunit C1b"
NC_007130.7,32967886,32973467,baalc,plus,101884762,
NC_007130.7,32979289,33072157,spire1a,plus,557962,spire-type actin nucleation factor 1a
NC_007130.7,33083079,33088837,klhl38a,minus,559083,kelch-like family member 38a
NC_007130.7,33093229,33137721,fam91a1,plus,393413,"family with sequence similarity 91, member A1"
NC_007130.7,33139168,33140685,fam84b,plus,767732,"family with sequence similarity 84, member B"
NC_007130.7,33204132,33211977,trib1,minus,792957,
NC_007130.7,33258572,33275017,fam92a1,minus,445210,"family with sequence similarity 92, member A1"
NC_007130.7,33368152,33370271,nkd3l,minus,100034538,"naked cuticle homolog 3, like"
NC_007130.7,33464688,33511699,triqk,plus,100147776,triple QxxK/R motif containing
NC_007130.7,33701516,33786707,runx1t1,plus,767809,"runt-related transcription factor 1; translocated to, 1 (cyclin D-related)"
NC_007130.7,33828748,33835658,si:ch73-302o18.2,minus,101882887,
NC_007130.7,33836439,33850201,otud6b,minus,393194,OTU domain containing 6B
NC_007130.7,33850816,33875982,pex1,plus,793906,peroxisomal biogenesis factor 1
NC_007130.7,33887589,34063511,elmo1,minus,406364,"engulfment and cell motility 1 (ced-12 homolog, C. elegans)"
NC_007130.7,34073877,34089359,rp9,minus,492481,retinitis pigmentosa 9 (autosomal dominant)
NC_007130.7,34091552,34117125,si:dkey-184p18.2,minus,768134,si:dkey-184p18.2
NC_007130.7,34135607,34135695,mir187,plus,100033764,microRNA 187
NC_007130.7,34158154,34159543,LOC108180076,minus,108180076,
NC_007130.7,34169055,34218156,poc1bl,plus,503760,"POC1 centriolar protein homolog B (Chlamydomonas), like"
NC_007130.7,34229498,34261567,galnt12,plus,559736,
NC_007130.7,34280760,34282075,LOC103909261,plus,103909261,
NC_007130.7,34311374,34679738,gabbr2,plus,560267,"gamma-aminobutyric acid (GABA) B receptor, 2"
NC_007130.7,34691067,34742465,elp2,minus,560338,elongator acetyltransferase complex subunit 2
NC_007130.7,34742692,34747039,fam206a,plus,560419,"family with sequence similarity 206, member A"
NC_007130.7,34749013,34873566,ctnnal1,minus,100034581,"catenin (cadherin-associated protein), alpha-like 1"
NC_007130.7,34913855,34927201,sla1,minus,571922,Src-like-adaptor 1
NC_007130.7,34950200,34958185,wisp1a,plus,560713,WNT1 inducible signaling pathway protein 1a
NC_007130.7,34959967,34979837,ndrg1a,minus,792085,N-myc downstream regulated 1a
NC_007130.7,34994433,34995629,si:rp71-45k5.2,minus,560783,si:rp71-45k5.2
NC_007130.7,34998029,34999379,zgc:113424,minus,554876,zgc:113424
NC_007130.7,35002479,35004947,wdyhv1,plus,560935,WDYHV motif containing 1
NC_007130.7,35005232,35010214,si:rp71-45k5.4,minus,403015,si:rp71-45k5.4
NC_007130.7,35013125,35017047,zgc:91910,plus,445276,zgc:91910
NC_007130.7,35019304,35035857,bmp8a,minus,561963,bone morphogenetic protein 8a
NC_007130.7,35039957,35351104,macf1a,minus,562190,
NC_007130.7,35357201,35361544,ndufs5,minus,553660,NADH dehydrogenase (ubiquinone) Fe-S protein 5
NC_007130.7,35378908,35416025,rnf19b,minus,562396,ring finger protein 19B
NC_007130.7,35418683,35428907,ak2,minus,321793,adenylate kinase 2
NC_007130.7,35433155,35450676,anln,minus,562517,"anillin, actin binding protein"
NC_007130.7,35458822,35492714,ptp4a2b,minus,334483,"protein tyrosine phosphatase type IVA, member 2b"
NC_007130.7,35496282,35596207,col8a2,minus,794479,"collagen, type VIII, alpha 2"
NC_007130.7,35614676,35622088,LOC101883771,minus,101883771,
NC_007130.7,35722902,35733383,trappc3,minus,445207,trafficking protein particle complex 3
NC_007130.7,35799693,35852418,angpt2b,plus,114408,angiopoietin 2b
NC_007130.7,36115531,36674992,csmd2,minus,565460,
NC_007130.7,36578727,36579838,LOC103909264,plus,103909264,
NC_007130.7,36625102,36627569,si:dkey-164n2.1,plus,100534988,
NC_007130.7,37116174,37119891,cx30.9,plus,402821,connexin 30.9
NC_007130.7,37120491,37134119,pef1,plus,445249,penta-EF-hand domain containing 1
NC_007130.7,37135675,37139452,smim12,plus,541401,small integral membrane protein 12
NC_007130.7,37153409,37154436,cx39.4,minus,557275,connexin 39.4
NC_007130.7,37180202,37492234,dlgap3,plus,557556,"discs, large (Drosophila) homolog-associated protein 3"
NC_007130.7,37501649,37508574,ilf2,minus,406517,interleukin enhancer binding factor 2
NC_007130.7,37509628,37567248,si:ch211-250g4.3,plus,557772,
NC_007130.7,37569685,37571147,LOC103909265,minus,103909265,
NC_007130.7,37620342,37842739,thsd7aa,plus,557991,"thrombospondin, type I, domain containing 7Aa"
NC_007130.7,37857940,37927491,nxph1,plus,437006,neurexophilin 1
NC_007130.7,38138717,38147883,LOC103909267,plus,103909267,
NC_007130.7,38167996,38327919,phf14,plus,555505,
NC_007130.7,38386287,38419575,smap2,minus,556132,small ArfGAP2
NC_007130.7,38422059,38467664,col9a2,plus,321212,"procollagen, type IX, alpha 2"
NC_007130.7,38473583,38635592,col16a1,minus,100535782,
NC_007130.7,38733099,39278077,adgrb2,minus,556993,
NC_007130.7,39306873,39361437,LOC103909268,plus,103909268,
NC_007130.7,39455737,39457236,LOC103909269,plus,103909269,
NC_007130.7,39754796,39758144,LOC101887160,minus,101887160,
NC_007130.7,39831464,39838155,LOC101882039,minus,101882039,
NC_007130.7,40026015,40055391,sfpq,plus,406564,splicing factor proline/glutamine-rich
NC_007130.7,40069508,40113946,zmym4,plus,327248,"zinc finger, MYM-type 4"
NC_007130.7,40115923,40165799,si:ch211-173p18.3,plus,553317,si:ch211-173p18.3
NC_007130.7,40138385,40141129,LOC101882122,plus,101882122,
NC_007130.7,40167363,40175776,illr4,minus,559737,"immune-related, lectin-like receptor 4"
NC_007130.7,40177246,40182642,rbm48,plus,402897,RNA binding motif protein 48
NC_007130.7,40182641,40186314,efcab1,minus,558421,EF-hand calcium binding domain 1
NC_007130.7,40186385,40205472,grnas,plus,692249,granulin antisense
NC_007130.7,40186677,40192168,grn1,minus,553977,granulin 1
NC_007130.7,40196462,40199102,grn2,minus,336575,granulin 2
NC_007130.7,40248801,40325518,cdk6,plus,100034507,cyclin-dependent kinase 6
NC_007130.7,40337462,40347943,fam133b,plus,790942,"family with sequence similarity 133, member B"
NC_007130.7,40350523,40374428,hepacam2,plus,558612,HEPACAM family member 2
NC_007130.7,40379766,40686033,si:ch211-287b5.1,plus,100034394,
NC_007130.7,40707261,40825920,calcr,minus,560268,
NC_007130.7,40781168,40781271,mir489,minus,100033722,microRNA 489
NC_007130.7,40848109,40855089,tfpi2,minus,560339,tissue factor pathway inhibitor 2
NC_007130.7,40856729,40859461,gngt1,plus,335656,"guanine nucleotide binding protein (G protein), gamma transducing activity polypeptide 1"
NC_007130.7,40861891,40898600,zgc:85777,plus,405871,zgc:85777
NC_007130.7,40899913,40906161,bet1,minus,415135,Bet1 golgi vesicular membrane trafficking protein
NC_007130.7,40943203,40985979,si:ch211-120e1.7,minus,101883503,
NC_007130.7,40983218,41002610,col1a2,plus,336471,"collagen, type I, alpha 2"
NC_007130.7,41006975,41034224,casd1,plus,692268,CAS1 domain containing 1
NC_007130.7,41038664,41069603,sgce,minus,368230,"sarcoglycan, epsilon"
NC_007130.7,41065177,41163731,ppp1r9a,plus,560862,
NC_007130.7,41169394,41182251,asb4,plus,550321,ankyrin repeat and SOCS box containing 4
NC_007130.7,41190258,41213718,pdk4,minus,561007,"pyruvate dehydrogenase kinase, isozyme 4"
NC_007130.7,41215770,41220325,LOC101883690,plus,101883690,
NC_007130.7,41233549,41238174,LOC108180112,plus,108180112,
NC_007130.7,41290311,41374173,slc25a13,minus,100537523,
NC_007130.7,41401135,41405188,shfm1,minus,322269,split hand/foot malformation (ectrodactyly) type 1
NC_007130.7,41446471,41468358,LOC103909273,minus,103909273,
NC_007130.7,41465094,41467029,dlx6a,plus,30586,distal-less homeobox 6a
NC_007130.7,41470216,41472228,dlx5a,minus,30569,distal-less homeobox 5a
NC_007130.7,41479824,41506302,ago2,plus,570630,argonaute RISC catalytic component 2
NC_007130.7,41509491,41514892,si:ch211-57n23.1,plus,100148952,
NC_007130.7,41515776,41518918,chrac1,minus,503606,chromatin accessibility complex 1
NC_007130.7,41520896,41540574,crtc2,plus,799532,
NC_007130.7,41551320,41597772,si:ch211-57n23.4,plus,799595,
NC_007130.7,41641534,41729786,gatad2b,plus,562045,GATA zinc finger domain containing 2B
NC_007130.7,41769135,41829721,tinagl1,plus,562116,tubulointerstitial nephritis antigen-like 1
NC_007130.7,41840964,41991299,trioa,minus,557667,trio Rho guanine nucleotide exchange factor a
NC_007130.7,42047395,42068989,si:ch211-13c6.2,plus,100000125,si:ch211-13c6.2
NC_007130.7,42071772,42118615,nfyc,plus,323445,"nuclear transcription factor Y, gamma"
NC_007130.7,42142086,42220988,LOC101887046,plus,101887046,
NC_007130.7,42227400,42235993,jtb,plus,560832,jumping translocation breakpoint
NC_007130.7,42235739,42238440,si:ch211-191i18.4,minus,799350,si:ch211-191i18.4
NC_007130.7,42241530,42244358,cart4,minus,799423,cocaine- and amphetamine-regulated transcript 4
NC_007130.7,42261787,42291336,si:ch211-191i18.2,minus,564095,si:ch211-191i18.2
NC_007130.7,42328442,42341815,anp32e,plus,406562,"acidic (leucine-rich) nuclear phosphoprotein 32 family, member E"
NC_007130.7,42367286,42391635,plekho1a,minus,563283,"pleckstrin homology domain containing, family O member 1a"
NC_007130.7,42397287,42416705,vps45,minus,561653,vacuolar protein sorting 45 homolog (S. cerevisiae)
NC_007130.7,42418133,42426378,zgc:153441,minus,751745,zgc:153441
NC_007130.7,42430804,42431916,LOC103909274,plus,103909274,
NC_007130.7,42432625,42456001,pogza,plus,100535215,pogo transposable element derived with ZNF domain a
NC_007130.7,42456922,42462486,psmb4,minus,550499,proteasome subunit beta 4
NC_007130.7,42468799,42485340,si:dkey-166k12.1,plus,100001249,
NC_007130.7,42490936,42503102,zgc:110239,minus,550326,zgc:110239
NC_007130.7,42547699,42551280,zgc:123103,minus,641325,zgc:123103
NC_007130.7,42553101,42557491,si:dkey-267n13.1,minus,100001286,
NC_007130.7,42559143,42566526,si:dkey-228a15.1,minus,564472,si:dkey-228a15.1
NC_007130.7,42567534,42573286,zgc:103438,minus,450015,zgc:103438
NC_007130.7,42573456,42588522,sytl1,minus,777759,synaptotagmin-like 1
NC_007130.7,42591156,42607373,fkbp9,minus,445126,FK506 binding protein 9
NC_007130.7,42609132,42617723,crtap,plus,406626,cartilage associated protein
NC_007130.7,42629476,42651867,susd5,minus,101886789,
NC_007130.7,42637345,42648783,LOC103909275,plus,103909275,
NC_007130.7,42660197,42682947,fbxl2,plus,378737,F-box and leucine-rich repeat protein 2
NC_007130.7,42693558,42802301,clasp2,plus,404604,cytoplasmic linker associated protein 2
NC_007130.7,42806524,42845247,ubp1,plus,100136855,upstream binding protein 1 (LBP-1a)
NC_007130.7,42847305,42875188,pdcd6ip,plus,406669,programmed cell death 6 interacting protein
NC_007130.7,42886358,42917231,arpp21,plus,564134,
NC_007130.7,42915419,42915541,mir128-2,plus,100033642,microRNA 128-2
NC_007130.7,42918065,42928979,cyhr1,minus,767773,cysteine/histidine-rich 1
NC_007130.7,42937839,42953295,dclk3,minus,100333376,
NC_007130.7,42983620,42993278,fabp3,plus,171478,"fatty acid binding protein 3, muscle and heart"
NC_007130.7,42996965,43004346,zcchc17,minus,393516,"zinc finger, CCHC domain containing 17"
NC_007130.7,43004454,43016395,snrnp40,plus,393292,small nuclear ribonucleoprotein 40 (U5)
NC_007130.7,43017844,43031312,nkain1,plus,393517,sodium/potassium transporting ATPase interacting 1
NC_007130.7,43037657,43089455,pum1,plus,394176,pumilio RNA-binding family member 1
NC_007130.7,43119014,43122337,eef1a1l1,plus,30516,"eukaryotic translation elongation factor 1 alpha 1, like 1"
NC_007130.7,43122612,43134877,eef1a1l2,plus,664756,"eukaryotic translation elongation factor 1 alpha 1, like 2"
NC_007130.7,43137239,43145904,LOC100536487,plus,100536487,
NC_007130.7,43213293,43235554,gnrhr1,minus,100270672,gonadotropin releasing hormone receptor 1
NC_007130.7,43252670,43273018,LOC100334707,plus,100334707,
NC_007130.7,43297534,43309596,LOC100151049,plus,100151049,lysosomal-associated protein transmembrane 5
NC_007130.7,43314693,43338282,matn1,plus,403023,matrilin 1
NC_007130.7,43341181,43357457,sesn2,plus,100149745,sestrin 2
NC_007130.7,43392682,43432415,yrk,plus,337571,Yes-related kinase
NC_007130.7,43439321,43500124,ahdc1,plus,100536210,
NC_007130.7,43503302,43515404,LOC101883617,plus,101883617,
NC_007130.7,43523660,43543128,wasf2,plus,394056,"WAS protein family, member 2"
NC_007130.7,43548915,43552252,gpr186,minus,796164,G protein-coupled receptor 186
NC_007130.7,43563173,43572390,cd164l2,plus,101883372,
NC_007130.7,43579796,43603934,si:ch211-199g17.2,plus,566074,
NC_007130.7,43604372,43611880,LOC108180085,plus,108180085,synaptonemal complex central element protein 1-like
NC_007130.7,43611284,43639615,fam83hb,minus,565918,"family with sequence similarity 83, member Hb"
NC_007130.7,43654828,43659779,si:ch211-193k19.2,minus,100034574,si:ch211-193k19.2
NC_007130.7,43669188,43711142,si:ch211-193k19.1,plus,100034533,
NC_007130.7,43716001,43737071,cap1,plus,334527,"CAP, adenylate cyclase-associated protein 1 (yeast)"
NC_007130.7,43740692,43757488,ppt1,minus,406648,"palmitoyl-protein thioesterase 1 (ceroid-lipofuscinosis, neuronal 1, infantile)"
NC_007130.7,43750721,43768962,si:ch1073-513e17.1,plus,571066,
NC_007130.7,43780973,43786943,rpl11,plus,415229,ribosomal protein L11
NC_007130.7,43787190,43819553,klhl43,minus,570492,
NC_007130.7,43822971,43833995,tceb3,plus,406764,"transcription elongation factor B (SIII), polypeptide 3"
NC_007130.7,43849702,43853598,LOC101882448,plus,101882448,
NC_007130.7,43853631,43858344,LOC108180087,plus,108180087,
NC_007130.7,43878048,43880953,pithd1,plus,404606,PITH (C-terminal proteasome-interacting domain of thioredoxin-like) domain containing 1
NC_007130.7,43884128,43902548,lypla2,plus,393722,lysophospholipase II
NC_007130.7,43905634,43960666,ankib1a,plus,566524,ankyrin repeat and IBR domain containing 1a
NC_007130.7,43969331,44000634,gatad1,plus,678617,GATA zinc finger domain containing 1
NC_007130.7,43978578,43980914,LOC100330546,plus,100330546,
NC_007130.7,43987122,43989557,si:ch211-255a21.2,plus,796413,
NC_007130.7,43995936,43998061,nkd3,plus,566577,naked cuticle homolog 3
NC_007130.7,44004120,44006445,LOC796282,plus,796282,
NC_007130.7,44009301,44037360,LOC100500933,plus,100500933,naked cuticle-like protein 3
NC_007130.7,44039955,44047176,lrrc14b,plus,566643,leucine rich repeat containing 14B
NC_007130.7,44049500,44055026,uqcrb,minus,554154,ubiquinol-cytochrome c reductase binding protein
NC_007130.7,44058557,44065557,mterf3,minus,436888,mitochondrial transcription termination factor 3
NC_007130.7,44067618,44091405,rad21b,minus,566831,RAD21 cohesin complex component b
NC_007130.7,44123590,45095498,si:ch211-233f16.1,minus,572419,
NC_007130.7,45374866,45650994,trps1,minus,795613,trichorhinophalangeal syndrome I
NC_007130.7,45439850,45439922,trnaq-cug,minus,108180176,
NC_007130.7,45856170,45960191,eif3hb,minus,567151,"eukaryotic translation initiation factor 3, subunit H, b"
NC_007130.7,45962016,45967718,utp23,plus,550514,"UTP23, small subunit (SSU) processome component, homolog (yeast)"
NC_007130.7,45983138,45987838,si:ch211-153f2.3,minus,100534664,
NC_007130.7,45991058,46017829,krit1,minus,321836,"KRIT1, ankyrin repeat containing"
NC_007130.7,46019282,46059009,nup153,minus,571621,nucleoporin 153
NC_007130.7,46066897,46091553,ptdss1b,minus,559442,
NC_007130.7,46095158,46100998,stmnd1,plus,100331092,
NC_007130.7,46113794,46146728,rbm24a,plus,405801,RNA binding motif protein 24a
NC_007130.7,46158080,46210914,cap2,plus,393809,"CAP, adenylate cyclase-associated protein, 2 (yeast)"
NC_007130.7,46218099,46222070,aunip,minus,103909277,
NC_007130.7,46222430,46238624,vps28,plus,393562,vacuolar protein sorting 28 (yeast)
NC_007130.7,46240165,46257880,mapk15,plus,553780,mitogen-activated protein kinase 15
NC_007130.7,46259632,46303622,grinaa,plus,724005,"glutamate receptor, ionotropic, N-methyl D-aspartate-associated protein 1a (glutamate binding)"
NC_007130.7,46309551,46361677,slc30a8,plus,560642,
NC_007130.7,46372031,46411359,med30,plus,393690,mediator complex subunit 30
NC_007130.7,46421344,46566430,ext1b,minus,497280,exostosin glycosyltransferase 1b
NC_007130.7,46421800,46440476,LOC110438132,plus,110438132,
NC_007130.7,46615141,46764417,samd12,minus,797592,
NC_007130.7,46772018,46777963,abrab,minus,445477,actin binding Rho activating protein b
NC_007130.7,46781542,46781905,LOC108180091,minus,108180091,
NC_007130.7,46812760,46957887,angpt1,minus,114407,angiopoietin 1
NC_007130.7,47191403,47276297,sdc2,minus,282667,syndecan 2
NC_007130.7,47278868,47289893,ppp1r36,minus,101885519,
NC_007130.7,47290279,47298654,tpmt.1,plus,436842,"thiopurine S-methyltransferase, tandem duplicate 1"
NC_007130.7,47298974,47309579,tpmt.2,plus,573111,"thiopurine S-methyltransferase, tandem duplicate 2"
NC_007130.7,47333326,47336438,LOC108179064,plus,108179064,
NC_007130.7,47405912,47423628,psmb2,plus,436882,proteasome subunit beta 2
NC_007130.7,47430954,47456898,tfap2e,minus,393794,transcription factor AP-2 epsilon
NC_007130.7,47460664,47476458,ncdn,minus,571005,
NC_007130.7,47476908,47481624,zgc:114119,plus,619273,zgc:114119
NC_007130.7,47483174,47501781,ext1c,minus,497281,exostoses (multiple) 1c
NC_007130.7,47502536,47522379,LOC103909278,plus,103909278,
NC_007130.7,47522011,47523923,LOC100332300,minus,100332300,
NC_007130.7,47524034,47527148,scg5,minus,393699,secretogranin V
NC_007130.7,47549565,47555973,si:ch73-187m15.4,minus,337770,
NC_007130.7,47564890,47570667,rrm2,minus,30733,ribonucleotide reductase M2 polypeptide
NC_007130.7,47577596,47578019,LOC101883170,minus,101883170,
NC_007130.7,47578705,47639964,LOC572450,minus,572450,
NC_007130.7,47773015,47782952,cdca8,minus,492815,cell division cycle associated 8
NC_007130.7,47783106,47787277,c19h1orf109,plus,286778,c19h1orf109 homolog (H. sapiens)
NC_007130.7,47789076,47795125,si:ch73-15n15.3,minus,570842,
NC_007130.7,47800698,47832853,ago4,minus,100535764,argonaute RISC catalytic component 4
NC_007130.7,47839088,47927261,clspn,plus,564151,
NC_007130.7,47936101,47940755,c19h1orf216,plus,101883800,
NC_007130.7,47941140,47964894,LOC101885765,minus,101885765,
NC_007130.7,47969842,48018231,zgc:158376,minus,100101643,zgc:158376
NC_007130.7,47975912,47997424,ctnnb2,minus,324004,"catenin, beta 2"
NC_007130.7,48004528,48010490,LOC110437745,minus,110437745,
NC_007130.7,48018609,48023768,si:ch1073-205c8.3,plus,564377,
NC_007130.7,48024457,48037723,kpnb1,plus,570700,karyopherin (importin) beta 1
NC_007130.7,48037014,48040013,csf3b,minus,100190920,colony stimulating factor 3 (granulocyte) b
NC_007130.7,48049247,48059334,psmd3,plus,393544,"proteasome 26S subunit, non-ATPase 3"
NC_007130.7,48060473,48069778,zgc:85936,plus,406563,zgc:85936
NC_007130.7,48077575,48099277,tnxb,plus,100333633,
NC_007130.7,48099287,48106519,utp18,minus,767797,UTP18 small subunit (SSU) processome component
NC_007130.7,48111285,48114446,nme2b.2,plus,30084,"NME/NM23 nucleoside diphosphate kinase 2b, tandem duplicate 2"
NC_007130.7,48114344,48118005,LOC101884524,minus,101884524,
NC_007130.7,48117309,48120288,nme2b.1,plus,30083,"NME/NM23 nucleoside diphosphate kinase 2b, tandem duplicate 1"
NC_007130.7,48124151,48144149,si:ch1073-366l7.1,plus,101884468,
NC_007130.7,48139755,48145313,btr30,plus,393394,"bloodthirsty-related gene family, member 30"
NC_007130.7,48160384,48186103,LOC110437762,plus,110437762,
NC_007130.7,48215597,48287580,prdm1b,plus,569677,
NC_007130.7,48290786,48308401,zgc:101785,plus,450032,zgc:101785
NC_007130.7,48300289,48306931,si:ch73-359m17.11,minus,101883793,
NC_007130.7,48308746,48312027,si:ch73-359m17.9,minus,100000433,si:ch73-359m17.9
NC_007130.7,48329324,48330297,LOC100536771,minus,100536771,
NC_007130.7,48334088,48336581,si:ch73-359m17.6,minus,101883756,
NC_007130.7,48339355,48340773,si:ch73-359m17.5,minus,101883666,
NC_007130.7,48351550,48363436,sgol1,plus,791138,shugoshin-like 1 (S. pombe)
NC_007130.7,48364866,48371044,rpl14,minus,323365,ribosomal protein L14
NC_007130.7,48372086,48372157,trnap-agg,plus,108180179,
NC_007130.7,48373152,48373946,LOC101883623,plus,101883623,
NC_007130.7,48373974,48378335,LOC100329433,plus,100329433,
NC_007130.7,48378823,48378894,trnap-agg,plus,108180180,
NC_007130.7,48382960,48391407,si:ch73-359m17.2,minus,799904,si:ch73-359m17.2
NC_007130.7,48390861,48407362,topaz1,plus,101883830,
NC_007130.7,48410343,48416755,si:ch1073-376c22.1,plus,100000126,si:ch1073-376c22.1
