"Genes, NCBI Oreochromis niloticus Annotation Release 104, 2018-07-26",,,,,,
Accession,Start,Stop,Gene symbol,Strand,NCBI Gene ID,Name
NC_031973.2,2645,2717,trnav-uac,plus,109203317,
NC_031973.2,3186,3257,trnaq-cug,minus,109203375,
NC_031973.2,3417,3488,trnad-guc,plus,109203318,
NC_031973.2,4009,4081,trnav-aac,plus,109203319,
NC_031973.2,4685,4757,trnav-uac,plus,109203320,
NC_031973.2,5225,5296,trnaq-cug,minus,109203376,
NC_031973.2,5456,5527,trnad-guc,plus,109203321,
NC_031973.2,6050,6122,trnav-aac,plus,109203322,
NC_031973.2,6726,6798,trnav-uac,plus,109203323,
NC_031973.2,7266,7337,trnaq-cug,minus,109203377,
NC_031973.2,7496,7567,trnad-guc,plus,109203324,
NC_031973.2,8089,8161,trnav-aac,plus,109203325,
NC_031973.2,8765,8837,trnav-uac,plus,109203326,
NC_031973.2,9306,9377,trnaq-cug,minus,109203378,
NC_031973.2,9537,9607,trnad-guc,plus,109203328,
NC_031973.2,10129,10201,trnav-aac,plus,109203329,
NC_031973.2,10805,10877,trnav-uac,plus,109203330,
NC_031973.2,11582,11653,trnaq-cug,minus,109203379,
NC_031973.2,11813,11884,trnad-guc,plus,109203331,
NC_031973.2,12403,16395,LOC112847677,plus,112847677,
NC_031973.2,12406,12478,trnav-aac,plus,109203332,
NC_031973.2,13082,13154,trnav-uac,plus,109203333,
NC_031973.2,14404,14475,trnaq-cug,minus,109203380,
NC_031973.2,14635,14706,trnad-guc,plus,109203334,
NC_031973.2,15229,15301,trnav-aac,plus,109203335,
NC_031973.2,16285,21317,LOC109203181,minus,109203181,
NC_031973.2,22469,31941,LOC100710590,minus,100710590,
NC_031973.2,39310,45012,LOC100710859,minus,100710859,
NC_031973.2,47622,57637,LOC102081504,minus,102081504,
NC_031973.2,62954,72343,LOC102081668,minus,102081668,
NC_031973.2,72391,76774,LOC112847679,plus,112847679,
NC_031973.2,76485,85871,LOC100704888,minus,100704888,
NC_031973.2,87137,110931,LOC100705950,minus,100705950,
NC_031973.2,111022,117462,LOC100711123,minus,100711123,
NC_031973.2,117472,125811,lg8h10orf88,plus,100711393,
NC_031973.2,129397,131358,LOC106098536,minus,106098536,
NC_031973.2,136286,139265,LOC106097621,minus,106097621,
NC_031973.2,138839,139870,LOC112847643,plus,112847643,
NC_031973.2,141208,144385,LOC109194411,minus,109194411,
NC_031973.2,147050,177742,htra1,minus,100711666,
NC_031973.2,188583,213873,LOC100711938,minus,100711938,
NC_031973.2,219940,223680,LOC100712206,plus,100712206,
NC_031973.2,223622,256395,LOC100712474,plus,100712474,
NC_031973.2,256313,261923,LOC100689855,minus,100689855,
NC_031973.2,323154,325192,LOC102080796,plus,102080796,
NC_031973.2,337354,915379,LOC100690120,plus,100690120,
NC_031973.2,458041,477485,LOC102080555,minus,102080555,
NC_031973.2,549611,554103,LOC112847724,minus,112847724,
NC_031973.2,719927,725174,LOC100692543,minus,100692543,
NC_031973.2,888756,891097,LOC106098542,minus,106098542,
NC_031973.2,1050535,1054201,LOC109203165,minus,109203165,
NC_031973.2,1055062,1098630,LOC102080227,minus,102080227,
NC_031973.2,1060281,1073569,LOC102080166,plus,102080166,
NC_031973.2,1099242,1100976,LOC100690386,plus,100690386,
NC_031973.2,1101421,1105289,LOC112847629,minus,112847629,
NC_031973.2,1108995,1110428,LOC100690660,minus,100690660,
NC_031973.2,1112976,1114587,LOC100690931,minus,100690931,
NC_031973.2,1119886,1122581,LOC102079793,plus,102079793,
NC_031973.2,1129427,1149631,LOC100691196,minus,100691196,
NC_031973.2,1159524,1175112,LOC100691465,plus,100691465,
NC_031973.2,1180371,1189725,LOC109203192,plus,109203192,
NC_031973.2,1214193,1221453,LOC112847707,minus,112847707,
NC_031973.2,1229171,1238074,LOC100691733,plus,100691733,
NC_031973.2,1238308,1269177,LOC100692003,plus,100692003,
NC_031973.2,1282491,1287109,LOC100692272,plus,100692272,
NC_031973.2,1293580,1473239,LOC100693624,plus,100693624,
NC_031973.2,1335213,1342794,LOC100692812,plus,100692812,
NC_031973.2,1370770,1374030,LOC106098535,plus,106098535,
NC_031973.2,1413528,1425537,LOC100693088,plus,100693088,
NC_031973.2,1448615,1456605,LOC100693359,plus,100693359,
NC_031973.2,1448659,1535528,LOC100705158,plus,100705158,
NC_031973.2,1540395,1546027,LOC100694161,minus,100694161,
NC_031973.2,1547987,1595540,stxbp4,plus,102076021,
NC_031973.2,1595928,1604041,LOC112847700,plus,112847700,
NC_031973.2,1611891,1624349,LOC100705428,plus,100705428,
NC_031973.2,1648172,1651226,LOC102078757,plus,102078757,
NC_031973.2,1651361,1659809,LOC100705690,minus,100705690,
NC_031973.2,1661677,1665133,LOC100694698,minus,100694698,
NC_031973.2,1665330,1742455,ankfn1,plus,100694956,
NC_031973.2,1679353,1696536,LOC112847701,minus,112847701,
NC_031973.2,1746403,1748063,LOC100695227,plus,100695227,
NC_031973.2,1753862,1759873,LOC100695490,minus,100695490,
NC_031973.2,1760059,1771812,LOC100695755,plus,100695755,
NC_031973.2,1780133,1783420,LOC100696016,plus,100696016,
NC_031973.2,1788923,1791151,LOC100696281,plus,100696281,
NC_031973.2,1799945,1815869,LOC100706219,plus,100706219,
NC_031973.2,1816466,1825608,LOC100696543,plus,100696543,
NC_031973.2,1825723,1830888,LOC100706482,minus,100706482,
NC_031973.2,1836458,1852249,heatr1,minus,100706754,
NC_031973.2,1852740,1855665,LOC100696809,minus,100696809,
NC_031973.2,1857939,1872142,LOC100697076,plus,100697076,
NC_031973.2,1871930,1988810,LOC102076067,minus,102076067,
NC_031973.2,1990628,2017131,LOC100697348,minus,100697348,
NC_031973.2,2020202,2022174,LOC109203195,minus,109203195,
NC_031973.2,2027776,2037260,LOC100697616,minus,100697616,
NC_031973.2,2037700,2041212,LOC100697883,plus,100697883,
NC_031973.2,2042840,2046376,LOC109203194,plus,109203194,
NC_031973.2,2052347,2067373,a1cf,minus,100707024,
NC_031973.2,2062870,2066899,LOC112847674,plus,112847674,
NC_031973.2,2071710,2146619,LOC100707466,plus,100707466,
NC_031973.2,2092368,2098981,LOC109203193,plus,109203193,
NC_031973.2,2148017,2160215,LOC102075675,plus,102075675,
NC_031973.2,2160279,2181732,asah2,minus,100698150,
NC_031973.2,2168132,2171901,LOC112847683,plus,112847683,
NC_031973.2,2189097,2198505,LOC100698413,plus,100698413,
NC_031973.2,2215914,2219489,LOC100698680,minus,100698680,
NC_031973.2,2220836,2224527,LOC102082262,minus,102082262,
NC_031973.2,2230758,2237187,LOC100698950,minus,100698950,
NC_031973.2,2267394,2276680,LOC100706666,minus,100706666,
NC_031973.2,2278455,2281394,LOC100699215,minus,100699215,
NC_031973.2,2287131,2295363,LOC100699487,plus,100699487,
NC_031973.2,2298651,2313006,LOC100699756,minus,100699756,
NC_031973.2,2312861,2319229,bbs1,plus,100700021,
NC_031973.2,2320351,2321784,LOC100706937,plus,100706937,
NC_031973.2,2332661,2336289,LOC100700292,plus,100700292,
NC_031973.2,2340593,2345279,atad1,minus,100700569,
NC_031973.2,2359614,2370676,LOC100707201,plus,100707201,
NC_031973.2,2372229,2376419,rnls,minus,100700836,
NC_031973.2,2376293,2382799,LOC100707631,plus,100707631,
NC_031973.2,2382241,2385146,ankrd22,minus,100707903,
NC_031973.2,2385879,2394797,stambpl1,plus,100701107,
NC_031973.2,2399006,2405126,acta2,minus,100708176,
NC_031973.2,2420315,2422475,LOC100701652,minus,100701652,
NC_031973.2,2435485,2436910,ch25h,minus,109194213,
NC_031973.2,2445803,2447142,LOC109203160,minus,109203160,
NC_031973.2,2458484,2476527,LOC100701926,plus,100701926,
NC_031973.2,2466179,2467179,LOC109203199,minus,109203199,
NC_031973.2,2476678,2510964,LOC100702194,plus,100702194,
NC_031973.2,2478335,2489663,LOC102079661,plus,102079661,
NC_031973.2,2512260,2521809,noc3l,minus,100702463,
NC_031973.2,2524064,2526793,LOC100702734,minus,100702734,
NC_031973.2,2527487,2534580,nudt13,minus,100703001,
NC_031973.2,2534939,2548866,rpp30,plus,100703274,
NC_031973.2,2550192,2562050,LOC100708635,minus,100708635,
NC_031973.2,2582196,2586408,LOC106098540,plus,106098540,
NC_031973.2,2698303,2770482,LOC100709080,minus,100709080,
NC_031973.2,2772082,2797366,LOC109203200,minus,109203200,
NC_031973.2,2778875,2792674,syde1,plus,100703543,
NC_031973.2,2796010,2800851,LOC100710637,plus,100710637,
NC_031973.2,2848406,2940142,tcerg1l,plus,100704085,
NC_031973.2,2945145,2949274,LOC106098538,plus,106098538,
NC_031973.2,2949452,3008222,jakmip3,plus,100710326,
NC_031973.2,3028692,3042348,LOC100704353,plus,100704353,
NC_031973.2,3045216,3057785,LOC100704621,plus,100704621,
NC_031973.2,3111109,3111180,trnaq-cug,plus,109203374,
NC_031973.2,3111644,3111716,trnav-uac,minus,109203315,
NC_031973.2,3112317,3112390,trnav-aac,minus,109203314,
NC_031973.2,3113136,3113207,trnaq-cug,plus,109203373,
NC_031973.2,3113669,3113740,trnav-uac,minus,109203313,
NC_031973.2,3114337,3114409,trnav-aac,minus,109203312,
NC_031973.2,3114927,3114998,trnad-guc,minus,109203311,
NC_031973.2,3115156,3115227,trnaq-cug,plus,109203372,
NC_031973.2,3115707,3115779,trnav-uac,minus,109203310,
NC_031973.2,3116383,3116454,trnav-aac,minus,109203309,
NC_031973.2,3116976,3117047,trnad-guc,minus,109203308,
NC_031973.2,3117206,3117277,trnaq-cug,plus,109203370,
NC_031973.2,3117748,3117820,trnav-uac,minus,109203307,
NC_031973.2,3118422,3118494,trnav-aac,minus,109203306,
NC_031973.2,3119017,3119088,trnad-guc,minus,109203304,
NC_031973.2,3119248,3119319,trnaq-cug,plus,109203369,
NC_031973.2,3122448,3122520,trnav-uac,minus,109203303,
NC_031973.2,3123124,3123196,trnav-aac,minus,109203302,
NC_031973.2,3123719,3123790,trnad-guc,minus,109203301,
NC_031973.2,3123950,3124021,trnaq-cug,plus,109203368,
NC_031973.2,3124489,3124561,trnav-uac,minus,109203300,
NC_031973.2,3125165,3125237,trnav-aac,minus,109203299,
NC_031973.2,3125760,3125831,trnad-guc,minus,109203298,
NC_031973.2,3125991,3126062,trnaq-cug,plus,109203367,
NC_031973.2,3126531,3126603,trnav-uac,minus,109203297,
NC_031973.2,3127207,3127279,trnav-aac,minus,109203296,
NC_031973.2,3127802,3127873,trnad-guc,minus,109203295,
NC_031973.2,3128033,3128104,trnaq-cug,plus,109203366,
NC_031973.2,3132258,3132330,trnav-cac,minus,109203293,
NC_031973.2,3132934,3133006,trnav-aac,minus,109203292,
NC_031973.2,3133529,3133600,trnad-guc,minus,109203291,
NC_031973.2,3133760,3133831,trnaq-cug,plus,109203365,
NC_031973.2,3134300,3134372,trnav-cac,minus,109203290,
NC_031973.2,3134976,3135048,trnav-aac,minus,109203289,
NC_031973.2,3135570,3135641,trnad-guc,minus,109203461,
NC_031973.2,3135801,3135872,trnaq-cug,plus,109203364,
NC_031973.2,3136341,3136413,trnav-cac,minus,109203460,
NC_031973.2,3137017,3137089,trnav-aac,minus,109203459,
NC_031973.2,3137610,3137681,trnad-guc,minus,109203458,
NC_031973.2,3137841,3137912,trnaq-cug,plus,109203363,
NC_031973.2,3138381,3138453,trnav-cac,minus,109203457,
NC_031973.2,3139056,3139128,trnav-aac,minus,109203455,
NC_031973.2,3139650,3139721,trnad-guc,minus,109203454,
NC_031973.2,3139881,3139952,trnaq-cug,plus,109203362,
NC_031973.2,3140419,3140491,trnav-cac,minus,109203453,
NC_031973.2,3141093,3141165,trnav-aac,minus,109203452,
NC_031973.2,3141683,3141754,trnad-guc,minus,109203451,
NC_031973.2,3141913,3141984,trnaq-cug,plus,109203361,
NC_031973.2,3142451,3142523,trnav-cac,minus,109203450,
NC_031973.2,3143126,3143198,trnav-aac,minus,109203449,
NC_031973.2,3143719,3143790,trnad-guc,minus,109203448,
NC_031973.2,3143950,3144021,trnaq-cug,plus,109203359,
NC_031973.2,3144490,3144562,trnav-cac,minus,109203447,
NC_031973.2,3145165,3145237,trnav-aac,minus,109203446,
NC_031973.2,3145759,3145830,trnad-guc,minus,109203444,
NC_031973.2,3145990,3146061,trnaq-cug,plus,109203358,
NC_031973.2,3150190,3150262,trnav-cac,minus,109203443,
NC_031973.2,3150866,3150938,trnav-aac,minus,109203442,
NC_031973.2,3151461,3151532,trnad-guc,minus,109203441,
NC_031973.2,3151692,3151763,trnaq-cug,plus,109203357,
NC_031973.2,3152232,3152304,trnav-cac,minus,109203440,
NC_031973.2,3152908,3152980,trnav-aac,minus,109203439,
NC_031973.2,3153503,3153574,trnad-guc,minus,109203438,
NC_031973.2,3153734,3153805,trnaq-cug,plus,109203356,
NC_031973.2,3154274,3154346,trnav-cac,minus,109203437,
NC_031973.2,3154950,3155022,trnav-aac,minus,109203436,
NC_031973.2,3155544,3155615,trnad-guc,minus,109203435,
NC_031973.2,3155775,3155846,trnaq-cug,plus,109203355,
NC_031973.2,3156314,3156386,trnav-cac,minus,109203433,
NC_031973.2,3156990,3157062,trnav-aac,minus,109203432,
NC_031973.2,3157585,3157656,trnad-guc,minus,109203431,
NC_031973.2,3157816,3157887,trnaq-cug,plus,109203354,
NC_031973.2,3158356,3158428,trnav-cac,minus,109203430,
NC_031973.2,3159031,3159103,trnav-aac,minus,109203429,
NC_031973.2,3159626,3159696,trnad-guc,minus,109203428,
NC_031973.2,3159856,3159927,trnaq-cug,plus,109203353,
NC_031973.2,3161061,3161132,trnav-aac,minus,109203427,
NC_031973.2,3161652,3161723,trnad-guc,minus,109203426,
NC_031973.2,3161883,3161954,trnaq-cug,plus,109203352,
NC_031973.2,3162422,3162494,trnav-cac,minus,109203416,
NC_031973.2,3163097,3163169,trnav-aac,minus,109203405,
NC_031973.2,3163692,3163763,trnad-guc,minus,109203393,
NC_031973.2,3163923,3163994,trnaq-cug,plus,109203351,
NC_031973.2,3164463,3164535,trnav-cac,minus,109203382,
NC_031973.2,3165139,3165211,trnav-aac,minus,109203371,
NC_031973.2,3165734,3165805,trnad-guc,minus,109203360,
NC_031973.2,3165965,3166036,trnaq-cug,plus,109203350,
NC_031973.2,3166504,3166576,trnav-cac,minus,109203349,
NC_031973.2,3167180,3167252,trnav-aac,minus,109203338,
NC_031973.2,3167775,3167846,trnad-guc,minus,109203327,
NC_031973.2,3168006,3168077,trnaq-cug,plus,109203348,
NC_031973.2,3168546,3168618,trnav-cac,minus,109203316,
NC_031973.2,3169222,3169294,trnav-aac,minus,109203305,
NC_031973.2,3192526,3198362,LOC100711392,plus,100711392,
NC_031973.2,3204197,3212944,LOC102083040,plus,102083040,
NC_031973.2,3219411,3239412,LOC109203184,minus,109203184,
NC_031973.2,3254541,3260914,LOC100705156,plus,100705156,
NC_031973.2,3267830,3343966,LOC100711936,plus,100711936,
NC_031973.2,3344911,3413834,LOC100712205,minus,100712205,
NC_031973.2,3432588,3440473,LOC102076612,minus,102076612,
NC_031973.2,3449878,3453724,LOC106098477,minus,106098477,
NC_031973.2,3456242,3479179,LOC102076428,plus,102076428,
NC_031973.2,3464759,3467832,LOC109203183,plus,109203183,
NC_031973.2,3491960,3497014,LOC102076345,minus,102076345,
NC_031973.2,3500134,3517522,LOC100690385,minus,100690385,
NC_031973.2,3519827,3543873,cep131,minus,100690659,
NC_031973.2,3544675,3580123,LOC102077096,minus,102077096,
NC_031973.2,3584948,3601354,nploc4,minus,100696539,
NC_031973.2,3603367,3606501,LOC100690930,plus,100690930,
NC_031973.2,3606943,3612179,LOC102077854,plus,102077854,
NC_031973.2,3614859,3622468,LOC102078572,plus,102078572,
NC_031973.2,3626893,3630268,LOC100691195,plus,100691195,
NC_031973.2,3632314,3638284,LOC100691464,plus,100691464,
NC_031973.2,3640763,3644536,pde6g,minus,100696806,
NC_031973.2,3648625,3651677,oxld1,minus,100697073,
NC_031973.2,3671402,3682536,gprc5c,minus,100691732,
NC_031973.2,3688954,3698634,LOC100692002,minus,100692002,
NC_031973.2,3713497,3718483,LOC100692271,plus,100692271,
NC_031973.2,3720347,3763168,LOC100697345,plus,100697345,
NC_031973.2,3820762,3825950,kcnj2,minus,100692542,
NC_031973.2,3830161,3830754,LOC112847716,plus,112847716,
NC_031973.2,3830832,3839849,LOC109203254,minus,109203254,
NC_031973.2,3840280,3840636,LOC112847717,plus,112847717,
NC_031973.2,3843648,3862202,LOC100692811,minus,100692811,
NC_031973.2,3873974,3885577,LOC102079152,plus,102079152,
NC_031973.2,3928031,3936558,LOC100693087,plus,100693087,
NC_031973.2,3936762,3949470,exoc7,minus,100697612,
NC_031973.2,3950386,3955449,tvp23b,minus,100698590,trans-golgi network vesicle protein 23 homolog B
NC_031973.2,3956669,3967458,LOC100693358,minus,100693358,
NC_031973.2,3965628,3965944,LOC112847675,plus,112847675,
NC_031973.2,3969503,3980495,fads6,minus,102082090,
NC_031973.2,3982509,3993159,LOC100698861,minus,100698861,
NC_031973.2,4000811,4006473,LOC102081765,plus,102081765,
NC_031973.2,4006487,4021700,LOC100699128,minus,100699128,
NC_031973.2,4024396,4030384,LOC100693623,plus,100693623,
NC_031973.2,4035918,4037504,LOC100693886,plus,100693886,
NC_031973.2,4038651,4039802,LOC100694160,plus,100694160,
NC_031973.2,4040098,4043782,LOC100699395,minus,100699395,
NC_031973.2,4045988,4049415,LOC106098479,plus,106098479,
NC_031973.2,4049229,4052051,LOC112847687,minus,112847687,
NC_031973.2,4052533,4059799,LOC109203178,plus,109203178,
NC_031973.2,4069253,4080429,LOC102081151,minus,102081151,
NC_031973.2,4095828,4101126,LOC100694427,plus,100694427,
NC_031973.2,4117397,4156493,LOC100694697,plus,100694697,
NC_031973.2,4132370,4142241,LOC102080917,minus,102080917,
NC_031973.2,4169826,4173972,LOC102080818,minus,102080818,
NC_031973.2,4192294,4330529,LOC100694955,minus,100694955,
NC_031973.2,4279710,4281409,LOC112847657,minus,112847657,
NC_031973.2,4347895,4371393,LOC100695225,minus,100695225,
NC_031973.2,4374234,4383047,LOC100699666,minus,100699666,
NC_031973.2,4386475,4399013,LOC100695488,minus,100695488,
NC_031973.2,4400784,4403710,LOC102080391,minus,102080391,
NC_031973.2,4409723,4427709,LOC102078859,plus,102078859,
NC_031973.2,4429007,4444683,grn,minus,100695753,
NC_031973.2,4445819,4459301,fam171a2,minus,100696014,
NC_031973.2,4486972,4488278,LOC112847630,plus,112847630,
NC_031973.2,4496047,4498792,LOC102082352,minus,102082352,
NC_031973.2,4513002,4606337,LOC100696279,plus,100696279,
NC_031973.2,4615938,4657023,kansl1,plus,100696540,
NC_031973.2,4659204,4695749,LOC100696807,minus,100696807,
NC_031973.2,4702057,4725269,LOC100697074,plus,100697074,
NC_031973.2,4706116,4711688,LOC102076429,minus,102076429,
NC_031973.2,4726251,4752359,LOC100697346,minus,100697346,
NC_031973.2,4760273,4774320,LOC100697613,minus,100697613,
NC_031973.2,4781453,4877486,LOC100697881,plus,100697881,
NC_031973.2,4878673,4903467,LOC100698148,plus,100698148,
NC_031973.2,4907055,4923569,LOC100698412,minus,100698412,
NC_031973.2,4924630,4935674,tubgcp2,minus,100699933,
NC_031973.2,4941429,4941500,trnad-guc,minus,109203294,
NC_031973.2,4942209,4942280,trnad-guc,minus,109203456,
NC_031973.2,4944846,4944917,trnad-guc,minus,109203445,
NC_031973.2,4945626,4945697,trnad-guc,minus,109203434,
NC_031973.2,4947495,4947566,trnad-guc,minus,109203399,
NC_031973.2,4948826,4962296,kctd2,plus,100700202,
NC_031973.2,4970699,4983929,slc16a5,plus,100700479,
NC_031973.2,4986936,4999581,LOC100698679,plus,100698679,
NC_031973.2,5000823,5030516,LOC100698949,plus,100698949,
NC_031973.2,5001216,5002613,LOC112847659,minus,112847659,
NC_031973.2,5013425,5024552,chad,minus,102077675,
NC_031973.2,5032521,5034679,armc7,minus,100700745,
NC_031973.2,5034833,5038049,LOC100701016,plus,100701016,
NC_031973.2,5040372,5055594,LOC100701289,minus,100701289,
NC_031973.2,5057624,5064858,tex47,plus,100701561,
NC_031973.2,5064048,5166793,LOC100699214,minus,100699214,
NC_031973.2,5085748,5087740,LOC102078501,plus,102078501,
NC_031973.2,5172896,5182519,LOC100701832,plus,100701832,
NC_031973.2,5182800,5184781,LOC112847688,minus,112847688,
NC_031973.2,5185813,5222524,srcap,minus,100699486,
NC_031973.2,5224337,5251449,LOC102079060,minus,102079060,
NC_031973.2,5254924,5256805,mrm1,minus,100699755,
NC_031973.2,5257555,5261701,chmp2a,plus,100702104,
NC_031973.2,5263258,5269701,msl1,minus,100700020,
NC_031973.2,5275118,5280708,snf8,plus,100702367,
NC_031973.2,5280415,5294616,calcoco2,minus,100700291,
NC_031973.2,5292824,5313058,ttll6,plus,100700568,
NC_031973.2,5314959,5334448,hoxb3,plus,100703175,
NC_031973.2,5316954,5319446,LOC100702637,plus,100702637,
NC_031973.2,5319621,5321535,hoxb5,plus,100702905,
NC_031973.2,5334509,5337035,hoxb1,plus,100703445,
NC_031973.2,5337236,5344189,LOC109203175,minus,109203175,
NC_031973.2,5343249,5382499,skap1,plus,100703721,
NC_031973.2,5383902,5394901,snx11,minus,100703989,
NC_031973.2,5399221,5406189,cbx1,plus,100704261,
NC_031973.2,5407797,5418581,nfe2l1,minus,100704701,
NC_031973.2,5418636,5429976,LOC102081066,plus,102081066,
NC_031973.2,5420648,5431616,cdk5rap3,minus,100700834,
NC_031973.2,5433762,5442630,prr15l,plus,100704972,
NC_031973.2,5443112,5447897,pnpo,minus,100701105,
NC_031973.2,5447981,5451586,mrpl10,plus,100705238,
NC_031973.2,5453984,5471260,osbpl7,plus,100705505,
NC_031973.2,5458852,5479326,LOC112847650,minus,112847650,
NC_031973.2,5482243,5504381,tbx21,minus,100705768,
NC_031973.2,5543193,5615503,tbkbp1,minus,100701376,
NC_031973.2,5626829,5635364,LOC100701650,plus,100701650,
NC_031973.2,5646890,5652132,LOC100701924,plus,100701924,
NC_031973.2,5653946,5769273,myo1d,plus,100706030,
NC_031973.2,5775615,5781347,cdk5r1,minus,100706291,
NC_031973.2,5783719,5792864,LOC100706559,plus,100706559,
NC_031973.2,5794159,5823402,LOC100706831,plus,100706831,
NC_031973.2,5825020,5847260,LOC100707095,minus,100707095,
NC_031973.2,5874717,5882454,LOC100707365,plus,100707365,
NC_031973.2,5900042,5943565,LOC102075756,plus,102075756,
NC_031973.2,5961356,6126746,LOC100702192,plus,100702192,
NC_031973.2,6137043,6137854,LOC112847667,minus,112847667,
NC_031973.2,6137935,6147793,dhx8,plus,100702461,
NC_031973.2,6145123,6146351,LOC112847666,minus,112847666,
NC_031973.2,6149760,6205254,LOC102076375,plus,102076375,
NC_031973.2,6155433,6192395,etv4,minus,100534468,
NC_031973.2,6260821,6271043,meox1,minus,100707629,
NC_031973.2,6331658,6340957,LOC112847665,plus,112847665,
NC_031973.2,6390514,6395600,sost,minus,100708173,
NC_031973.2,6405041,6409865,LOC100702732,minus,100702732,
NC_031973.2,6420023,6441843,LOC109194293,minus,109194293,
NC_031973.2,6441776,6444424,LOC102075820,plus,102075820,
NC_031973.2,6480216,6482843,arl4d,minus,100708440,
NC_031973.2,6484733,6491786,LOC100708715,minus,100708715,
NC_031973.2,6494207,6509183,nbr1,minus,100702999,
NC_031973.2,6509200,6516595,psme3,plus,100708984,
NC_031973.2,6519765,6522584,LOC100534530,minus,100534530,
NC_031973.2,6523627,6526070,g6pc,plus,100709522,
NC_031973.2,6534805,6713674,LOC100703272,minus,100703272,
NC_031973.2,6640168,6644244,LOC100703541,plus,100703541,
NC_031973.2,6716815,6726821,acsl5,minus,100709982,
NC_031973.2,6727414,6738672,LOC100703815,plus,100703815,
NC_031973.2,6739196,6744679,tectb,minus,100704083,
NC_031973.2,6745919,6747883,LOC102077794,minus,102077794,
NC_031973.2,6756363,6756435,trnav-cac,plus,109203347,
NC_031973.2,6762845,6780311,LOC100710248,plus,100710248,
NC_031973.2,6781192,6781263,trnac-gca,minus,109203288,
NC_031973.2,6781967,6793963,LOC100710506,plus,100710506,
NC_031973.2,6794300,6806390,LOC100711122,minus,100711122,
NC_031973.2,6808556,6826190,plekhm1,minus,100704351,
NC_031973.2,6828569,6845061,LOC100704886,plus,100704886,
NC_031973.2,6847528,6852122,LOC109203207,minus,109203207,
NC_031973.2,6853402,6858522,LOC100690759,minus,100690759,
NC_031973.2,6859739,6861295,LOC112841720,plus,112841720,
NC_031973.2,6871364,6872407,LOC112847714,minus,112847714,
NC_031973.2,6875610,6876145,LOC109203136,plus,109203136,
NC_031973.2,6886346,6888361,LOC109203155,minus,109203155,
NC_031973.2,6895209,6911872,ifne,plus,100702601,
NC_031973.2,6896422,6897921,LOC100696424,plus,100696424,
NC_031973.2,6908021,6913079,LOC109203266,minus,109203266,
NC_031973.2,6924895,6926823,LOC109203267,minus,109203267,
NC_031973.2,6928372,6929381,LOC112847710,plus,112847710,
NC_031973.2,6939775,6940931,LOC109203156,minus,109203156,
NC_031973.2,6945123,6947216,LOC109203210,minus,109203210,
NC_031973.2,6947238,6949896,LOC109203208,plus,109203208,
NC_031973.2,6952896,6954007,LOC112847709,minus,112847709,
NC_031973.2,6968581,6969530,LOC100691025,minus,100691025,
NC_031973.2,6973175,6974184,LOC109203209,plus,109203209,
NC_031973.2,6976269,6977417,LOC100691290,minus,100691290,
NC_031973.2,6981015,6982022,LOC100706412,plus,100706412,
NC_031973.2,6984083,6988115,LOC109203135,minus,109203135,
NC_031973.2,6989713,6990840,LOC100691561,plus,100691561,
NC_031973.2,6991233,6998696,cd79b,minus,100706679,
NC_031973.2,7001308,7032261,LOC100706950,minus,100706950,
NC_031973.2,7036299,7040585,LOC100691830,plus,100691830,
NC_031973.2,7041167,7043701,LOC100692098,plus,100692098,
NC_031973.2,7050114,7056639,LOC109203115,plus,109203115,
NC_031973.2,7052341,7056639,LOC109203117,plus,109203117,
NC_031973.2,7062788,7073464,pdzd7,plus,100692370,
NC_031973.2,7073460,7118741,LOC100692643,minus,100692643,
NC_031973.2,7132920,7138470,twnk,minus,100692913,
NC_031973.2,7138595,7145549,mrpl43,plus,100707213,
NC_031973.2,7146014,7202239,sema4g,minus,100693185,
NC_031973.2,7205013,7216210,mfsd13a,plus,100707477,
NC_031973.2,7217209,7217323,LOC112847734,plus,112847734,
NC_031973.2,7218665,7250129,arhgap27,plus,100693461,
NC_031973.2,7250732,7261023,vps25,plus,100707743,
NC_031973.2,7261669,7308037,wnk4,plus,100693721,
NC_031973.2,7308242,7310074,LOC100708012,minus,100708012,
NC_031973.2,7310101,7316320,cntd1,plus,100693989,
NC_031973.2,7316451,7321462,LOC102076803,minus,102076803,
NC_031973.2,7325852,7489398,tanc2,plus,100708283,
NC_031973.2,7384312,7425672,LOC112847695,minus,112847695,
NC_031973.2,7489756,7493399,g6pc3,minus,100708552,
NC_031973.2,7493651,7502215,lsm12,plus,100708821,
NC_031973.2,7502376,7508348,LOC102077598,plus,102077598,
NC_031973.2,7508670,7513575,tmem101,minus,100694265,
NC_031973.2,7515958,7517265,LOC100709091,plus,100709091,
NC_031973.2,7520337,7530281,LOC100709359,plus,100709359,
NC_031973.2,7556243,7574385,LOC100694532,plus,100694532,collagen alpha-1(I) chain-like
NC_031973.2,7577139,7581620,LOC100694800,minus,100694800,
NC_031973.2,7583546,7605557,LOC100709627,plus,100709627,
NC_031973.2,7605708,7611968,LOC100709898,minus,100709898,
NC_031973.2,7610384,7610454,trnag-ccc,plus,109203346,
NC_031973.2,7611642,7617098,LOC102083282,plus,102083282,
NC_031973.2,7700000,7736615,LOC100710166,minus,100710166,
NC_031973.2,7788183,7824406,LOC100695060,plus,100695060,
NC_031973.2,7828044,7846558,LOC100710426,plus,100710426,
NC_031973.2,7870708,7902757,LOC112847663,minus,112847663,
NC_031973.2,7943389,7944608,LOC109203281,plus,109203281,
NC_031973.2,7971085,7979276,pmp22,minus,100710692,
NC_031973.2,7987047,7997113,tekt3,minus,100710957,
NC_031973.2,8019335,8038218,cdc42ep4,minus,100711226,
NC_031973.2,8041622,8304407,sdk2,minus,100695327,
NC_031973.2,8402818,8405061,LOC102079704,plus,102079704,
NC_031973.2,8434451,8450030,LOC112847638,plus,112847638,
NC_031973.2,8459867,8462932,LOC109203119,minus,109203119,
NC_031973.2,8493282,8497365,LOC112847632,minus,112847632,
NC_031973.2,8522524,8525819,rpl38,plus,100711498,
NC_031973.2,8526634,8594624,ttyh2,plus,100695593,
NC_031973.2,8596575,8619515,LOC102075651,plus,102075651,
NC_031973.2,8621779,8652150,LOC102080367,plus,102080367,
NC_031973.2,8636532,8636678,LOC112847732,minus,112847732,
NC_031973.2,8664736,8677661,LOC100695860,plus,100695860,
NC_031973.2,8679805,8713724,kif19,plus,100696121,
NC_031973.2,8715277,8720669,LOC102080462,plus,102080462,
NC_031973.2,8721232,8726992,LOC100696385,plus,100696385,
NC_031973.2,8776429,8836882,LOC100696649,minus,100696649,
NC_031973.2,8854609,8869984,rgs9,minus,100711772,
NC_031973.2,8870754,8882857,LOC100712037,plus,100712037,
NC_031973.2,8883262,8890180,LOC100696915,plus,100696915,
NC_031973.2,8890569,8899921,bicral,minus,102081185,
NC_031973.2,8900751,8902018,tbcc,plus,100712305,
NC_031973.2,8903438,8911098,prph2,plus,100697182,
NC_031973.2,8916260,8934131,qki,plus,100712570,
NC_031973.2,8938579,8942840,timm23,plus,100689953,
NC_031973.2,8942021,8945578,LOC100697449,minus,100697449,
NC_031973.2,8948481,8955153,LOC102082481,minus,102082481,
NC_031973.2,8954742,8960536,LOC100697716,plus,100697716,
NC_031973.2,8960583,8967555,nat9,plus,100690219,
NC_031973.2,8966618,8971303,lrrc59,minus,100690486,
NC_031973.2,8973251,8983529,LOC100697977,minus,100697977,
NC_031973.2,8989101,8999827,LOC109203134,minus,109203134,
NC_031973.2,9001495,9019272,LOC100698248,minus,100698248,
NC_031973.2,9021876,9051642,LOC100698779,minus,100698779,
NC_031973.2,9061039,9136873,LOC100691968,minus,100691968,
NC_031973.2,9152833,9154092,LOC112847696,minus,112847696,
NC_031973.2,9185968,9192928,LOC100691431,minus,100691431,
NC_031973.2,9197606,9205048,LOC100691160,minus,100691160,
NC_031973.2,9216197,9218668,LOC100690895,minus,100690895,
NC_031973.2,9234755,9252563,LOC109203133,minus,109203133,
NC_031973.2,9281719,9284894,LOC109203161,plus,109203161,
NC_031973.2,9285659,9287860,LOC109203139,plus,109203139,
NC_031973.2,9287905,9290261,LOC109203204,plus,109203204,
NC_031973.2,9290404,9291709,LOC109203205,minus,109203205,
NC_031973.2,9299047,9304130,LOC109203247,minus,109203247,
NC_031973.2,9306587,9317667,LOC100710112,minus,100710112,
NC_031973.2,9336030,9342356,LOC100709845,minus,100709845,
NC_031973.2,9346324,9353035,LOC100709573,minus,100709573,
NC_031973.2,9363800,9387684,rnf157,minus,100709307,
NC_031973.2,9388082,9391277,LOC100710640,plus,100710640,
NC_031973.2,9391432,9416568,LOC100709034,plus,100709034,
NC_031973.2,9421190,9435051,LOC109203140,plus,109203140,
NC_031973.2,9438976,9452336,LOC109203206,plus,109203206,
NC_031973.2,9452472,9466598,LOC100708765,plus,100708765,
NC_031973.2,9478316,9487047,LOC102082245,plus,102082245,
NC_031973.2,9493947,9494566,LOC102082343,plus,102082343,
NC_031973.2,9507484,9520910,LOC112847711,plus,112847711,
NC_031973.2,9536940,9538570,LOC112847720,plus,112847720,
NC_031973.2,9605595,9628734,LOC100708495,plus,100708495,
NC_031973.2,9630563,9641377,LOC106097985,plus,106097985,
NC_031973.2,9647786,9655499,LOC100691443,plus,100691443,
NC_031973.2,9671769,9681027,LOC100691711,plus,100691711,
NC_031973.2,9688194,9697940,LOC100691981,minus,100691981,
NC_031973.2,9708321,9716779,LOC100692518,plus,100692518,
NC_031973.2,9719311,9719425,LOC112847733,plus,112847733,
NC_031973.2,9723643,9737895,trim8,plus,100702882,
NC_031973.2,9750738,9755146,arl3,minus,100703148,
NC_031973.2,9754550,9769501,sfxn2,plus,100703418,
NC_031973.2,9772403,9789362,timp2,plus,100703694,
NC_031973.2,9796420,9819729,LOC100692787,plus,100692787,
NC_031973.2,9821233,9867162,pgs1,minus,100703961,
NC_031973.2,9864474,9873405,LOC100704232,plus,100704232,
NC_031973.2,9890904,9895576,LOC100693061,plus,100693061,
NC_031973.2,9895933,9896014,trnal-uag,minus,109203381,
NC_031973.2,9896652,9909907,eef2k,plus,100693329,
NC_031973.2,9911086,9911167,trnal-aag,plus,109203336,
NC_031973.2,9911262,9922036,polr3e,plus,100704501,
NC_031973.2,9922055,9927246,LOC112847625,minus,112847625,
NC_031973.2,9928252,9934066,cdr2,minus,100704770,
NC_031973.2,9944817,9977701,LOC100693859,plus,100693859,
NC_031973.2,9951809,9959151,LOC100693598,minus,100693598,
NC_031973.2,9989471,10030705,LOC100705041,minus,100705041,
NC_031973.2,10032565,10046109,LOC109203141,plus,109203141,
NC_031973.2,10050386,10053164,LOC102079157,plus,102079157,
NC_031973.2,10064376,10069848,LOC102076020,plus,102076020,
NC_031973.2,10083833,10085711,LOC109203212,plus,109203212,
NC_031973.2,10091244,10094694,LOC109203213,plus,109203213,
NC_031973.2,10097105,10104174,LOC100694133,plus,100694133,
NC_031973.2,10105824,10128595,sec24c,minus,100706727,
NC_031973.2,10130664,10143910,LOC100694402,plus,100694402,
NC_031973.2,10144664,10159207,LOC112841692,plus,112841692,
NC_031973.2,10162102,10213267,LOC100694670,plus,100694670,
NC_031973.2,10238715,10301125,LOC100707262,plus,100707262,
NC_031973.2,10305117,10320122,LOC100707522,plus,100707522,
NC_031973.2,10323058,10334175,LOC100694933,plus,100694933,
NC_031973.2,10335365,10336590,LOC109203215,plus,109203215,
NC_031973.2,10344554,10347240,LOC102077219,plus,102077219,
NC_031973.2,10347374,10350329,LOC102077154,plus,102077154,
NC_031973.2,10355287,10374107,LOC100707972,minus,100707972,
NC_031973.2,10386672,10394600,LOC100695204,minus,100695204,
NC_031973.2,10394807,10445016,LOC100695466,minus,100695466,
NC_031973.2,10450334,10456476,LOC100708243,minus,100708243,
NC_031973.2,10472830,10501486,LOC100708510,minus,100708510,
NC_031973.2,10506776,10506869,trnai-uau,minus,109203383,
NC_031973.2,10509052,10510646,LOC109203217,minus,109203217,
NC_031973.2,10511154,10511247,trnai-uau,minus,109203384,
NC_031973.2,10517023,10523246,LOC109203219,minus,109203219,
NC_031973.2,10518995,10519088,trnai-uau,minus,109203385,
NC_031973.2,10523869,10523962,trnai-uau,minus,109203386,
NC_031973.2,10525340,10527359,LOC109194392,minus,109194392,
NC_031973.2,10529177,10529270,trnai-uau,minus,109203387,
NC_031973.2,10540738,10542216,LOC109203216,minus,109203216,
NC_031973.2,10542714,10542807,trnai-uau,minus,109203388,
NC_031973.2,10545615,10547108,LOC109203222,minus,109203222,
NC_031973.2,10548461,10548554,trnai-uau,minus,109203389,
NC_031973.2,10550408,10551863,LOC109203218,minus,109203218,
NC_031973.2,10554906,10554999,trnai-uau,minus,109203390,
NC_031973.2,10555473,10555566,trnai-uau,minus,109203391,
NC_031973.2,10556461,10557946,LOC109203223,minus,109203223,
NC_031973.2,10561398,10561491,trnai-uau,minus,109203392,
NC_031973.2,10562222,10563659,LOC100695992,minus,100695992,
NC_031973.2,10564505,10593063,LOC100696254,minus,100696254,
NC_031973.2,10594404,10600526,LOC100696518,plus,100696518,
NC_031973.2,10603964,10614342,LOC100696786,plus,100696786,
NC_031973.2,10623766,10627350,pigf,minus,100708780,
NC_031973.2,10627987,10629332,LOC112847692,minus,112847692,
NC_031973.2,10628892,10637694,cript,plus,100709048,
NC_031973.2,10644634,10647142,LOC100697052,minus,100697052,
NC_031973.2,10646223,10647209,LOC106097989,plus,106097989,
NC_031973.2,10650344,10663568,msh2,plus,100697326,
NC_031973.2,10665594,10681887,LOC100709495,minus,100709495,
NC_031973.2,10685977,10705948,gth-ri,minus,100534395,gonadotropin receptor I
NC_031973.2,10714573,10781363,LOC100697588,minus,100697588,
NC_031973.2,10809999,10815870,chac2,plus,100710035,
NC_031973.2,10817707,10864724,LOC100710300,minus,100710300,
NC_031973.2,10866274,10881533,LOC100697860,plus,100697860,
NC_031973.2,10882059,10888314,LOC102082848,plus,102082848,
NC_031973.2,10888181,10909264,entpd1,minus,100710562,
NC_031973.2,10925328,10983247,ptpre,minus,100710832,
NC_031973.2,10984330,10986362,clrn3,plus,100711279,
NC_031973.2,10989474,10997461,LOC112847658,minus,112847658,
NC_031973.2,11004665,11006769,foxi2,minus,100711551,
NC_031973.2,11020606,11212401,dock1,minus,100711819,
NC_031973.2,11055965,11057468,LOC112847636,minus,112847636,
NC_031973.2,11093913,11128912,insyn2,plus,102082180,
NC_031973.2,11213634,11233759,LOC100698126,plus,100698126,
NC_031973.2,11234666,11314787,LOC100698394,plus,100698394,
NC_031973.2,11315931,11324388,dhx32,plus,100712353,
NC_031973.2,11324313,11328132,bccip,minus,100689733,
NC_031973.2,11328270,11331503,uros,plus,100690002,
NC_031973.2,11331553,11335967,mmp21,plus,100690267,
NC_031973.2,11369227,11463480,LOC100698659,plus,100698659,
NC_031973.2,11464406,11482049,zranb1,minus,100690535,
NC_031973.2,11482415,11485491,hpdl,plus,100698928,
NC_031973.2,11488288,11503641,fam53b,plus,100690810,
NC_031973.2,11510901,11532123,lhpp,minus,100691073,
NC_031973.2,11532428,11545607,oat,plus,100691341,
NC_031973.2,11578744,11585259,LOC106097983,minus,106097983,
NC_031973.2,11599887,11639539,chst15,plus,100691611,
NC_031973.2,11640137,11642858,LOC102080060,minus,102080060,
NC_031973.2,11642807,11644891,LOC106097988,plus,106097988,
NC_031973.2,11650733,11678761,cpxm2,plus,100699193,
NC_031973.2,11684982,11694676,LOC100699461,minus,100699461,
NC_031973.2,11713590,11730561,LOC102079739,plus,102079739,
NC_031973.2,11742678,11748553,bub3,minus,100691879,
NC_031973.2,11749583,11753149,LOC100692148,minus,100692148,
NC_031973.2,11753730,11758474,acadsb,minus,100692418,
NC_031973.2,11758883,11761479,LOC100692689,plus,100692689,
NC_031973.2,11762230,11765231,pstk,minus,100699733,
NC_031973.2,11766375,11777452,LOC100699997,minus,100699997,
NC_031973.2,11782173,11783994,LOC112847626,minus,112847626,
NC_031973.2,11784064,11808373,LOC100700545,plus,100700545,
NC_031973.2,11844973,11856991,LOC100700808,minus,100700808,
NC_031973.2,11857579,11860714,LOC102078543,minus,102078543,
NC_031973.2,11865337,11873481,LOC100692963,minus,100692963,
NC_031973.2,11878614,11881983,lrit1,plus,100693233,
NC_031973.2,11882874,11885869,LOC100701077,plus,100701077,
NC_031973.2,11888193,11903719,LOC100701351,minus,100701351,
NC_031973.2,11907200,11913852,ghitm,minus,100693508,
NC_031973.2,11915087,11921189,chst3,plus,100693770,
NC_031973.2,12020271,12049929,pax2,plus,100694040,
NC_031973.2,12090821,12093581,LOC112847694,plus,112847694,
NC_031973.2,12093044,12095602,fbxl15,minus,100694669,
NC_031973.2,12096743,12098428,LOC100694932,plus,100694932,
NC_031973.2,12099033,12103252,ndufb8,plus,100695203,
NC_031973.2,12103491,12115799,LOC100695465,plus,100695465,
NC_031973.2,12121892,12130245,LOC100695729,minus,100695729,
NC_031973.2,12130772,12139107,dnajb12,plus,100695991,
NC_031973.2,12138224,12140061,ddit4,minus,100696517,
NC_031973.2,12141862,12145050,anapc16,minus,100696785,
NC_031973.2,12145087,12160298,ascc1,plus,100696253,
NC_031973.2,12163477,12210635,spock2,plus,100701623,
NC_031973.2,12203803,12219218,sar1a,minus,100697233,
NC_031973.2,12220120,12223961,LOC100697498,minus,100697498,
NC_031973.2,12225531,12229797,lrrc20,minus,100697770,
NC_031973.2,12230089,12235034,nodal,minus,100698033,
NC_031973.2,12236043,12295322,pald1,plus,100698300,
NC_031973.2,12301214,12359012,adamts14,plus,100701897,
NC_031973.2,12359191,12362530,LOC100702165,minus,100702165,
NC_031973.2,12371260,12394725,tbata,minus,102083099,
NC_031973.2,12393918,12403262,LOC100702434,plus,100702434,
NC_031973.2,12407704,12432793,polr3a,minus,100698561,
NC_031973.2,12432494,12436465,LOC109203234,plus,109203234,
NC_031973.2,12437250,12439879,LOC112841774,plus,112841774,
NC_031973.2,12442000,12452457,LOC100702703,plus,100702703,
NC_031973.2,12452226,12458989,LOC106097779,minus,106097779,
NC_031973.2,12507989,12618247,LOC100698832,plus,100698832,
NC_031973.2,12621748,12624919,LOC100699274,plus,100699274,
NC_031973.2,12625371,12627930,LOC100699547,plus,100699547,
NC_031973.2,12628069,12641919,LOC100699813,minus,100699813,
NC_031973.2,12642424,12648816,LOC100700081,plus,100700081,
NC_031973.2,12653653,12684584,LOC100702973,plus,100702973,
NC_031973.2,12685202,12778060,LOC100703246,plus,100703246,
NC_031973.2,12850625,12853447,LOC112847718,plus,112847718,
NC_031973.2,12905040,12907782,LOC100700352,plus,100700352,
NC_031973.2,12937499,12943219,LOC100700628,plus,100700628,
NC_031973.2,12944523,12949357,LOC100700892,minus,100700892,
NC_031973.2,12955776,12961585,samd8,minus,100701171,
NC_031973.2,12962151,12964052,dusp13,plus,100701442,
NC_031973.2,12966087,12968322,LOC100701713,plus,100701713,
NC_031973.2,12970968,12975688,LOC100703515,plus,100703515,
NC_031973.2,12972660,12976717,LOC109203153,minus,109203153,
NC_031973.2,12977142,12979299,LOC112841638,plus,112841638,
NC_031973.2,12981872,12984811,LOC100703791,plus,100703791,
NC_031973.2,12984354,13007311,LOC100702251,minus,100702251,
NC_031973.2,13011765,13145588,LOC100702520,minus,100702520,
NC_031973.2,13147464,13174144,vcl,minus,100704058,
NC_031973.2,13179858,13185227,LOC100702972,plus,100702972,
NC_031973.2,13194660,13200123,dcakd,minus,100703245,
NC_031973.2,13200211,13203771,pus3,minus,100704327,
NC_031973.2,13204884,13207487,LOC109203238,plus,109203238,
NC_031973.2,13206440,13216631,LOC102078864,minus,102078864,
NC_031973.2,13220339,13229625,LOC100704596,plus,100704596,
NC_031973.2,13230144,13238568,coasy,minus,100703514,
NC_031973.2,13240043,13246596,zdhhc6,minus,100703790,
NC_031973.2,13246481,13361998,vti1a,plus,100704863,
NC_031973.2,13373773,13479868,tcf7l2,plus,100704057,
NC_031973.2,13388901,13391972,LOC112847648,minus,112847648,
NC_031973.2,13509520,13524844,LOC102077863,plus,102077863,
NC_031973.2,13531839,13533287,LOC100705132,plus,100705132,
NC_031973.2,13533704,13535928,LOC100704676,plus,100704676,
NC_031973.2,13538674,13554154,LOC100705401,minus,100705401,
NC_031973.2,13551338,13556629,pnmt,plus,100704948,
NC_031973.2,13559358,13571381,LOC100705212,minus,100705212,
NC_031973.2,13561397,13561478,trnal-aag,minus,109203394,
NC_031973.2,13574700,13578562,LOC100705480,plus,100705480,
NC_031973.2,13602555,13614211,med1,plus,100705743,
NC_031973.2,13629773,13662371,LOC100705665,plus,100705665,
NC_031973.2,13676078,13678413,LOC100706003,minus,100706003,
NC_031973.2,13678749,13695434,LOC100705927,plus,100705927,
NC_031973.2,13695662,13700894,LOC100706196,plus,100706196,
NC_031973.2,13702169,13702240,trnaq-uug,plus,109203337,
NC_031973.2,13702876,13702947,trnaq-uug,plus,109203339,
NC_031973.2,13704911,13704993,trnal-cag,minus,109203395,
NC_031973.2,13706089,13706171,trnal-cag,minus,109203396,
NC_031973.2,13707265,13707347,trnal-cag,minus,109203397,
NC_031973.2,13708441,13708523,trnal-cag,minus,109203398,
NC_031973.2,13709616,13709697,trnal-cag,minus,109203400,
NC_031973.2,13710788,13710870,trnal-cag,minus,109203401,
NC_031973.2,13711965,13712047,trnal-cag,minus,109203402,
NC_031973.2,13713141,13713223,trnal-cag,minus,109203403,
NC_031973.2,13714318,13714399,trnal-cag,minus,109203404,
NC_031973.2,13715490,13715572,trnal-cag,minus,109203406,
NC_031973.2,13716668,13716750,trnal-cag,minus,109203407,
NC_031973.2,13717846,13717927,trnal-cag,minus,109203408,
NC_031973.2,13719020,13719102,trnal-cag,minus,109203409,
NC_031973.2,13720198,13720280,trnal-cag,minus,109203410,
NC_031973.2,13721373,13721455,trnal-cag,minus,109203411,
NC_031973.2,13722551,13722633,trnal-cag,minus,109203412,
NC_031973.2,13723729,13723811,trnal-cag,minus,109203413,
NC_031973.2,13724907,13724989,trnal-cag,minus,109203414,
NC_031973.2,13729421,13740389,LOC109203125,minus,109203125,
NC_031973.2,13740558,13746604,LOC102083327,plus,102083327,
NC_031973.2,13747776,13749604,LOC109203142,minus,109203142,
NC_031973.2,13756685,13759649,LOC102083253,plus,102083253,
NC_031973.2,13759956,13765722,ghdc,plus,100706457,
NC_031973.2,13765857,13809982,LOC100706728,plus,100706728,
NC_031973.2,13812188,13819670,LOC109203120,plus,109203120,
NC_031973.2,13814388,13814459,trnaq-uug,plus,109203340,
NC_031973.2,13818120,13818191,trnaq-uug,plus,109203341,
NC_031973.2,13818891,13819720,LOC112847676,plus,112847676,
NC_031973.2,13820646,13827442,LOC100706267,plus,100706267,
NC_031973.2,13839596,13914309,LOC100706998,plus,100706998,
NC_031973.2,13915481,13926406,LOC100706534,plus,100706534,
NC_031973.2,13927256,13944130,LOC100706997,plus,100706997,
NC_031973.2,13946120,13951354,LOC100707263,plus,100707263,
NC_031973.2,13948164,13948246,trnal-cag,minus,109203415,
NC_031973.2,13952377,13971853,LOC100707523,plus,100707523,
NC_031973.2,13960506,13966063,LOC100707793,minus,100707793,
NC_031973.2,13972004,14001193,adam11,minus,100707524,
NC_031973.2,14000503,14002030,LOC112847655,plus,112847655,
NC_031973.2,14001634,14009831,LOC100707794,minus,100707794,
NC_031973.2,14010950,14033732,LOC100708062,minus,100708062,
NC_031973.2,14029343,14033781,LOC100708331,minus,100708331,
NC_031973.2,14037525,14041999,LOC112847653,plus,112847653,
NC_031973.2,14043719,14059752,LOC100708063,minus,100708063,
NC_031973.2,14060262,14078117,LOC112847705,minus,112847705,
NC_031973.2,14063280,14098141,LOC100708603,plus,100708603,
NC_031973.2,14112058,14137103,brca1,minus,100708332,
NC_031973.2,14139157,14144425,becn1,plus,100708872,
NC_031973.2,14144537,14156805,LOC100709143,minus,100709143,
NC_031973.2,14160923,14179952,itgb3,minus,100708604,
NC_031973.2,14182381,14195709,cpn1,plus,100709588,
NC_031973.2,14202027,14250874,dnmbp,plus,100709860,
NC_031973.2,14219203,14240101,LOC102079825,minus,102079825,
NC_031973.2,14253278,14274855,nrap,minus,100710126,
NC_031973.2,14260727,14260798,trnac-gca,minus,109203417,
NC_031973.2,14261457,14261528,trnac-gca,minus,109203418,
NC_031973.2,14261854,14261925,trnac-gca,minus,109203419,
NC_031973.2,14262285,14262356,trnac-gca,minus,109203420,
NC_031973.2,14262730,14262801,trnac-gca,minus,109203421,
NC_031973.2,14276872,14287096,casp7,plus,100708873,
NC_031973.2,14293621,14304567,plekhs1,plus,102079441,
NC_031973.2,14305849,14314973,dclre1a,minus,100709144,
NC_031973.2,14315100,14336397,nhlrc2,plus,100710563,
NC_031973.2,14341571,14344310,adrb1,plus,100710833,
NC_031973.2,14354396,14382352,ccdc186,minus,100709411,
NC_031973.2,14382410,14396307,tdrd1,plus,100709682,
NC_031973.2,14396454,14412902,vwa2,plus,100709956,
NC_031973.2,14413285,14454218,afap1l2,minus,100711097,
NC_031973.2,14424304,14444104,LOC102078473,plus,102078473,
NC_031973.2,14454855,14466190,LOC100710221,minus,100710221,
NC_031973.2,14462810,14466438,LOC109203245,minus,109203245,
NC_031973.2,14472457,14544945,atrnl1,plus,100711367,
NC_031973.2,14560393,14586045,LOC100710479,minus,100710479,
NC_031973.2,14673327,14868899,LOC102077535,plus,102077535,
NC_031973.2,14909743,14911948,LOC112847672,minus,112847672,
NC_031973.2,14911983,14922530,cep55,plus,100711639,
NC_031973.2,14923186,14925812,rbp4,minus,100711909,
NC_031973.2,14933935,14946403,pde6c,plus,100711016,
NC_031973.2,14947508,14967297,LOC100712180,minus,100712180,
NC_031973.2,14968468,14985152,LOC100712447,plus,100712447,
NC_031973.2,14985701,14993653,slc35g1,plus,100711280,
NC_031973.2,15000326,15078958,plce1,plus,100711552,
NC_031973.2,15082266,15294234,LOC100711820,minus,100711820,
NC_031973.2,15304956,15307464,LOC100712087,minus,100712087,
NC_031973.2,15412186,15415328,LOC109194208,plus,109194208,
NC_031973.2,15415483,15429783,LOC109203248,minus,109203248,
NC_031973.2,15482060,15494705,LOC100712354,plus,100712354,
NC_031973.2,15483677,15485215,LOC102076462,minus,102076462,
NC_031973.2,15498193,15546206,LOC100689828,plus,100689828,
NC_031973.2,15586984,15588792,LOC102082985,plus,102082985,
NC_031973.2,15599024,15619865,LOC100690095,minus,100690095,
NC_031973.2,15625901,15633647,LOC100690362,plus,100690362,
NC_031973.2,15641669,15654464,LOC100689734,plus,100689734,
NC_031973.2,15704905,15710648,LOC102075788,plus,102075788,
NC_031973.2,15721037,15726831,LOC102075964,plus,102075964,
NC_031973.2,15732912,15775004,LOC100690003,plus,100690003,
NC_031973.2,15776877,15801816,LOC100690268,plus,100690268,
NC_031973.2,15801818,15806208,psmc5,minus,100690634,
NC_031973.2,15807246,15818145,smarcd2,minus,100690905,
NC_031973.2,15819797,15826370,LOC100690536,minus,100690536,
NC_031973.2,15826898,15834651,LOC100690811,minus,100690811,
NC_031973.2,15835158,15864826,LOC100691172,minus,100691172,
NC_031973.2,15879337,15914699,LOC100691074,plus,100691074,
NC_031973.2,15938216,15948342,LOC100691342,minus,100691342,
NC_031973.2,15950839,16000449,LOC100707335,minus,100707335,
NC_031973.2,15970998,15979369,LOC109203249,minus,109203249,
NC_031973.2,16016690,16040347,LOC100691880,minus,100691880,
NC_031973.2,16040860,16054737,LOC102082703,plus,102082703,
NC_031973.2,16061966,16078556,LOC100692149,minus,100692149,
NC_031973.2,16090969,16115352,LOC100692419,minus,100692419,
NC_031973.2,16154735,16157378,LOC112847690,minus,112847690,
NC_031973.2,16164648,16168175,LOC100691762,plus,100691762,
NC_031973.2,16170987,16188896,LOC100710366,minus,100710366,
NC_031973.2,16191526,16197810,cenpt,minus,100691496,
NC_031973.2,16200241,16202755,LOC100710104,minus,100710104,
NC_031973.2,16204800,16215277,LOC102083026,minus,102083026,
NC_031973.2,16219357,16231203,LOC100709837,minus,100709837,
NC_031973.2,16233133,16242920,LOC100691226,minus,100691226,
NC_031973.2,16244389,16247670,LOC100690964,plus,100690964,
NC_031973.2,16250878,16254480,LOC100690697,plus,100690697,
NC_031973.2,16254733,16257178,LOC102076478,plus,102076478,
NC_031973.2,16259666,16266646,LOC100709567,minus,100709567,
NC_031973.2,16268170,16273854,LOC112847627,plus,112847627,
NC_031973.2,16279505,16309657,LOC100690421,minus,100690421,
NC_031973.2,16306269,16315708,LOC102082370,plus,102082370,
NC_031973.2,16315735,16322328,pgap3,minus,100709299,
NC_031973.2,16324863,16328153,LOC100709026,minus,100709026,
NC_031973.2,16330607,16334528,LOC100708757,minus,100708757,
NC_031973.2,16336052,16340913,LOC109203251,minus,109203251,
NC_031973.2,16341543,16343361,LOC100690154,minus,100690154,
NC_031973.2,16343851,16349892,pkmyt1,minus,100689891,
NC_031973.2,16349020,16357485,elob,plus,100708306,
NC_031973.2,16359876,16370726,tgfb1i1,plus,100708035,
NC_031973.2,16371920,16378806,patl2,plus,100712509,
NC_031973.2,16384475,16402417,LOC102076195,plus,102076195,
NC_031973.2,16402803,16407262,LOC100707767,plus,100707767,
NC_031973.2,16406876,16414724,pelo,minus,100707498,
NC_031973.2,16414844,16422231,LOC100706881,plus,100706881,
NC_031973.2,16435173,16447335,LOC100706607,plus,100706607,
NC_031973.2,16447481,16459258,sult1a4,minus,100706339,
NC_031973.2,16465251,16470268,tctn3,plus,100706075,
NC_031973.2,16470206,16478390,mto1,minus,100712240,
NC_031973.2,16475162,16486230,LOC100705812,plus,100705812,
NC_031973.2,16486214,16495369,adprh,minus,100711972,
NC_031973.2,16516681,16543830,LOC100705548,plus,100705548,
NC_031973.2,16556311,16561849,LOC100711703,minus,100711703,
NC_031973.2,16562177,16569150,kif22,minus,100705282,
NC_031973.2,16569301,16572591,pagr1,plus,100711432,
NC_031973.2,16575096,16582592,LOC100705015,minus,100705015,
NC_031973.2,16586733,16596129,maz,minus,100711162,
NC_031973.2,16597119,16626741,taok2,minus,100704745,
NC_031973.2,16626818,16630136,LOC112847646,plus,112847646,
NC_031973.2,16632737,16634604,LOC100704476,plus,100704476,
NC_031973.2,16638187,16642912,nif3l1,plus,100704207,
NC_031973.2,16647158,16651221,LOC112847706,plus,112847706,
NC_031973.2,16653140,16658938,prodh2,plus,100703669,
NC_031973.2,16658970,16669247,LOC100710897,minus,100710897,
NC_031973.2,16668120,16675967,LOC106097035,plus,106097035,
NC_031973.2,16670843,16683174,LOC109194283,minus,109194283,
NC_031973.2,16683787,16690047,LOC109203253,minus,109203253,
NC_031973.2,16691096,16700198,LOC102078013,minus,102078013,
NC_031973.2,16700423,16708736,LOC102075682,minus,102075682,
NC_031973.2,16728738,16729892,LOC112847703,plus,112847703,
NC_031973.2,16738315,16743062,LOC109203143,plus,109203143,
NC_031973.2,16747968,16751998,LOC109203094,plus,109203094,
NC_031973.2,16765495,16806299,LOC100704400,minus,100704400,
NC_031973.2,16840450,16842071,LOC109203158,plus,109203158,
NC_031973.2,16846924,16854282,LOC109203144,plus,109203144,
NC_031973.2,16873742,16884729,LOC102079583,plus,102079583,
NC_031973.2,16898102,16904397,LOC100698158,minus,100698158,
NC_031973.2,16908248,16916451,LOC102079639,plus,102079639,
NC_031973.2,16918734,16922576,ald,minus,100534539,
NC_031973.2,16923849,16941807,LOC100709934,plus,100709934,
NC_031973.2,16945583,16960522,LOC102081848,plus,102081848,
NC_031973.2,16972962,16974192,LOC102078140,minus,102078140,
NC_031973.2,16974343,17029006,LOC102082286,plus,102082286,
NC_031973.2,17035679,17036827,LOC102078424,minus,102078424,
NC_031973.2,17036698,17062470,LOC100709660,plus,100709660,
NC_031973.2,17079760,17082405,LOC109203262,plus,109203262,
NC_031973.2,17086952,17104764,LOC109203257,plus,109203257,
NC_031973.2,17113342,17114500,LOC109203145,minus,109203145,
NC_031973.2,17129637,17131953,LOC112847712,minus,112847712,
NC_031973.2,17148229,17167544,LOC106098356,plus,106098356,
NC_031973.2,17176272,17200983,LOC100706614,plus,100706614,
NC_031973.2,17216472,17234192,LOC100709123,plus,100709123,
NC_031973.2,17218084,17220003,LOC106098382,minus,106098382,
NC_031973.2,17237488,17253936,LOC100708851,plus,100708851,
NC_031973.2,17254212,17259850,LOC109203258,plus,109203258,
NC_031973.2,17293722,17307263,LOC100708582,plus,100708582,
NC_031973.2,17315907,17340595,LOC102080873,plus,102080873,
NC_031973.2,17349644,17361324,LOC100695195,plus,100695195,
NC_031973.2,17366425,17382599,LOC100694924,plus,100694924,
NC_031973.2,17408397,17412055,LOC100694661,minus,100694661,
NC_031973.2,17416253,17442054,LOC100708312,plus,100708312,
NC_031973.2,17456293,17459550,LOC100707773,minus,100707773,
NC_031973.2,17483228,17495978,LOC100707242,plus,100707242,
NC_031973.2,17498713,17503528,LOC100706977,minus,100706977,
NC_031973.2,17514385,17529242,LOC100706709,plus,100706709,
NC_031973.2,17529258,17545399,LOC112841775,minus,112841775,
NC_031973.2,17538329,18112954,ptprh,plus,100701335,
NC_031973.2,17546640,17557177,LOC112847635,minus,112847635,
NC_031973.2,17554466,17555604,LOC112847633,minus,112847633,
NC_031973.2,17557860,17562084,LOC109203260,minus,109203260,
NC_031973.2,17602051,17604197,LOC109203259,minus,109203259,
NC_031973.2,17620978,17622823,LOC100706346,minus,100706346,
NC_031973.2,17622968,17633168,LOC102082809,plus,102082809,
NC_031973.2,17635315,17637795,LOC100706181,minus,100706181,
NC_031973.2,17639244,17649866,LOC100705912,plus,100705912,
NC_031973.2,17653809,17668029,LOC100706082,plus,100706082,
NC_031973.2,17669077,17681235,LOC100705648,minus,100705648,
NC_031973.2,17669745,17678365,LOC102083133,plus,102083133,
NC_031973.2,17733207,17740975,LOC100705383,minus,100705383,
NC_031973.2,17749461,17754436,LOC100705115,minus,100705115,
NC_031973.2,17763443,17766507,LOC100704847,minus,100704847,
NC_031973.2,17775612,17791160,LOC109203264,minus,109203264,
NC_031973.2,17813276,17816417,LOC100704578,minus,100704578,
NC_031973.2,17829230,17835249,LOC100704310,minus,100704310,
NC_031973.2,17836154,17860845,LOC102075974,minus,102075974,
NC_031973.2,17861294,17897107,LOC109194528,minus,109194528,
NC_031973.2,17880145,17882331,LOC109203261,plus,109203261,
NC_031973.2,17900887,17905098,LOC112847634,minus,112847634,
NC_031973.2,17905593,17947122,LOC100703773,minus,100703773,
NC_031973.2,17949589,17972484,LOC109203256,minus,109203256,
NC_031973.2,17976607,17993303,LOC100703227,minus,100703227,
NC_031973.2,17999740,18006345,LOC100705555,plus,100705555,
NC_031973.2,18006445,18013497,LOC100702954,minus,100702954,
NC_031973.2,18013932,18030157,LOC100702688,minus,100702688,
NC_031973.2,18030755,18033505,LOC102076755,plus,102076755,
NC_031973.2,18036769,18050150,LOC100702417,plus,100702417,
NC_031973.2,18050714,18066749,LOC100704930,plus,100704930,
NC_031973.2,18069910,18072090,LOC100702151,minus,100702151,
NC_031973.2,18077074,18081846,LOC100701881,plus,100701881,
NC_031973.2,18081814,18087301,dnaaf3,minus,100701606,
NC_031973.2,18087210,18094314,LOC102077721,plus,102077721,
NC_031973.2,18087737,18094168,LOC100704658,minus,100704658,
NC_031973.2,18096078,18098092,LOC100704391,minus,100704391,
NC_031973.2,18112876,18115883,LOC100701062,minus,100701062,
NC_031973.2,18116427,18117781,pigp,minus,100704124,
NC_031973.2,18117950,18122794,rexo4,plus,100700793,
NC_031973.2,18123017,18136032,LOC112847721,minus,112847721,
NC_031973.2,18128146,18181661,LOC100703675,plus,100703675,
NC_031973.2,18181972,18190858,LOC100703398,plus,100703398,
NC_031973.2,18191076,18192820,LOC100703128,minus,100703128,
NC_031973.2,18195742,18221273,LOC100702861,minus,100702861,
NC_031973.2,18222304,18236505,LOC102081367,minus,102081367,
NC_031973.2,18241370,18248947,LOC100702593,minus,100702593,
NC_031973.2,18250013,18291505,LOC102079331,minus,102079331,
NC_031973.2,18302519,18329808,LOC100699981,plus,100699981,
NC_031973.2,18329979,18341329,LOC100699717,minus,100699717,
NC_031973.2,18350944,18359627,LOC100702325,minus,100702325,
NC_031973.2,18370642,18376345,LOC100702060,plus,100702060,
NC_031973.2,18387633,18403970,LOC100699447,minus,100699447,
NC_031973.2,18405488,18413344,cog7,minus,100701789,
NC_031973.2,18419825,18420718,LOC102080841,plus,102080841,
NC_031973.2,18421481,18426908,LOC100701517,minus,100701517,
NC_031973.2,18426989,18438372,LOC100699180,minus,100699180,
NC_031973.2,18439321,18483215,capn15,minus,100701245,
NC_031973.2,18490291,18650561,LOC100698913,plus,100698913,
NC_031973.2,18668818,18671666,LOC100700968,plus,100700968,
NC_031973.2,18685840,18729933,LOC100698643,plus,100698643,
NC_031973.2,18768045,18790809,LOC100698378,minus,100698378,
NC_031973.2,18769730,18770242,LOC112847649,plus,112847649,
NC_031973.2,18788254,18808211,tbc1d24,plus,100700700,
NC_031973.2,18810974,18818909,LOC100700431,plus,100700431,
NC_031973.2,18819219,18822277,nubp2,minus,100700155,
NC_031973.2,18823000,18829690,LOC100698111,plus,100698111,
NC_031973.2,18829534,18832552,eme2,minus,100697846,
NC_031973.2,18833138,18844098,LOC100697574,plus,100697574,
NC_031973.2,18844922,18867055,LOC100697311,plus,100697311,
NC_031973.2,18870683,18923535,mprip,plus,100697039,
NC_031973.2,18923760,18925380,LOC109203147,minus,109203147,
NC_031973.2,18927006,18937018,prr35,minus,102077328,
NC_031973.2,18950575,18955316,LOC100696771,minus,100696771,
NC_031973.2,18956213,18963256,LOC100699888,minus,100699888,
NC_031973.2,18964010,19003807,ccdc78,minus,102076538,
NC_031973.2,18982296,18987008,metrn,plus,100696504,
NC_031973.2,19004017,19032502,ift140,minus,100696239,
NC_031973.2,19009990,19019935,tmem204,plus,100699625,
NC_031973.2,19033991,19040864,telo2,minus,100695978,
NC_031973.2,19042421,19071653,rab11fip3,minus,100695713,
NC_031973.2,19072436,19077112,decr2,minus,100699352,
NC_031973.2,19078008,19084113,rdh13,minus,100695449,
NC_031973.2,19082283,19101174,LOC100695188,plus,100695188,
NC_031973.2,19146006,19165072,LOC102083264,plus,102083264,
NC_031973.2,19165452,19183364,nlrc3,plus,100694916,
NC_031973.2,19187102,19199663,LOC100694654,plus,100694654,
NC_031973.2,19199755,19219381,wdr90,plus,100694387,
NC_031973.2,19220122,19230743,rhot2,plus,100694117,
NC_031973.2,19230901,19293996,rhbdl1,plus,100693843,
NC_031973.2,19231970,19233380,LOC100699085,minus,100699085,
NC_031973.2,19296702,19299498,LOC100698812,minus,100698812,
NC_031973.2,19299396,19309598,wdr24,plus,100698541,
NC_031973.2,19311618,19318232,anks3,minus,100698113,
NC_031973.2,19319301,19322214,LOC100693582,minus,100693582,
NC_031973.2,19322369,19324234,LOC100697387,plus,100697387,
NC_031973.2,19324044,19326317,lg8h16orf91,minus,100697653,
NC_031973.2,19326707,19336636,lg8h7orf50,plus,100697116,
NC_031973.2,19327356,19333618,LOC102081621,minus,102081621,
NC_031973.2,19338149,19342151,gnptg,minus,100696850,
NC_031973.2,19342180,19347658,tsr3,plus,100696584,
NC_031973.2,19347949,19356305,pdpk1,plus,100696321,
NC_031973.2,19356523,19376942,kctd5,plus,100696055,
NC_031973.2,19377369,19384566,ube2i,plus,100695796,
NC_031973.2,19384194,19390039,LOC100693311,minus,100693311,
NC_031973.2,19397671,19403174,LOC100695097,minus,100695097,
NC_031973.2,19403181,19408535,ccdc189,plus,100695528,
NC_031973.2,19408333,19413641,phkg2,minus,100694837,
NC_031973.2,19413803,19428323,rnf40,plus,100694570,
NC_031973.2,19441142,19451790,LOC102079574,minus,102079574,
NC_031973.2,19451334,19454525,LOC100693044,plus,100693044,
NC_031973.2,19454632,19456902,LOC100692771,plus,100692771,
NC_031973.2,19457156,19467204,LOC100692503,minus,100692503,
NC_031973.2,19470879,19479662,LOC100694300,minus,100694300,
NC_031973.2,19483543,19530759,LOC100694024,minus,100694024,
NC_031973.2,19537657,19541339,LOC109203269,plus,109203269,
NC_031973.2,19542338,19546898,LOC102080655,plus,102080655,
NC_031973.2,19552189,19566030,LOC100692232,minus,100692232,
NC_031973.2,19574341,19584782,LOC100691964,minus,100691964,
NC_031973.2,19586604,19597232,LOC100693493,plus,100693493,
NC_031973.2,19596628,19603472,luc7l,minus,100693218,
NC_031973.2,19603552,19610742,fam234a,plus,100692947,
NC_031973.2,19611651,19613582,LOC100692674,plus,100692674,
NC_031973.2,19613811,19632218,kiaa0556,minus,100691694,
NC_031973.2,19632361,19640917,dcun1d3,minus,100692401,
NC_031973.2,19641076,19644190,lyrm1,plus,100692130,
NC_031973.2,19678396,19698344,LOC102077447,minus,102077447,
NC_031973.2,19678707,19689433,LOC100691862,plus,100691862,
NC_031973.2,19698335,19711822,med24,plus,100691429,
NC_031973.2,19711952,19714483,LOC100691426,minus,100691426,
NC_031973.2,19723597,19729549,LOC100691158,minus,100691158,
NC_031973.2,19737203,19749800,top2a,plus,100691156,
NC_031973.2,19750513,19754683,LOC100690892,plus,100690892,
NC_031973.2,19755959,19757305,LOC100704942,plus,100704942,
NC_031973.2,19759512,19761935,LOC109203128,plus,109203128,
NC_031973.2,19763312,19766092,LOC100690620,plus,100690620,
NC_031973.2,19763421,19770851,LOC100690349,plus,100690349,
NC_031973.2,19808860,19949555,rara,plus,100690706,
NC_031973.2,19951558,19961702,mki67,plus,100690083,
NC_031973.2,19962199,19969880,tut1,plus,100689816,
NC_031973.2,19978397,19980559,LOC100690430,plus,100690430,
NC_031973.2,19980754,20026005,LOC100690163,plus,100690163,
NC_031973.2,20030871,20033348,LOC109203270,minus,109203270,
NC_031973.2,20033382,20047171,LOC100712436,minus,100712436,
NC_031973.2,20047176,20063642,ace,plus,100712518,
NC_031973.2,20063779,20091254,itga3,minus,100712166,
NC_031973.2,20110152,20113109,dlx3,plus,100712249,
NC_031973.2,20117384,20122004,LOC100711981,minus,100711981,
NC_031973.2,20187143,20193399,LOC100711713,minus,100711713,
NC_031973.2,20194163,20200094,LOC100711895,plus,100711895,
NC_031973.2,20200089,20225587,LOC100711626,minus,100711626,
NC_031973.2,20226771,20246444,LOC100711354,plus,100711354,
NC_031973.2,20249465,20261189,fam20a,plus,100711442,
NC_031973.2,20263732,20274137,prkar1a,minus,100711171,
NC_031973.2,20276038,20286227,wipi1,plus,100710906,
NC_031973.2,20286534,20301073,arsg,minus,100711085,
NC_031973.2,20298085,20304188,slc16a6,plus,100710820,
NC_031973.2,20303907,20308664,amz2,minus,100710641,
NC_031973.2,20308808,20311141,LOC102080773,plus,102080773,
NC_031973.2,20311716,20317620,tepsin,minus,100710549,
NC_031973.2,20317710,20318826,ndufaf8,plus,106098419,
NC_031973.2,20318834,20338518,slc38a10,minus,100710287,
NC_031973.2,20365814,20428188,bahcc1,plus,100710021,
NC_031973.2,20441500,20455012,LOC109203272,minus,109203272,
NC_031973.2,20464128,20483631,LOC100709935,plus,100709935,
NC_031973.2,20488491,20494431,faap100,minus,102080013,
NC_031973.2,20494696,20497673,LOC100709661,plus,100709661,
NC_031973.2,20497908,20506291,tmem235b,plus,100709751,
NC_031973.2,20508569,20518206,LOC100709393,minus,100709393,
NC_031973.2,20518362,20524041,LOC100709124,minus,100709124,
NC_031973.2,20524660,20526136,snu13,plus,100708852,
NC_031973.2,20527133,20531268,crym,plus,100709479,
NC_031973.2,20531858,20537900,rac1,minus,100708583,
NC_031973.2,20546782,20577591,cyth3,plus,100708313,
NC_031973.2,20577891,20587850,usp42,minus,100709216,
NC_031973.2,20587993,20599145,eif2ak1,minus,100708945,
NC_031973.2,20589128,20592191,ankrd61,plus,102078814,
NC_031973.2,20599604,20605199,pms2,plus,100708674,
NC_031973.2,20605699,20615303,rsph10b,plus,100708401,
NC_031973.2,20615432,20622076,dlgap5,minus,100708133,
NC_031973.2,20623833,20638345,ccz1,minus,100708043,
NC_031973.2,20639104,20643154,LOC100707774,minus,100707774,
NC_031973.2,20644352,20646565,LOC100707505,minus,100707505,
NC_031973.2,20650340,20662539,LOC109203273,plus,109203273,
NC_031973.2,20666245,20676538,bhlha15,plus,100707863,
NC_031973.2,20676664,20692095,tecpr1,minus,100707589,
NC_031973.2,20692686,20717662,baiap2l1,minus,100707243,
NC_031973.2,20716590,20730790,tmem130,plus,100707326,
NC_031973.2,20731061,20744175,LOC100707058,minus,100707058,
NC_031973.2,20748569,20829676,trrap,plus,100706978,
NC_031973.2,20907269,20964304,LOC100706789,plus,100706789,
NC_031973.2,20968571,20971162,LOC100706517,plus,100706517,
NC_031973.2,20976439,20990857,LOC100706251,minus,100706251,
NC_031973.2,20991320,20997654,atpaf2,minus,100706710,
NC_031973.2,20997781,21003354,gid4,plus,100706442,
NC_031973.2,21013392,21016921,LOC100705987,plus,100705987,
NC_031973.2,21018510,21023663,LOC112847731,minus,112847731,
NC_031973.2,21037930,21041139,LOC109203277,minus,109203277,
NC_031973.2,21047468,21061281,LOC109203276,minus,109203276,
NC_031973.2,21047468,21052669,LOC109203275,minus,109203275,
NC_031973.2,21061699,21074640,LOC102077309,plus,102077309,
NC_031973.2,21069143,21069922,LOC112847660,minus,112847660,
NC_031973.2,21082580,21086403,LOC102075740,plus,102075740,
NC_031973.2,21093177,21111583,LOC102075556,minus,102075556,
NC_031973.2,21114012,21134245,neurl2,plus,100706182,
NC_031973.2,21116825,21118967,LOC100705913,plus,100705913,
NC_031973.2,21132980,21137388,LOC106098490,minus,106098490,
NC_031973.2,21137528,21158569,LOC100705727,plus,100705727,
NC_031973.2,21186649,21195131,meiob,plus,100705466,
NC_031973.2,21195573,21215253,LOC100705197,minus,100705197,
NC_031973.2,21216457,21219984,mlst8,plus,100705649,
NC_031973.2,21219577,21226664,bricd5,minus,100704931,
NC_031973.2,21226959,21229057,pgp,minus,100705384,
NC_031973.2,21229017,21229751,LOC112847722,plus,112847722,
NC_031973.2,21229734,21231818,zdhhc4,minus,100705116,
NC_031973.2,21235508,21274734,grid2ip,plus,100704659,
NC_031973.2,21275647,21309015,LOC100704392,minus,100704392,
NC_031973.2,21312340,21319623,lcmt1,plus,100704848,
NC_031973.2,21319768,21323664,LOC100704579,plus,100704579,
NC_031973.2,21330841,21334460,LOC100704311,plus,100704311,
NC_031973.2,21334577,21335653,LOC100704125,minus,100704125,
NC_031973.2,21335260,21335353,trnai-uau,plus,109203342,
NC_031973.2,21337546,21338324,LOC100704040,plus,100704040,
NC_031973.2,21344293,21346661,LOC100703774,minus,100703774,
NC_031973.2,21353716,21392440,LOC100703856,plus,100703856,
NC_031973.2,21374421,21374514,trnai-uau,plus,109203343,
NC_031973.2,21389721,21389814,trnai-uau,minus,109203422,
NC_031973.2,21432370,21436789,LOC100703498,minus,100703498,
NC_031973.2,21437755,21446097,LOC102080307,minus,102080307,
NC_031973.2,21440437,21458983,ubald1,plus,100703228,
NC_031973.2,21448394,21456546,LOC109203279,minus,109203279,
NC_031973.2,21464682,21480451,litaf,plus,102080095,
NC_031973.2,21477399,21477492,trnai-uau,minus,109203423,
NC_031973.2,21486004,21510330,mrtfb,minus,100703584,
NC_031973.2,21511662,21520074,ercc4,minus,100702955,
NC_031973.2,21548230,21586111,cpped1,minus,100702689,
NC_031973.2,21588021,21651589,shisa9,plus,100703313,
NC_031973.2,21590294,21598003,LOC102079508,minus,102079508,
NC_031973.2,21688138,21689213,LOC112847719,plus,112847719,
NC_031973.2,21716246,21718319,LOC112847730,minus,112847730,
NC_031973.2,21747526,21885183,snx29,minus,100703042,
NC_031973.2,21808536,21828888,LOC112847662,plus,112847662,
NC_031973.2,21890793,21891287,LOC109203149,minus,109203149,
NC_031973.2,21893272,21900120,rsl1d1,minus,100702775,
NC_031973.2,21896025,21896152,LOC112847735,minus,112847735,
NC_031973.2,21901561,21911822,gspt1,minus,100702418,
NC_031973.2,21903287,21904088,LOC112847639,minus,112847639,
NC_031973.2,21911929,21916561,dmc1,minus,100534532,DNA meiotic recombinase 1
NC_031973.2,21917171,21919553,tomm22,minus,100701882,
NC_031973.2,21919347,21924350,LOC112847713,minus,112847713,
NC_031973.2,21929818,21970292,LOC102078455,minus,102078455,
NC_031973.2,21929849,21933709,LOC106098347,plus,106098347,
NC_031973.2,21943144,21979597,LOC100702504,plus,100702504,
NC_031973.2,21980512,22010162,LOC100702235,minus,100702235,
NC_031973.2,22011892,22042412,frmpd2,plus,102078073,
NC_031973.2,22101993,22106444,gdf10,plus,100701970,
NC_031973.2,22109204,22112276,LOC100701694,plus,100701694,
NC_031973.2,22115016,22123454,rbp3,plus,100701151,
NC_031973.2,22125155,22164498,LOC100700876,plus,100700876,
NC_031973.2,22182411,22203468,LOC100700609,minus,100700609,
NC_031973.2,22203909,22221155,mms19,plus,100700333,
NC_031973.2,22221704,22229828,LOC100700061,minus,100700061,
NC_031973.2,22229715,22240578,vps35l,plus,100699796,
NC_031973.2,22241183,22250462,get4,minus,100701607,
NC_031973.2,22251543,22256615,LOC102076923,minus,102076923,
NC_031973.2,22256730,22263711,xrcc6,minus,100701153,
NC_031973.2,22263778,22273070,LOC100699528,plus,100699528,
NC_031973.2,22273210,22319486,LOC109203283,minus,109203283,
NC_031973.2,22340911,22383088,mrtfa,minus,100700878,
NC_031973.2,22390094,22400692,josd1,plus,100700610,
NC_031973.2,22403050,22418025,cbx7,plus,102076083,
NC_031973.2,22420639,22446871,LOC100698988,minus,100698988,
NC_031973.2,22457681,22469869,LOC100700334,plus,100700334,
NC_031973.2,22470539,22478616,LOC100698718,minus,100698718,
NC_031973.2,22480933,22487250,LOC109203284,minus,109203284,
NC_031973.2,22495659,22502229,LOC100700062,minus,100700062,
NC_031973.2,22503677,22520854,LOC100698451,plus,100698451,
NC_031973.2,22522508,22532059,LOC100699797,plus,100699797,
NC_031973.2,22533669,22535064,phf5a,minus,100699529,
NC_031973.2,22539667,22547706,aco2,plus,100698186,
NC_031973.2,22548973,22558068,LOC100699254,plus,100699254,
NC_031973.2,22562830,22581033,LOC100697917,plus,100697917,
NC_031973.2,22581936,22601047,LOC100698989,minus,100698989,
NC_031973.2,22601581,22611103,LOC100697651,minus,100697651,
NC_031973.2,22610899,22610971,trnar-ccu,minus,109203424,
NC_031973.2,22611307,22615118,cby1,plus,100698719,
NC_031973.2,22614022,22618088,LOC100698452,plus,100698452,
NC_031973.2,22620691,22636071,LOC100697385,plus,100697385,
NC_031973.2,22635841,22648939,LOC102081517,minus,102081517,
NC_031973.2,22676002,22682435,LOC102081167,minus,102081167,
NC_031973.2,22682692,22704158,LOC100697114,plus,100697114,
NC_031973.2,22709179,22718300,LOC100696848,plus,100696848,
NC_031973.2,22722363,22734044,LOC100698187,plus,100698187,
NC_031973.2,22736312,22742096,LOC100696582,minus,100696582,
NC_031973.2,22751661,22756502,LOC109203118,minus,109203118,
NC_031973.2,22766036,22775356,narf,minus,100697918,
NC_031973.2,22775680,22779809,LOC100697652,plus,100697652,
NC_031973.2,22779796,22788097,hexdc,minus,100697386,
NC_031973.2,22784686,22818860,ogfod3,plus,100697115,
NC_031973.2,22825944,22828720,LOC100696849,minus,100696849,
NC_031973.2,22846718,22854304,LOC109203285,minus,109203285,
NC_031973.2,22867706,22868108,LOC112847697,plus,112847697,
NC_031973.2,22905422,22906362,LOC112847642,plus,112847642,
NC_031973.2,22962931,23027216,LOC100696583,minus,100696583,
NC_031973.2,23049918,23055114,LOC109203093,plus,109203093,
NC_031973.2,23113510,23430074,cacna1g,minus,100696053,
NC_031973.2,23240515,23243798,LOC109203287,plus,109203287,
NC_031973.2,23469784,23523500,spata20,minus,100695794,
NC_031973.2,23523549,23528333,LOC100695526,minus,100695526,
NC_031973.2,23528660,23534404,LOC100695263,minus,100695263,
NC_031973.2,23530283,23532492,LOC109203088,plus,109203088,
NC_031973.2,23565205,23569512,LOC100694994,minus,100694994,
NC_031973.2,23583712,23615821,LOC100694735,minus,100694735,
NC_031973.2,23619850,23622508,LOC100696320,plus,100696320,
NC_031973.2,23629798,23791653,slc39a11,minus,100696054,
NC_031973.2,23791015,23793705,LOC102077968,plus,102077968,
NC_031973.2,23801333,23805041,LOC102077512,plus,102077512,
NC_031973.2,23829384,23841073,LOC100695795,plus,100695795,
NC_031973.2,23859296,23862999,tnfrsf13b,plus,102077135,
NC_031973.2,23864927,23887526,LOC100695527,minus,100695527,
NC_031973.2,23888223,23897831,cops3,minus,100695264,
NC_031973.2,23898853,23908687,nt5m,plus,100694202,
NC_031973.2,23959590,23961416,rasd1,minus,100694995,
NC_031973.2,23970652,24045623,pemt,minus,100694736,
NC_031973.2,24044261,24053826,LOC112847693,plus,112847693,
NC_031973.2,24087133,24089211,LOC109203157,plus,109203157,
NC_031973.2,24091782,24204622,LOC100694467,minus,100694467,
NC_031973.2,24112229,24115293,LOC109203091,plus,109203091,
NC_031973.2,24212613,24236064,lmf1,minus,100693929,
NC_031973.2,24238319,24241547,LOC100693663,plus,100693663,
NC_031973.2,24243639,24282412,LOC100693401,minus,100693401,
NC_031973.2,24284042,24285958,LOC100693129,plus,100693129,
NC_031973.2,24285687,24292484,LOC112847673,minus,112847673,
NC_031973.2,24295993,24303365,LOC100693928,minus,100693928,
NC_031973.2,24303423,24306452,LOC100693662,plus,100693662,
NC_031973.2,24378806,24382739,LOC112847704,minus,112847704,
NC_031973.2,24488678,24490416,LOC102083152,minus,102083152,
NC_031973.2,24600610,24603844,LOC100693400,minus,100693400,
NC_031973.2,24947645,24950677,LOC112847702,minus,112847702,
NC_031973.2,24955034,24962733,LOC100693128,plus,100693128,
NC_031973.2,24963828,24972917,LOC102082717,minus,102082717,
NC_031973.2,24984594,24991994,LOC102082581,minus,102082581,
NC_031973.2,24988642,25010572,LOC100692853,plus,100692853,
NC_031973.2,25018982,25020757,LOC100692583,plus,100692583,
NC_031973.2,25031411,25040621,LOC106098401,plus,106098401,
NC_031973.2,25045759,25050910,LOC102081619,plus,102081619,
NC_031973.2,25059662,25062327,LOC100692312,plus,100692312,
NC_031973.2,25064845,25079863,fdxr,plus,100692854,
NC_031973.2,25082529,25085123,LOC106098420,minus,106098420,
NC_031973.2,25089322,25094197,mrpl38,minus,100692584,
NC_031973.2,25094450,25100743,trim65,plus,100692313,
NC_031973.2,25100292,25106451,wbp2,minus,100692044,
NC_031973.2,25109682,25124921,unc13d,plus,100692043,
NC_031973.2,25124866,25136017,unk,minus,100691771,
NC_031973.2,25136161,25138664,LOC100691772,plus,100691772,
NC_031973.2,25138723,25143082,LOC100691503,minus,100691503,
NC_031973.2,25143205,25151388,LOC100691323,plus,100691323,
NC_031973.2,25152105,25179273,itgb4,minus,100691235,
NC_031973.2,25181851,25200136,sap30bp,minus,100691055,
NC_031973.2,25200939,25202398,LOC112847651,minus,112847651,
NC_031973.2,25205604,25208611,LOC100690515,minus,100690515,
NC_031973.2,25214486,25229803,LOC100690972,plus,100690972,
NC_031973.2,25235512,25239805,LOC109203126,minus,109203126,
NC_031973.2,25260427,25260499,trnar-ucg,plus,109203344,
NC_031973.2,25260866,25260937,trnam-cau,plus,112847736,
NC_031973.2,25260982,25262582,mrpl58,minus,100690247,
NC_031973.2,25262737,25262808,trnaq-cug,minus,109203425,
NC_031973.2,25262840,25265348,LOC100690704,plus,100690704,
NC_031973.2,25266853,25277484,daglb,plus,100690428,
NC_031973.2,25279494,25317072,LOC100690161,plus,100690161,
NC_031973.2,25357323,25377618,LOC112847631,minus,112847631,
NC_031973.2,25379204,25382652,LOC100689983,plus,100689983,
NC_031973.2,25444482,25447661,LOC100689898,minus,100689898,
NC_031973.2,25455089,25509796,LOC100712516,minus,100712516,
NC_031973.2,25522033,25560054,LOC102078523,plus,102078523,
NC_031973.2,25569705,25578170,LOC100689712,plus,100689712,
NC_031973.2,25582835,25627831,LOC100712247,plus,100712247,
NC_031973.2,25636780,25650999,LOC100712334,plus,100712334,
NC_031973.2,25653553,25664701,LOC102077446,minus,102077446,
NC_031973.2,25667257,25711764,LOC100711979,minus,100711979,
NC_031973.2,25712162,25717692,dhrs7c,plus,100712066,
NC_031973.2,25748595,25762564,LOC100711711,plus,100711711,
NC_031973.2,25761675,25792008,LOC100711440,minus,100711440,
NC_031973.2,25933959,25945265,glp2r,plus,100711169,
NC_031973.2,25949092,25951425,pts,plus,100711800,
NC_031973.2,25958048,26011515,LOC100710904,plus,100710904,
NC_031973.2,26053396,26112089,LOC100711529,minus,100711529,
NC_031973.2,26117824,26133131,LOC100710639,minus,100710639,
NC_031973.2,26137258,26142517,rsph1,plus,100710373,
NC_031973.2,26143061,26148161,adprm,plus,100710111,
NC_031973.2,26149512,26166493,LOC100711257,plus,100711257,
NC_031973.2,26166881,26312388,myocd,minus,100709844,
NC_031973.2,26199683,26201696,LOC102075707,plus,102075707,
NC_031973.2,26333107,26492297,dnah9,plus,100709306,
NC_031973.2,26505448,26583461,LOC100709033,minus,100709033,
NC_031973.2,26671531,26672141,LOC106098421,minus,106098421,
NC_031973.2,26699069,26703574,LOC109203099,plus,109203099,
NC_031973.2,26716722,26732341,LOC100708764,plus,100708764,
NC_031973.2,26733662,26744563,wdr45b,minus,100710724,
NC_031973.2,26743099,26747340,LOC109203100,plus,109203100,
NC_031973.2,26744718,26744790,trnar-ccu,plus,109203345,
NC_031973.2,26747000,26753210,LOC106098460,minus,106098460,
NC_031973.2,26754371,26762723,LOC102079920,minus,102079920,
NC_031973.2,26762801,26765341,LOC109203101,plus,109203101,
NC_031973.2,26765597,26771966,LOC100710456,minus,100710456,
NC_031973.2,26773198,26780955,mettl9,minus,100708494,
NC_031973.2,26781999,26835752,caskin2,plus,100708226,
NC_031973.2,26838079,26863376,LOC100707955,minus,100707955,
NC_031973.2,26864396,26879944,LOC100707685,minus,100707685,
NC_031973.2,26891519,26893703,mrpl27,minus,100710199,
NC_031973.2,26897848,26911339,eme1,plus,100707417,
NC_031973.2,26924002,26927278,LOC102079752,plus,102079752,
NC_031973.2,27032860,27036955,LOC112847715,minus,112847715,
NC_031973.2,27054023,27099728,llgl2,minus,100702767,
NC_031973.2,27092920,27149761,galk1,minus,100702496,
NC_031973.2,27137235,27143506,kctd21,minus,112847725,
NC_031973.2,27153720,27212776,LOC100702229,minus,100702229,
NC_031973.2,27209446,27224195,acbd4,plus,100701964,
NC_031973.2,27223859,27298356,LOC100701689,minus,100701689,
NC_031973.2,27279852,27281246,LOC112847641,plus,112847641,
NC_031973.2,27304067,27308021,LOC102081455,minus,102081455,
NC_031973.2,27320439,27395308,LOC100701419,plus,100701419,
NC_031973.2,27354531,27355757,LOC112847664,minus,112847664,
NC_031973.2,27460395,27477753,znf518a,minus,102080039,
NC_031973.2,27496030,27498819,LOC102081365,plus,102081365,
NC_031973.2,27510894,27578241,fmn2,minus,100701146,
NC_031973.2,27583644,27589573,LOC100700872,minus,100700872,
NC_031973.2,27605072,27621742,LOC102081287,minus,102081287,
NC_031973.2,27631577,27899450,ryr2,minus,100693556,
NC_031973.2,27703510,27719176,LOC112847686,plus,112847686,
NC_031973.2,27839394,27840371,LOC112847684,plus,112847684,
NC_031973.2,27861593,27905286,LOC112847685,plus,112847685,
NC_031973.2,27905103,27931892,mtr,minus,100693817,
NC_031973.2,27937835,27952929,bms1,minus,100694091,
NC_031973.2,27982533,27986692,LOC100711871,plus,100711871,
NC_031973.2,27996960,27999638,egr2,minus,100694363,
NC_031973.2,28049295,28054768,nhlrc3,minus,100694630,
NC_031973.2,28057239,28065022,nrbf2,plus,100694891,
NC_031973.2,28067447,28104165,reep3,minus,100695161,
NC_031973.2,28114293,28222622,jmjd1c,plus,100695422,
NC_031973.2,28261682,28266445,LOC100695684,minus,100695684,
NC_031973.2,28283760,28338071,exoc6,minus,100695951,
NC_031973.2,28328950,28337033,LOC112847645,minus,112847645,
NC_031973.2,28368312,28374335,hhex,minus,100696209,
NC_031973.2,28376286,28381524,trub1,minus,100696474,
NC_031973.2,28381747,28397207,lrrc45,plus,100712139,
NC_031973.2,28397829,28413211,rac3,plus,100712409,
NC_031973.2,28413794,28419264,dcxr,minus,100689788,
NC_031973.2,28422121,28435167,rfng,minus,100696743,
NC_031973.2,28435748,28446305,LOC100697011,minus,100697011,
NC_031973.2,28449667,28479193,LOC100690057,minus,100690057,
NC_031973.2,28484626,28513686,LOC100690677,plus,100690677,
NC_031973.2,28525528,28565196,LOC100690945,plus,100690945,
NC_031973.2,28571022,28581378,naglu,plus,100697281,
NC_031973.2,28590019,28606244,ipmk,minus,100697543,
NC_031973.2,28615357,28620837,LOC109194230,plus,109194230,
NC_031973.2,28621612,28626619,tfam,plus,100692016,
NC_031973.2,28626348,28635399,LOC100697816,minus,100697816,
NC_031973.2,28628436,28629411,LOC112847652,plus,112847652,
NC_031973.2,28641033,28645225,LOC109203130,plus,109203130,
NC_031973.2,28843582,28844806,LOC109203111,minus,109203111,
NC_031973.2,28903413,28908473,LOC109203110,minus,109203110,
NC_031973.2,28910045,28915971,LOC102082294,minus,102082294,
NC_031973.2,28953346,28955453,LOC109203109,minus,109203109,
NC_031973.2,29211135,29213582,LOC112847729,plus,112847729,
NC_031973.2,29224600,29236129,LOC112847728,plus,112847728,
NC_031973.2,29259980,29273367,LOC106098117,plus,106098117,
NC_031973.2,29271593,29272351,LOC112841776,plus,112841776,
NC_031973.2,29318835,29324800,LOC109203113,plus,109203113,
NC_031973.2,29324899,29329505,LOC109203114,minus,109203114,
NC_031973.2,29333554,29335113,LOC100698457,plus,100698457,
NC_031973.2,29350315,29354375,LOC109203127,plus,109203127,
NC_031973.2,29379188,30388691,LOC100707149,plus,100707149,
NC_031973.2,29382155,29416887,LOC100698885,plus,100698885,
NC_031973.2,29418694,29448048,fasn,minus,100534502,
NC_031973.2,29450766,29470195,LOC100698614,minus,100698614,
NC_031973.2,29470522,29479945,LOC100698350,plus,100698350,
NC_031973.2,29489281,29500700,LOC100692287,minus,100692287,
NC_031973.2,29503633,29511261,LOC102075744,plus,102075744,
NC_031973.2,29540835,29721880,LOC100698083,minus,100698083,
NC_031973.2,29753532,29761300,LOC109203122,minus,109203122,
NC_031973.2,29843599,29880923,myo15b,plus,100697040,
NC_031973.2,29898099,29956563,tmem94,plus,100697312,
NC_031973.2,29937763,29939893,LOC112847726,minus,112847726,
NC_031973.2,29963455,29964736,LOC106097295,minus,106097295,
NC_031973.2,29965610,29986776,tdrkh,plus,100697575,
NC_031973.2,29987017,30013410,LOC100696505,plus,100696505,
NC_031973.2,30016915,30021705,LOC100696772,minus,100696772,
NC_031973.2,30186700,30187825,LOC106098506,minus,106098506,
NC_031973.2,30285022,30287269,LOC112847727,minus,112847727,
NC_031973.2,30432460,30440980,LOC109199204,plus,109199204,
NC_031973.2,30450967,30452278,LOC112847691,minus,112847691,
NC_031973.2,30452873,30526093,LOC109200687,plus,109200687,
NC_031973.2,30461342,30467063,LOC102077534,minus,102077534,
