"Genes, NCBI Xenopus tropicalis Annotation Release 104, 2019-12-18"
Accession,Start,Stop,Gene symbol,Strand,NCBI Gene ID,Name
NC_030686.2,11761,15165,LOC101731736,plus,101731736,
NC_030686.2,57390,67804,mapre1,minus,394720,microtubule associated protein RP/EB family member 1
NC_030686.2,73292,87815,nol4l,plus,100494288,
NC_030686.2,120452,146459,asxl1,minus,100379981,
NC_030686.2,150333,165191,kif3b,minus,100494561,
NC_030686.2,168254,176746,pofut1,minus,496411,protein O-fucosyltransferase 1
NC_030686.2,180630,197832,tm9sf4,minus,100379964,
NC_030686.2,202585,226951,hck,minus,548439,"HCK proto-oncogene, Src family tyrosine kinase"
NC_030686.2,243491,250959,tbc1d20.1,plus,549635,TBC1 domain family member 20
NC_030686.2,259286,260976,LOC116407953,minus,116407953,
NC_030686.2,260991,275867,c10h20orf96,plus,100486979,
NC_030686.2,276706,283949,rem1,plus,100124825,RAS (RAD and GEM)-like GTP-binding 1
NC_030686.2,310937,323003,hm13,plus,100124822,histocompatibility (minor) 13
NC_030686.2,325992,350315,LOC100145779,plus,100145779,
NC_030686.2,354540,361878,cox4i2,plus,549699,cytochrome c oxidase subunit 4I2
NC_030686.2,362174,379206,bcl2l1,minus,447991,BCL2 like 1
NC_030686.2,379528,389944,tpx2,plus,100124787,"TPX2, microtubule-associated"
NC_030686.2,398925,421539,xkr7,plus,100498081,
NC_030686.2,423644,432187,irf10,minus,100497921,
NC_030686.2,437545,457104,ttll9,plus,116408011,
NC_030686.2,459473,468476,LOC116408026,plus,116408026,
NC_030686.2,475763,488761,ccm2l,plus,100498237,
NC_030686.2,488194,504227,csnk2a1,minus,100498392,
NC_030686.2,570214,575313,tcf15,minus,549260,transcription factor 15
NC_030686.2,592477,598385,srxn1,minus,116408042,
NC_030686.2,610651,631682,LOC116407977,minus,116407977,
NC_030686.2,656089,661175,slc52a3,minus,100486825,
NC_030686.2,664408,675227,LOC116407984,minus,116407984,
NC_030686.2,685405,689335,fam110a,plus,116407983,
NC_030686.2,692382,701813,psmf1,plus,100216230,
NC_030686.2,705638,711386,tmem74b,minus,100486112,
NC_030686.2,719898,738512,snph,plus,116408004,
NC_030686.2,761366,781060,sdcbp2,minus,101733177,
NC_030686.2,799519,811034,fkbp1a,minus,496501,
NC_030686.2,818814,830198,nsfl1c,minus,116408006,
NC_030686.2,846960,848463,pdyn,minus,116408008,
NC_030686.2,890141,900219,LOC100497495,plus,100497495,
NC_030686.2,902305,911427,fndc11,plus,116408007,
NC_030686.2,913800,959731,helz2,minus,101733680,
NC_030686.2,971701,981433,gmeb2,minus,100491874,
NC_030686.2,995388,1009289,stmn3,minus,779780,stathmin 3
NC_030686.2,1009304,1033812,rtel1,plus,100487920,
NC_030686.2,1032294,1386483,sox18,minus,100170185,SRY-box 18
NC_030686.2,1048339,1054869,tnfrsf6b,plus,100145799,TNF receptor superfamily member 6b
NC_030686.2,1062735,1070435,arfrp1,minus,394772,ADP ribosylation factor related protein 1
NC_030686.2,1072857,1101037,zgpat,plus,549198,"zinc finger, CCCH-type with G-patch domain"
NC_030686.2,1095715,1104763,lime1,plus,100489775,
NC_030686.2,1108379,1126893,slc2a4rg,plus,116408014,
NC_030686.2,1131669,1173167,zbtb46,minus,100145588,
NC_030686.2,1196525,1215237,tpd52l2,plus,595067,tumor protein D52-like 2
NC_030686.2,1223362,1244044,dnajc5,plus,548742,DnaJ heat shock protein family (Hsp40) member C5
NC_030686.2,1262012,1295209,LOC116407971,minus,116407971,
NC_030686.2,1302017,1321819,znf512b,minus,100216196,zinc finger protein 512B
NC_030686.2,1333424,1341046,samd10,minus,116408031,
NC_030686.2,1349023,1361403,prpf6,plus,595030,pre-mRNA processing factor 6
NC_030686.2,1364677,1366407,rhagl,minus,734123,Rh associated glycoprotein like
NC_030686.2,1412953,1425753,tcea3,plus,549044,"transcription elongation factor A (SII), 3"
NC_030686.2,1431407,1456206,LOC105945218,plus,105945218,
NC_030686.2,1437493,1440978,LOC100495885,minus,100495885,
NC_030686.2,1464150,1479296,LOC100496194,plus,100496194,
NC_030686.2,1486202,1490651,rgs19,minus,100145150,regulator of G-protein signaling 19
NC_030686.2,1511816,1531564,lkaaear1,minus,116408018,
NC_030686.2,1566801,1607247,oprl1,plus,116408017,
NC_030686.2,1633428,1638425,npbwr2,minus,100487226,
NC_030686.2,1650610,1653189,LOC100487072,minus,100487072,
NC_030686.2,1656032,1658004,LOC101730305,plus,101730305,
NC_030686.2,1766221,1805466,myt1,plus,100490628,
NC_030686.2,1832217,1834227,LOC100491979,plus,100491979,
NC_030686.2,1836398,1842685,LOC100492142,minus,100492142,
NC_030686.2,1846864,1848508,LOC105945269,minus,105945269,
NC_030686.2,1848718,1858195,pcmtd2,plus,496500,protein-L-isoaspartate (D-aspartate) O-methyltransferase domain containing 2
NC_030686.2,1860247,1878948,LOC100491469,plus,100491469,
NC_030686.2,1883827,1900081,LOC116407982,minus,116407982,
NC_030686.2,1913382,1924746,LOC100491133,plus,100491133,
NC_030686.2,1926679,1930390,LOC116408003,plus,116408003,
NC_030686.2,1943255,1959310,ptk6,plus,100490792,
NC_030686.2,1965890,1971960,ppdpf,minus,100037910,pancreatic progenitor cell differentiation and proliferation factor
NC_030686.2,1996584,2009718,eef1a2,plus,496898,eukaryotic translation elongation factor 1 alpha 2
NC_030686.2,2012251,2046235,kcnq2,plus,100492090,
NC_030686.2,2050552,2052451,LOC100491920,minus,100491920,
NC_030686.2,2089080,2122601,chrna4,plus,100135106,"cholinergic receptor, nicotinic alpha 4"
NC_030686.2,2124194,2172277,col20a1,minus,101731976,
NC_030686.2,2178538,2187397,deptorl,minus,100216136,
NC_030686.2,2189281,2209757,arfgap1,minus,100170564,ADP ribosylation factor GTPase activating protein 1
NC_030686.2,2219535,2241483,nkain4,plus,448628,Sodium/potassium transporting ATPase interacting 4
NC_030686.2,2241643,2247099,birc7,minus,100127811,baculoviral IAP repeat containing 7
NC_030686.2,2250084,2258897,ythdf1,plus,395029,YTH N(6)-methyladenosine RNA binding protein 1
NC_030686.2,2321575,2327429,bhlhe23,plus,116408060,
NC_030686.2,2343156,2358127,slc17a9,minus,100496923,
NC_030686.2,2366883,2398449,gid8,minus,100379846,
NC_030686.2,2402030,2442851,dido1,plus,100135007,
NC_030686.2,2446616,2451587,tcfl5,plus,100493147,
NC_030686.2,2451593,2490159,col9a3,minus,100145619,"collagen, type IX, alpha 3"
NC_030686.2,2494172,2505636,ogfr,minus,100492978,
NC_030686.2,2506709,2514803,LOC101733404,minus,101733404,
NC_030686.2,2521136,2525912,LOC105945219,minus,105945219,
NC_030686.2,2528188,2530117,LOC116407970,minus,116407970,
NC_030686.2,2528190,2536757,LOC116407969,minus,116407969,
NC_030686.2,2537860,2540801,mrgbp,minus,595073,MRG/MORF4L binding protein
NC_030686.2,2545892,2549168,LOC105946032,plus,105946032,
NC_030686.2,2551562,2554094,LOC101732705,plus,101732705,
NC_030686.2,2573539,2584835,ntsr1,minus,116407985,
NC_030686.2,2621694,2627032,LOC116408025,plus,116408025,
NC_030686.2,2632306,2656609,ppp4r1l,minus,100216260,
NC_030686.2,2671592,2675605,LOC101732489,minus,101732489,
NC_030686.2,2675053,2677881,LOC116407986,minus,116407986,
NC_030686.2,2683646,2699879,rab22a,plus,733939,"RAB22A, member RAS oncogene family"
NC_030686.2,2711701,2730143,vapb,plus,394500,VAMP (vesicle-associated membrane protein)-associated protein B and C
NC_030686.2,2732505,2751906,apcdd1l,minus,105946010,
NC_030686.2,2858468,2871622,stx16,plus,100493473,
NC_030686.2,2875602,2888456,npepl1,plus,613087,aminopeptidase like 1
NC_030686.2,2888397,2931641,LOC100498074,minus,100498074,
NC_030686.2,2966999,2968305,LOC116408005,plus,116408005,
NC_030686.2,2975485,3051569,gnas,plus,407931,
NC_030686.2,3060579,3070082,nelfcd,plus,595074,negative elongation factor complex member C/D
NC_030686.2,3072142,3079216,ctsz,minus,100127597,cathepsin Z
NC_030686.2,3081489,3088283,tubb1,plus,101730558,
NC_030686.2,3090442,3094747,atp5f1e,minus,116408027,
NC_030686.2,3096890,3112196,prelid3b,minus,116407972,
NC_030686.2,3124769,3147291,LOC100495442,minus,100495442,
NC_030686.2,3172141,3212060,znf831,plus,101734036,
NC_030686.2,3241678,3301357,edn3,plus,101733976,
NC_030686.2,3241959,3243934,LOC116407987,minus,116407987,
NC_030686.2,3309937,3378474,LOC116407958,minus,116407958,
NC_030686.2,3382386,3460788,phactr3,plus,100101655,phosphatase and actin regulator 3
NC_030686.2,3461916,3510188,sycp2,minus,779792,
NC_030686.2,3513998,3515618,ppp1r3d,minus,100490113,
NC_030686.2,3515635,3522570,fam217b,plus,100489937,
NC_030686.2,3524397,3580058,cdh26,plus,595076,
NC_030686.2,3587972,3616097,LOC100492690,plus,100492690,
NC_030686.2,3860007,3877376,LOC116408050,plus,116408050,
NC_030686.2,3886075,3888124,LOC101732123,minus,101732123,
NC_030686.2,3999689,4338418,cdh4,plus,100144729,cadherin 4
NC_030686.2,4364182,4393080,taf4,minus,779738,TATA-box binding protein associated factor 4
NC_030686.2,4397188,4405526,lsm14b,plus,595068,LSM family member 14B
NC_030686.2,4409218,4414667,psma7,minus,394668,proteasome subunit alpha 7
NC_030686.2,4415071,4428124,ss18l1,plus,100380069,synovial sarcoma translocation gene on chromosome 18-like 1
NC_030686.2,4430112,4434286,mtg2,plus,496677,mitochondrial ribosome-associated GTPase 2
NC_030686.2,4442546,4453333,hrh3,minus,100497857,
NC_030686.2,4498050,4553332,osbpl2,plus,403099,oxysterol binding protein like 2
NC_030686.2,4558431,4569445,adrm1,plus,394646,adhesion regulating molecule 1
NC_030686.2,4570556,4654435,lama5,minus,100145762,
NC_030686.2,4678376,4680857,LOC116407989,minus,116407989,
NC_030686.2,4681696,4684744,LOC100498008,minus,100498008,
NC_030686.2,4693708,4695358,LOC116408057,minus,116408057,
NC_030686.2,4695461,4702062,LOC108645541,minus,108645541,
NC_030686.2,4710719,4717061,LOC101733833,minus,101733833,
NC_030686.2,4726604,4728268,LOC116408059,minus,116408059,
NC_030686.2,4728316,4734922,LOC101735006,minus,101735006,
NC_030686.2,4739420,4746975,rps21,minus,448708,ribosomal protein S21
NC_030686.2,4750693,4774581,cables2,minus,496873,Cdk5 and Abl enzyme substrate 2
NC_030686.2,4777249,4953328,LOC116408023,plus,116408023,
NC_030686.2,4783137,4816822,rbbp8nl,minus,394605,RBBP8 N-terminal like
NC_030686.2,4876409,5029430,gata5,minus,496852,GATA binding protein 5
NC_030686.2,4965299,5019750,LOC116408022,plus,116408022,
NC_030686.2,4972398,4972468,mir1a-2,plus,100886921,microRNA mir-1a-2
NC_030686.2,4991966,4992051,mir133c,plus,100886905,microRNA mir-133c
NC_030686.2,5031429,5054662,slco4a1,plus,100145193,solute carrier organic anion transporter family member 4A1
NC_030686.2,5056265,5067816,LOC101731830,minus,101731830,
NC_030686.2,5080684,5285509,c20orf85,minus,100497814,
NC_030686.2,5293578,5344199,pmepa1,plus,100485403,
NC_030686.2,5370031,5380521,zbp1,plus,101732530,
NC_030686.2,5388044,5399213,LOC100485551,minus,100485551,
NC_030686.2,5408168,5414677,pck1,minus,733907,phosphoenolpyruvate carboxykinase 1
NC_030686.2,5492745,5507950,rbm38,minus,448763,RNA binding motif protein 38
NC_030686.2,5521929,5532625,rae1,minus,549896,ribonucleic acid export 1
NC_030686.2,5533845,5664136,spo11,minus,493562,SPO11 meiotic protein covalently bound to DSB
NC_030686.2,5570169,5625354,bmp7.1,plus,394805,"bone morphogenetic protein 7, gene 1"
NC_030686.2,5938634,5958879,tfap2c,minus,496506,transcription factor AP-2 gamma
NC_030686.2,6007114,6026946,rtf2,minus,407963,replication termination factor 2
NC_030686.2,6012056,6020491,gcnt7,plus,101732783,
NC_030686.2,6030273,6056896,cass4,minus,100490791,
NC_030686.2,6081461,6088995,cstf1,minus,407896,"cleavage stimulation factor, 3' pre-RNA, subunit 1"
NC_030686.2,6089290,6096796,aurka,plus,549324,aurora kinase A
NC_030686.2,6097707,6102602,fam210b,minus,780279,family with sequence similarity 210 member B
NC_030686.2,6124617,6131207,LOC105945216,minus,105945216,
NC_030686.2,6138377,6147280,mlx,minus,101732928,
NC_030686.2,6149741,6155600,LOC116407996,plus,116407996,
NC_030686.2,6154771,6161282,coq10b,minus,549873,coenzyme Q10B
NC_030686.2,6166058,6184400,coasy,minus,100490454,
NC_030686.2,6228522,6259850,LOC101732252,plus,101732252,
NC_030686.2,6264002,6315630,atp6v0a1,minus,100036694,"ATPase, H+ transporting, lysosomal V0 subunit a1"
NC_030686.2,6350884,6379222,cavin1,plus,448589,caveolae associated protein 1
NC_030686.2,6391805,6432462,stat3.1,plus,100498278,
NC_030686.2,6444024,6476099,stat3.2,plus,100498547,
NC_030686.2,6488221,6494052,LOC116407990,plus,116407990,
NC_030686.2,6532156,6614494,stat5b,plus,100495240,
NC_030686.2,6614271,6616559,LOC116407957,plus,116407957,
NC_030686.2,6617591,6634547,ino80c,plus,101731482,
NC_030686.2,6636722,6648909,ghdc,plus,100488130,
NC_030686.2,6652441,6725705,LOC100488276,plus,100488276,
NC_030686.2,6729236,6738687,hcrt,plus,101731540,
NC_030686.2,6753045,6868305,kcnh4,plus,100488431,
NC_030686.2,6898164,6909609,rab5c,plus,594914,"RAB5C, member RAS oncogene family"
NC_030686.2,6921216,6922180,LOC100491399,plus,100491399,
NC_030686.2,6923732,6949671,kat2a,plus,100492735,
NC_030686.2,6954587,6971991,dhx58,plus,100492559,
NC_030686.2,6994076,6999622,LOC116407954,minus,116407954,
NC_030686.2,6999716,7138999,znf385c,plus,779834,zinc finger protein 385C
NC_030686.2,7145909,7151149,nkiras2,minus,100491230,
NC_030686.2,7152938,7176254,dnajc7,plus,448421,DnaJ heat shock protein family (Hsp40) member C7
NC_030686.2,7183470,7195792,cnp,minus,100492391,
NC_030686.2,7197879,7212599,ttc25,minus,100145076,
NC_030686.2,7230205,7274837,acly,plus,493390,ATP citrate lyase
NC_030686.2,7279524,7284117,klhl11,plus,100491061,
NC_030686.2,7297787,7308542,nt5c3b,plus,100170453,"5'-nucleotidase, cytosolic IIIB"
NC_030686.2,7311079,7325759,fkbp10,minus,549537,FKBP prolyl isomerase 10
NC_030686.2,7329839,7341628,p3h4,plus,595018,prolyl 3-hydroxylase family member 4 (non-enzymatic)
NC_030686.2,7367846,7423836,jup,plus,395011,junction plakoglobin
NC_030686.2,7472119,7523897,hap1,plus,100038245,huntingtin-associated protein 1
NC_030686.2,7526231,7530782,gast,minus,100492074,
NC_030686.2,7546387,7549362,eif1,minus,448694,eukaryotic translation initiation factor 1
NC_030686.2,7571389,7577912,krt70,plus,448098,keratin 70
NC_030686.2,7580578,7588220,terf2ip,plus,779476,TERF2 interacting protein
NC_030686.2,7624418,7629423,krt17,plus,100490897,
NC_030686.2,7639379,7645569,krt9.1,plus,100490729,
NC_030686.2,7648407,7658158,krt9.2,plus,100490554,
NC_030686.2,7700709,7712432,krt19,plus,394514,keratin 19
NC_030686.2,7728061,7737442,krt15.1,plus,100490379,
NC_030686.2,7742567,7751345,krt15.2,plus,100379888,
NC_030686.2,7761308,7767583,krt34,plus,100491736,
NC_030686.2,7787172,7787243,trnac-gca,minus,108644528,
NC_030686.2,7831713,7870206,krt23,plus,100491563,
NC_030686.2,7883393,7896656,LOC105945215,plus,105945215,
NC_030686.2,7934690,7945812,krt12.1,plus,100127859,
NC_030686.2,7954081,7962108,krt12.2,plus,100499212,
NC_030686.2,7964631,7985889,krt20,minus,101730713,
NC_030686.2,8019712,8025323,krt12.3,plus,549413,"keratin 12, gene 3"
NC_030686.2,8037714,8043200,krt12.4,plus,100145042,"Keratin 12, gene 4"
NC_030686.2,8062074,8066132,krt12.5,plus,100144436,"keratin 12, gene 5"
NC_030686.2,8078550,8086956,krt12.6,plus,100486967,
NC_030686.2,8128696,8138544,krt57,plus,100488018,
NC_030686.2,8147902,8155364,krt56,plus,101731128,
NC_030686.2,8165521,8174820,krt55,plus,496660,keratin 55
NC_030686.2,8179377,8188722,krt54,plus,100488172,
NC_030686.2,8221958,8228828,krt53,plus,100158585,keratin 53
NC_030686.2,8234353,8238605,LOC116407951,plus,116407951,
NC_030686.2,8253914,8257730,krt50,plus,100487422,
NC_030686.2,8274777,8279959,krt24,plus,100487269,
NC_030686.2,8290289,8327367,krt222,plus,100488319,
NC_030686.2,8334315,8361506,smarce1,plus,448018,"SWI/SNF related, matrix associated, actin dependent regulator of chromatin, subfamily e, member 1"
NC_030686.2,8400402,8422120,ccr7,plus,100485139,
NC_030686.2,8452385,8473934,tns4,plus,101734898,
NC_030686.2,8508453,8541912,igfbp4,minus,100498651,
NC_030686.2,8574648,8576126,arf11l.2,plus,101734701,
NC_030686.2,8577729,8580138,LOC116408029,plus,116408029,
NC_030686.2,8583496,8613109,col15a1,plus,101731003,
NC_030686.2,8619589,8651732,top2a,plus,100038293,
NC_030686.2,8689767,8707752,gjd3,plus,100497705,
NC_030686.2,8729511,8731398,LOC100497858,plus,100497858,
NC_030686.2,8738738,8801856,rara,minus,100038052,retinoic acid receptor alpha
NC_030686.2,8862260,8871712,cdc6,minus,493356,cell division cycle 6
NC_030686.2,8879445,8892890,wipf2,minus,100497072,
NC_030686.2,8905807,8956993,rapgefl1,minus,100145761,Rap guanine nucleotide exchange factor like 1
NC_030686.2,8968567,8997831,casc3,minus,503560,"CASC3, exon junction complex subunit"
NC_030686.2,9009071,9019788,msl1,minus,100380169,
NC_030686.2,9039443,9049660,nr1d1,plus,100101679,nuclear receptor subfamily 1 group D member 1
NC_030686.2,9063035,9190651,thra,minus,734136,thyroid hormone receptor alpha
NC_030686.2,9215534,9224052,LOC116408038,plus,116408038,
NC_030686.2,9350065,9354845,csf3,minus,100497396,
NC_030686.2,9378418,9390115,psmd3,minus,100492563,
NC_030686.2,9390278,9553787,lrrc3c,plus,100492739,
NC_030686.2,9427624,9438346,LOC116407991,minus,116407991,
NC_030686.2,9439631,9440365,LOC116408055,minus,116408055,
NC_030686.2,9452805,9465147,LOC116408051,minus,116408051,
NC_030686.2,9466270,9466931,LOC116408056,minus,116408056,
NC_030686.2,9479157,9479775,LOC116408053,minus,116408053,
NC_030686.2,9481771,9482686,LOC116408054,minus,116408054,
NC_030686.2,9497574,9499153,LOC116408052,minus,116408052,
NC_030686.2,9499219,9506877,LOC116407992,minus,116407992,
NC_030686.2,9578456,9636926,zpbp2,minus,101730803,
NC_030686.2,9666373,9684279,ikzf3,plus,100491406,
NC_030686.2,9693997,9709004,LOC100491569,minus,100491569,
NC_030686.2,9715002,9771878,grb7,minus,100491741,
NC_030686.2,9779290,9783568,mien1,minus,548750,migration and invasion enhancer 1
NC_030686.2,9789929,9797298,LOC100491906,minus,100491906,
NC_030686.2,9798394,9803040,LOC733841,plus,733841,Novel protein containing SPRY domain
NC_030686.2,9804296,9881463,erbb2,minus,100492078,
NC_030686.2,9899326,9907572,pgap3,plus,779696,post-GPI attachment to proteins 3
NC_030686.2,9910445,9917261,pnmt,minus,100492236,
NC_030686.2,9929321,9931659,tcap,minus,100380097,
NC_030686.2,9940958,9949957,LOC100492396,minus,100492396,
NC_030686.2,9953350,9977420,stard3,minus,448505,StAR related lipid transfer domain containing 3
NC_030686.2,9987123,10011690,ppp1r1b,minus,100124928,protein phosphatase 1 regulatory inhibitor subunit 1B
NC_030686.2,10062228,10067772,neurod2,plus,779941,neuronal differentiation 2
NC_030686.2,10131054,10135380,gs17,plus,549300,gastrula-specific protein 17
NC_030686.2,10133328,10168286,cdk12,minus,100038049,cyclin-dependent kinase 12
NC_030686.2,10158349,10203037,med1,plus,100036710,mediator complex subunit 1
NC_030686.2,10210817,10245665,fbxl20,plus,100491064,
NC_030686.2,10256003,10270942,ubp1,minus,496964,upstream binding protein 1
NC_030686.2,10296158,10336158,stac2,plus,100491407,
NC_030686.2,10355693,10363893,42Sp43,minus,548848,P43 5S RNA-binding protein
NC_030686.2,10367253,10373809,rpl19,minus,448704,ribosomal protein L19
NC_030686.2,10382930,10420150,cacnb1,plus,100158521,"calcium channel, voltage-dependent, beta 1 subunit"
NC_030686.2,10455239,10464308,arl5c,plus,733518,ADP ribosylation factor like GTPase 5C
NC_030686.2,10471021,10475338,dkkx,minus,100491236,
NC_030686.2,10489389,10538494,plxdc1,plus,101732893,
NC_030686.2,10566892,10591463,fbxo47,plus,100158537,F-box protein 47
NC_030686.2,10592837,10596679,LOC116408066,minus,116408066,
NC_030686.2,10602135,10638719,lasp1,minus,493322,LIM and SH3 protein 1
NC_030686.2,10639234,10639305,trnac-gca,plus,108644639,
NC_030686.2,10643931,10644002,trnac-gca,plus,108644663,
NC_030686.2,10661861,10667786,rpl23,plus,496667,ribosomal protein L23
NC_030686.2,10662481,10662613,LOC116408104,plus,116408104,
NC_030686.2,10664120,10664252,LOC116408105,plus,116408105,
NC_030686.2,10665854,10665986,LOC116408103,plus,116408103,
NC_030686.2,10671030,10676788,c17orf98,plus,100495435,
NC_030686.2,10673515,10698624,LOC116407960,minus,116407960,
NC_030686.2,10678438,10678509,trnac-gca,plus,108644674,
NC_030686.2,10690250,10690321,trnac-gca,minus,108644564,
NC_030686.2,10699954,10700025,trnac-gca,minus,116408164,
NC_030686.2,10703371,10720210,LOC105945242,minus,105945242,
NC_030686.2,10709074,10709145,trnac-gca,minus,116408165,
NC_030686.2,10720287,10720358,trnac-gca,plus,108644685,
NC_030686.2,10721545,10721616,trnac-gca,plus,108644534,
NC_030686.2,10722491,10722562,trnac-gca,plus,116408163,
NC_030686.2,10723699,10723770,trnac-gca,plus,108644545,
NC_030686.2,10724972,10725043,trnac-gca,plus,108644556,
NC_030686.2,10726260,10726331,trnac-gca,minus,108644565,
NC_030686.2,10726693,10726764,trnac-gca,plus,116408174,
NC_030686.2,10727648,10727719,trnac-gca,minus,116408166,
NC_030686.2,10728972,10729043,trnac-gca,plus,108644567,
NC_030686.2,10730881,10746199,rbm34,plus,448232,RNA binding motif protein 34
NC_030686.2,10746734,10758650,cwc25,minus,100145020,CWC25 spliceosome-associated protein homolog
NC_030686.2,10759062,10759133,trnac-gca,minus,108644566,
NC_030686.2,10764076,10774842,pip4k2b,plus,100380045,
NC_030686.2,10774969,10782151,psmb3,minus,549257,proteasome subunit beta 3
NC_030686.2,10788448,10812058,tbkbp1,minus,100496177,
NC_030686.2,10819428,10837552,kpnb1,minus,100216264,
NC_030686.2,10847035,10890808,npepps,minus,780147,aminopeptidase puromycin sensitive
NC_030686.2,10899386,10906336,LOC101732366,minus,101732366,
NC_030686.2,10914860,10923987,mrpl45,plus,613101,mitochondrial ribosomal protein L45
NC_030686.2,10924139,10950008,gpr179,minus,100496332,
NC_030686.2,10967300,10989050,socs7,plus,100158657,suppressor of cytokine signaling 7
NC_030686.2,11004850,11077714,arhgap23,plus,100496640,
NC_030686.2,11084568,11194721,srcin1,minus,100158628,SRC kinase signaling inhibitor 1
NC_030686.2,11334425,11334496,trnac-gca,plus,108644578,
NC_030686.2,11337468,11337539,trnac-gca,plus,108644589,
NC_030686.2,11360217,11382642,mllt6,plus,549549,"MLLT6, PHD finger containing"
NC_030686.2,11391588,11405201,pcgf2,minus,594961,polycomb group ring finger 2
NC_030686.2,11448926,11455692,LOC108648945,plus,108648945,
NC_030686.2,11457398,11470841,tbx21,plus,100496799,
NC_030686.2,11470846,11481438,mrpl10,minus,100496025,
NC_030686.2,11481457,11492099,lrrc46,plus,101730444,
NC_030686.2,11492004,11500926,scrn2,minus,779903,secernin 2
NC_030686.2,11516782,11528375,sp6,minus,100494184,
NC_030686.2,11541894,11544948,LOC116408039,minus,116408039,
NC_030686.2,11602097,11612164,sp2,plus,549560,Sp2 transcription factor
NC_030686.2,11613157,11621823,LOC100494818,minus,100494818,
NC_030686.2,11621970,11643727,pnpo,plus,100144978,pyridoxamine 5'-phosphate oxidase
NC_030686.2,11649881,11653290,prr15l,minus,100379736,
NC_030686.2,11659891,11670299,cdk5rap3,plus,496928,CDK5 regulatory subunit associated protein 3
NC_030686.2,11687305,11702147,copz2,minus,100379766,
NC_030686.2,11702237,11713753,nfe2l1,plus,100151700,
NC_030686.2,11718520,11724728,cbx1,minus,549904,chromobox 1
NC_030686.2,11736881,11745624,snx11,plus,100145709,sorting nexin 11
NC_030686.2,11748625,11944560,skap1,minus,448448,src kinase associated phosphoprotein 1
NC_030686.2,11994003,11999202,hoxb1,minus,100493290,
NC_030686.2,12016235,12019949,hoxb2,minus,100038155,
NC_030686.2,12024784,12074446,hoxb3,minus,548725,homeobox B3
NC_030686.2,12047796,12049635,hoxb4,minus,548393,homeobox B4
NC_030686.2,12050568,12050667,mir10a,minus,100886780,microRNA mir-10a
NC_030686.2,12061484,12070142,LOC105945250,plus,105945250,
NC_030686.2,12061932,12063938,hoxb5,minus,100113366,homeobox B5
NC_030686.2,12065275,12069167,hoxb6,minus,100124320,
NC_030686.2,12075868,12088770,hoxb7,minus,100494663,
NC_030686.2,12089384,12091639,hoxb8,minus,100493882,
NC_030686.2,12095768,12101179,hoxb9,minus,394474,homeobox B9
NC_030686.2,12157207,12159358,LOC116407935,minus,116407935,
NC_030686.2,12160333,12165378,LOC116407994,minus,116407994,
NC_030686.2,12165519,12168014,LOC116407995,minus,116407995,
NC_030686.2,12169600,12171107,LOC116407973,minus,116407973,
NC_030686.2,12203726,12226310,calcoco2,plus,448562,calcium binding and coiled-coil domain 2
NC_030686.2,12228370,12231264,LOC101731254,minus,101731254,
NC_030686.2,12231246,12240940,ube2z,plus,493338,ubiquitin conjugating enzyme E2Z
NC_030686.2,12244705,12250654,snf8,minus,496607,"SNF8, ESCRT-II complex subunit"
NC_030686.2,12256807,12264860,gip,minus,100036740,gastric inhibitory polypeptide
NC_030686.2,12281479,12290796,LOC116408021,plus,116408021,
NC_030686.2,12303258,12325610,kcnk15,plus,100492337,
NC_030686.2,12367663,12466394,rims4,minus,100492503,
NC_030686.2,12512956,12524073,ywhab,plus,496529,tyrosine 3-monooxygenase/tryptophan 5-monooxygenase activation protein beta
NC_030686.2,12527199,12552583,pabpc1l,plus,448615,"poly(A) binding protein, cytoplasmic 1-like"
NC_030686.2,12554848,12589621,stk4,plus,394860,serine/threonine kinase 4
NC_030686.2,12596486,12603843,kcns1,minus,100492665,
NC_030686.2,12608845,12655056,matn4,minus,100492840,
NC_030686.2,12781030,12805610,LOC116408076,minus,116408076,
NC_030686.2,12811753,12832920,sdc4,minus,100144973,syndecan 4
NC_030686.2,12951620,12955250,gdf5,plus,100189547,growth differentiation factor 5
NC_030686.2,13016428,13090555,uqcc1,plus,394930,ubiquinol-cytochrome c reductase complex assembly factor 1
NC_030686.2,13140190,13163934,fam83c,plus,733950,family with sequence similarity 83 member C
NC_030686.2,13169582,13169653,trnaq-cug,plus,108644600,
NC_030686.2,13172270,13180936,eif6,plus,448711,eukaryotic translation initiation factor 6
NC_030686.2,13184208,13185134,LOC116407997,minus,116407997,
NC_030686.2,13259012,13260575,LOC108648935,plus,108648935,
NC_030686.2,13368921,13478849,LOC100492996,plus,100492996,
NC_030686.2,13495762,13495843,trnas-aga,minus,108644584,
NC_030686.2,13496358,13496439,trnas-uga,minus,108644585,
NC_030686.2,13497034,13497115,trnas-aga,minus,116408167,
NC_030686.2,13497630,13497711,trnas-uga,minus,108644583,
NC_030686.2,13498379,13498460,trnas-aga,minus,116408168,
NC_030686.2,13498975,13499056,trnas-uga,minus,116408169,
NC_030686.2,13499724,13499805,trnas-aga,minus,108644586,
NC_030686.2,13500320,13500401,trnas-uga,minus,108644587,
NC_030686.2,13501068,13501149,trnas-aga,minus,108644588,
NC_030686.2,13501664,13501745,trnas-uga,minus,108644590,
NC_030686.2,13502404,13502485,trnas-aga,minus,108644591,
NC_030686.2,13503000,13503081,trnas-uga,minus,116408170,
NC_030686.2,13503749,13503830,trnas-aga,minus,108644568,
NC_030686.2,13504345,13504426,trnas-uga,minus,108644569,
NC_030686.2,13505094,13505175,trnas-aga,minus,108644570,
NC_030686.2,13505690,13505771,trnas-uga,minus,108644571,
NC_030686.2,13506439,13506520,trnas-aga,minus,108644572,
NC_030686.2,13507035,13507116,trnas-uga,minus,108644573,
NC_030686.2,13507784,13507865,trnas-aga,minus,108644574,
NC_030686.2,13508380,13508461,trnas-uga,minus,116408171,
NC_030686.2,13509129,13509210,trnas-aga,minus,116408172,
NC_030686.2,13509725,13509806,trnas-uga,minus,116408173,
NC_030686.2,13510474,13510555,trnas-aga,minus,108644579,
NC_030686.2,13511070,13511151,trnas-uga,minus,108644580,
NC_030686.2,13511818,13511899,trnas-aga,minus,108644581,
NC_030686.2,13512414,13512495,trnas-uga,minus,108644582,
NC_030686.2,13513163,13513244,trnas-aga,minus,108644595,
NC_030686.2,13513759,13513840,trnas-uga,minus,116408175,
NC_030686.2,13514508,13514589,trnas-aga,minus,108644597,
NC_030686.2,13515104,13515185,trnas-uga,minus,108644598,
NC_030686.2,13515853,13515934,trnas-aga,minus,116408176,
NC_030686.2,13516449,13516530,trnas-uga,minus,108644592,
NC_030686.2,13517198,13517279,trnas-aga,minus,108644593,
NC_030686.2,13517794,13517875,trnas-uga,minus,108644594,
NC_030686.2,13518543,13518624,trnas-aga,minus,116408177,
NC_030686.2,13519139,13519220,trnas-uga,minus,108644596,
NC_030686.2,13519887,13519968,trnas-aga,minus,116408178,
NC_030686.2,13520483,13520564,trnas-uga,minus,116408179,
NC_030686.2,13521232,13521313,trnas-aga,minus,116408180,
NC_030686.2,13521828,13521909,trnas-uga,minus,116408181,
NC_030686.2,13522576,13522657,trnas-aga,minus,108644599,
NC_030686.2,13541351,13541422,trnaq-uug,minus,108644544,
NC_030686.2,13542526,13542597,trnaq-cug,minus,108644543,
NC_030686.2,13543179,13543252,trnan-guu,minus,108644542,
NC_030686.2,13543732,13543804,trnav-aac,minus,108644541,
NC_030686.2,13544192,13544273,trnas-aga,minus,116408182,
NC_030686.2,13545234,13545305,trnaq-uug,minus,108644539,
NC_030686.2,13546411,13546482,trnaq-cug,minus,108644538,
NC_030686.2,13547066,13547139,trnan-guu,minus,108644537,
NC_030686.2,13547623,13547695,trnav-aac,minus,108644536,
NC_030686.2,13548086,13548167,trnas-aga,minus,108644546,
NC_030686.2,13549128,13549199,trnaq-uug,minus,108644601,
NC_030686.2,13550303,13550374,trnaq-cug,minus,108644602,
NC_030686.2,13550959,13551032,trnan-guu,minus,108644603,
NC_030686.2,13551517,13551589,trnav-aac,minus,108644604,
NC_030686.2,13551982,13552063,trnas-aga,minus,108644605,
NC_030686.2,13553024,13553095,trnaq-uug,minus,108644606,
NC_030686.2,13554203,13554274,trnaq-cug,minus,108644607,
NC_030686.2,13554859,13554932,trnan-guu,minus,108644608,
NC_030686.2,13555417,13555489,trnav-aac,minus,108644609,
NC_030686.2,13555882,13555963,trnas-aga,minus,108644610,
NC_030686.2,13556924,13556995,trnaq-uug,minus,108644550,
NC_030686.2,13558103,13558174,trnaq-cug,minus,108644549,
NC_030686.2,13558759,13558832,trnan-guu,minus,108644548,
NC_030686.2,13559317,13559389,trnav-aac,minus,108644547,
NC_030686.2,13559782,13559863,trnas-aga,minus,108644529,
NC_030686.2,13560824,13560895,trnaq-uug,minus,108644690,
NC_030686.2,13561999,13562070,trnaq-cug,minus,108644689,
NC_030686.2,13562655,13562728,trnan-guu,minus,108644688,
NC_030686.2,13563213,13563285,trnav-aac,minus,108644687,
NC_030686.2,13563678,13563759,trnas-aga,minus,108644686,
NC_030686.2,13564720,13564791,trnaq-uug,minus,108644684,
NC_030686.2,13565902,13565973,trnaq-cug,minus,108644683,
NC_030686.2,13567971,13568042,trnaq-cug,minus,108644682,
NC_030686.2,13571229,13571300,trnaq-cug,minus,108644681,
NC_030686.2,13571827,13571900,trnan-guu,minus,108644680,
NC_030686.2,13574451,13574523,trnav-aac,minus,108644679,
NC_030686.2,13575433,13575504,trnaq-cug,minus,108644678,
NC_030686.2,13578504,13578577,trnan-guu,minus,108644676,
NC_030686.2,13582092,13582177,trnar-ucu,plus,108644651,
NC_030686.2,13582798,13582879,trnas-uga,minus,108644675,
NC_030686.2,13583489,13583574,trnar-ucu,minus,108644673,
NC_030686.2,13584055,13584140,trnar-ucu,minus,108644672,
NC_030686.2,13585338,13585411,trnan-guu,plus,116408183,
NC_030686.2,13587230,13587315,trnar-ucu,minus,108644671,
NC_030686.2,13588175,13588248,trnan-guu,minus,108644670,
NC_030686.2,13590576,13590657,trnas-aga,plus,108644650,
NC_030686.2,13591034,13591119,trnar-ucu,plus,108644649,
NC_030686.2,13591674,13591755,trnas-uga,plus,108644648,
NC_030686.2,13592130,13592215,trnar-ucu,plus,108644647,
NC_030686.2,13593473,13593554,trnas-uga,plus,108644646,
NC_030686.2,13594320,13594401,trnas-aga,plus,108644644,
NC_030686.2,13597561,13597642,trnas-uga,plus,108644643,
NC_030686.2,13617749,13641631,znf281,plus,733827,
NC_030686.2,13654869,13654950,trnas-uga,minus,108644669,
NC_030686.2,13656026,13656107,trnas-aga,plus,116408188,
NC_030686.2,13657163,13679905,tmem98,minus,100145240,transmembrane protein 98
NC_030686.2,13672862,13674649,LOC101733279,plus,101733279,
NC_030686.2,13682200,13682281,trnas-aga,plus,108644642,
NC_030686.2,13688140,13692104,MGC89221,plus,448362,MGC89221 protein
NC_030686.2,13694138,13694211,trnan-guu,plus,108644641,
NC_030686.2,13696274,13696425,LOC116408090,plus,116408090,
NC_030686.2,13700723,13700795,trnav-aac,plus,108644640,
NC_030686.2,13701263,13701334,trnaq-cug,plus,108644638,
NC_030686.2,13702524,13702596,trnav-cac,plus,108644637,
NC_030686.2,13703148,13703229,trnas-aga,plus,108644636,
NC_030686.2,13703623,13703704,trnas-uga,plus,108644635,
NC_030686.2,13704166,13704237,trnaq-uug,plus,108644634,
NC_030686.2,13704583,13704656,trnan-guu,plus,108644632,
NC_030686.2,13705558,13705639,trnas-aga,plus,108644631,
NC_030686.2,13706753,13706826,trnan-guu,plus,108644630,
NC_030686.2,13707025,13707107,trnas-aga,plus,108644629,
NC_030686.2,13707769,13707850,trnas-aga,plus,108644628,
NC_030686.2,13708487,13708560,trnan-guu,plus,108644627,
NC_030686.2,13709774,13709855,trnas-aga,plus,108644626,
NC_030686.2,13710222,13710293,trnaq-uug,plus,108644625,
NC_030686.2,13711889,13711970,trnas-uga,plus,108644624,
NC_030686.2,13712457,13712538,trnas-aga,plus,108644623,
NC_030686.2,13713206,13713287,trnas-uga,plus,108644575,
NC_030686.2,13714636,13714717,trnas-uga,plus,108644621,
NC_030686.2,13716686,13716759,trnan-guu,plus,108644620,
NC_030686.2,13717992,13718073,trnas-aga,plus,108644619,
NC_030686.2,13718478,13718551,trnan-guu,plus,108644618,
NC_030686.2,13719884,13719965,trnas-aga,plus,108644617,
NC_030686.2,13733397,13738040,spaca5,plus,496769,sperm acrosome associated 5
NC_030686.2,13749764,13751897,LOC100493166,minus,100493166,
NC_030686.2,13752714,13752795,trnas-aga,plus,108645450,
NC_030686.2,13753162,13753233,trnaq-uug,plus,108644615,
NC_030686.2,13756031,13760679,LOC100493330,minus,100493330,
NC_030686.2,13788477,13841528,b4galnt2,minus,100493488,
NC_030686.2,13856075,13856146,trnac-gca,minus,108644667,
NC_030686.2,13857479,13857550,trnac-gca,minus,108644666,
NC_030686.2,13858072,13858143,trnac-aca,minus,108644665,
NC_030686.2,13859467,13859538,trnac-aca,minus,108644664,
NC_030686.2,13861461,13861532,trnastop-uca,minus,116408184,
NC_030686.2,13863367,13863438,trnac-gca,minus,108645519,
NC_030686.2,13864086,13864157,trnac-gca,minus,108645518,
NC_030686.2,13864808,13864879,trnac-gca,minus,108645517,
NC_030686.2,13865941,13866012,trnac-gca,minus,108644661,
NC_030686.2,13866376,13866447,trnac-gca,minus,108644660,
NC_030686.2,13868225,13868296,trnac-gca,minus,108644655,
NC_030686.2,13868651,13868722,trnastop-uca,minus,108644654,
NC_030686.2,13869404,13869475,trnac-gca,minus,108644645,
NC_030686.2,13870945,13871016,trnac-gca,minus,108644633,
NC_030686.2,13887893,13891323,gngt2,minus,100124867,"guanine nucleotide binding protein (G protein), gamma transducing activity polypeptide 2"
NC_030686.2,13905027,13925734,abi3,plus,100493650,
NC_030686.2,13928550,13929819,LOC101733113,minus,101733113,
NC_030686.2,13936396,13937631,LOC101731958,minus,101731958,
NC_030686.2,13949086,13954622,phospho1,minus,100492656,
NC_030686.2,13980542,14004146,znf652,minus,100135725,zinc finger protein 652
NC_030686.2,14012289,14020231,phb,minus,394635,prohibitin
NC_030686.2,14207094,14250556,ngfr,plus,100493992,
NC_030686.2,14379676,14401961,nxph3,plus,100125096,neurexophilin 3
NC_030686.2,14419908,14431341,spop,minus,394599,speckle type POZ protein
NC_030686.2,14462041,14480254,slc35b1,minus,395058,solute carrier family 35 member B1
NC_030686.2,14505253,14524322,kat7,plus,548673,lysine acetyltransferase 7
NC_030686.2,14620184,14643864,dlx4,plus,100494171,
NC_030686.2,14661908,14670732,dlx3,minus,594954,distal-less homeobox 3
NC_030686.2,14690410,14726492,itga3,plus,100494331,
NC_030686.2,14726865,14746316,LOC116407919,minus,116407919,
NC_030686.2,14766849,14766920,trnac-gca,plus,116408189,
NC_030686.2,14767520,14767591,trnac-gca,minus,108644622,
NC_030686.2,14783050,14783121,trnac-gca,plus,108644613,
NC_030686.2,14783721,14783792,trnac-gca,minus,116408185,
NC_030686.2,14793468,14793539,trnac-gca,plus,108644612,
NC_030686.2,14797644,14817421,LOC100496184,minus,100496184,
NC_030686.2,14867632,14870653,fzd2,minus,493345,frizzled class receptor 2
NC_030686.2,14914718,14959402,gpatch8,plus,100145589,
NC_030686.2,14962850,14996367,itga2b.2,plus,100495138,
NC_030686.2,15001258,15020875,itga2b.1,plus,100158580,
NC_030686.2,15007588,15007744,LOC116408089,plus,116408089,
NC_030686.2,15022712,15031125,LOC101734916,plus,101734916,
NC_030686.2,15033023,15050918,fam171a2,plus,100158616,family with sequence similarity 171 member A2
NC_030686.2,15058239,15084929,grn,minus,594884,granulin
NC_030686.2,15128688,15141675,slc25a39,plus,496786,solute carrier family 25 member 39
NC_030686.2,15148269,15155205,LOC116408078,minus,116408078,
NC_030686.2,15164111,15173806,LOC100485137,minus,100485137,
NC_030686.2,15176008,15197235,slc13a3,minus,548493,"solute carrier family 13 (sodium-dependent dicarboxylate transporter), member 3"
NC_030686.2,15197287,15200997,LOC108648954,plus,108648954,
NC_030686.2,15198805,15198902,LOC116408087,plus,116408087,
NC_030686.2,15229333,15237384,crtap,plus,549401,cartilage associated protein
NC_030686.2,15238509,15246233,tfb1m,minus,549248,"transcription factor B1, mitochondrial"
NC_030686.2,15246479,15261394,LOC100485462,plus,100485462,
NC_030686.2,15262857,15296888,tlk2,minus,780168,tousled like kinase 2
NC_030686.2,15304173,15324210,mettl2b,minus,496782,methyltransferase like 2B
NC_030686.2,15336444,15342021,LOC116408069,minus,116408069,
NC_030686.2,15348858,15371515,itgb3,minus,100498495,
NC_030686.2,15396757,15398113,rprml,plus,116408068,
NC_030686.2,15422340,15438159,gosr2,minus,100135400,golgi SNAP receptor complex member 2
NC_030686.2,15474303,15480879,wnt9b,minus,100125200,Wnt family member 9B
NC_030686.2,15489928,15506545,wnt3,plus,100125198,Wnt family member 3
NC_030686.2,15512003,15541716,nsf,minus,780249,N-ethylmaleimide sensitive factor
NC_030686.2,15551002,15559957,arf1,plus,431681,ADP ribosylation factor 1
NC_030686.2,15561501,15565282,gh1,minus,100492540,
NC_030686.2,15573708,15586557,cd79b,minus,105945253,
NC_030686.2,15602668,15704714,scn4a,minus,100492371,
NC_030686.2,15713527,15718935,LOC100490013,minus,100490013,
NC_030686.2,15720550,15729918,psmc5,plus,394988,"proteasome 26S subunit, ATPase 5"
NC_030686.2,15729876,15742712,smarcd2,minus,734143,"SWI/SNF related, matrix associated, actin dependent regulator of chromatin, subfamily d, member 2"
NC_030686.2,15856027,15862478,LOC116407952,minus,116407952,
NC_030686.2,15928903,16215838,asic2,minus,100492214,
NC_030686.2,16185064,16198805,LOC101730240,minus,101730240,
NC_030686.2,16308897,16392035,crhr1.2,plus,100498637,
NC_030686.2,16433195,16440259,dcaf7,minus,394701,DDB1 and CUL4 associated factor 7
NC_030686.2,16440501,16442665,LOC116407961,plus,116407961,
NC_030686.2,16445960,16538662,kcnh2,minus,100485121,
NC_030686.2,16557758,16595252,ace,minus,100144634,angiotensin I converting enzyme
NC_030686.2,16643982,16661489,cyb561,plus,448092,cytochrome b561
NC_030686.2,16662852,16897185,tanc2,minus,100485280,
NC_030686.2,16702183,16703565,LOC116407942,plus,116407942,
NC_030686.2,16907205,16924891,marchf10,plus,100497649,
NC_030686.2,16926670,16966760,mrc2,minus,100036697,mannose receptor C type 2
NC_030686.2,16983015,16989956,prr29,plus,100497800,
NC_030686.2,16995419,16997362,LOC116407963,plus,116407963,
NC_030686.2,17023095,17024788,LOC116407964,plus,116407964,
NC_030686.2,17039517,17050088,limd2,plus,496845,LIM domain containing 2
NC_030686.2,17054559,17083404,map3k3,minus,100490021,
NC_030686.2,17083547,17086879,taco1,plus,100135399,
NC_030686.2,17090449,17100298,strada,minus,493513,STE20-related kinase adaptor alpha
NC_030686.2,17105286,17142301,znf451,minus,100485490,
NC_030686.2,17142287,17153221,ccdc47,plus,100216046,coiled-coil domain containing 47
NC_030686.2,17158470,17170658,ddx42,plus,100135374,
NC_030686.2,17171739,17211913,crhr1.1,minus,496451,"corticotropin releasing hormone receptor 1, gene 1"
NC_030686.2,17189716,17197597,myl4,plus,100124786,myosin light chain 4
NC_030686.2,17220513,17267202,mapt,plus,779920,microtubule associated protein tau
NC_030686.2,17268104,17305762,kansl1,minus,100485168,
NC_030686.2,17319410,17339580,cdc27,minus,779925,cell division cycle 27
NC_030686.2,17352825,17364076,nmt1,plus,100380009,
NC_030686.2,17370888,17419273,plcd3,minus,100497993,
NC_030686.2,17423371,17449504,acbd4,plus,780283,acyl-CoA binding domain containing 4
NC_030686.2,17458231,17460261,hexim1,plus,100497839,
NC_030686.2,17484322,17526431,fmnl1,minus,493573,formin like 1
NC_030686.2,17493180,17574139,LOC100489518,plus,100489518,
NC_030686.2,17528887,17556440,mylkl,minus,100489678,
NC_030686.2,17582291,17583421,LOC108644473,plus,108644473,
NC_030686.2,17583807,17586617,LOC116407998,plus,116407998,
NC_030686.2,17593028,17686308,myo1d,plus,100497691,
NC_030686.2,17596673,17618633,map3k14,minus,100489201,
NC_030686.2,17689635,17695992,cdk5r1,minus,100497533,
NC_030686.2,17705948,17721277,psmd11,minus,100492225,
NC_030686.2,17721319,17733686,dcakd,plus,100124804,dephospho-CoA kinase domain containing
NC_030686.2,17784142,17821034,c1ql1,plus,496901,"complement component 1, q subcomponent-like 1"
NC_030686.2,17858108,17863508,ccdc103,minus,496703,coiled-coil domain containing 103
NC_030686.2,17863738,17887964,eftud2,plus,594937,elongation factor Tu GTP binding domain containing 2
NC_030686.2,17887898,17895380,higd1b,minus,100491892,
NC_030686.2,17915728,17929881,gjc1,plus,100491606,
NC_030686.2,17936867,17973276,adam11,minus,100491446,ADAM metallopeptidase domain 11
NC_030686.2,17986160,17995850,dbf4b,minus,100379975,
NC_030686.2,17995951,18002782,ccdc43,plus,548819,coiled-coil domain containing 43
NC_030686.2,18010751,18014833,tmem101,plus,394479,transmembrane protein 101
NC_030686.2,18019106,18027387,nags,minus,100488724,
NC_030686.2,18045305,18088307,pyy,plus,779881,peptide YY
NC_030686.2,18104026,18124211,mpp2,plus,100124723,"membrane protein, palmitoylated 2"
NC_030686.2,18130265,18141654,LOC100488563,plus,100488563,
NC_030686.2,18141808,18147288,LOC101732764,minus,101732764,
NC_030686.2,18236515,18262669,col1a1,plus,496414,"collagen, type I, alpha 1"
NC_030686.2,18271409,18297202,sgca,minus,100488410,
NC_030686.2,18309732,18329362,ppp1r9b,plus,100490992,
NC_030686.2,18337945,18346239,LOC100488256,plus,100488256,
NC_030686.2,18349854,18359730,lsm12,minus,394627,LSM12 homolog
NC_030686.2,18365085,18388353,g6pc3.1,plus,779477,
NC_030686.2,18395570,18438221,hdac5,minus,100487783,
NC_030686.2,18453468,18462024,hrob,plus,100380100,
NC_030686.2,18463322,18469591,asb16,plus,100487614,
NC_030686.2,18480802,18486599,tmub2,plus,613061,
NC_030686.2,18489883,18506981,atxn7l3,minus,100379754,
NC_030686.2,18513025,18525841,ubtf,minus,100135747,
NC_030686.2,18537604,18568829,slc4a1,minus,100486998,
NC_030686.2,18581425,18596706,rundc3a,plus,780373,RUN domain containing 3A
NC_030686.2,18615582,18624196,LOC116408036,plus,116408036,
NC_030686.2,18636011,18639404,LOC100490365,plus,100490365,
NC_030686.2,18645228,18648629,slc35c2,minus,548448,"solute carrier family 35 (GDP-fucose transporter), member C2"
NC_030686.2,18652712,18687339,elmo2,minus,493485,engulfment and cell motility 2
NC_030686.2,18694504,18700107,snrpb,plus,407857,small nuclear ribonucleoprotein polypeptides B and B1
NC_030686.2,18704141,18723957,znfx1,plus,100486840,
NC_030686.2,18728587,18736981,ccndbp1,plus,100101758,
NC_030686.2,18739739,18759794,epb42,minus,100487946,
NC_030686.2,18760978,18788437,tgm5,minus,100486682,
NC_030686.2,18801800,18826713,tgm7,minus,100486230,
NC_030686.2,18845999,18864487,tgm3l.8,minus,594880,
NC_030686.2,18876450,18898818,tgm3l.7,minus,100498415,
NC_030686.2,18931493,18945519,LOC116407999,minus,116407999,
NC_030686.2,18980525,18992710,LOC116408073,minus,116408073,
NC_030686.2,19020743,19038841,tgm3l.1,plus,100486088,
NC_030686.2,19048709,19075670,tgm3l.2,plus,101734995,
NC_030686.2,19081217,19165047,tgm6,minus,100145475,transglutaminase 6
NC_030686.2,19105534,19108825,LOC116408074,minus,116408074,
NC_030686.2,19148218,19174381,tgm3l.4,plus,101730677,
NC_030686.2,19178889,19210522,tgm3l.5,plus,100485935,"transglutaminase 3 like, gene 5"
NC_030686.2,19218551,19231668,LOC100485776,minus,100485776,
NC_030686.2,19241358,19243057,LOC116408035,minus,116408035,
NC_030686.2,19282284,19289745,LOC101733875,plus,101733875,
NC_030686.2,19290035,19291182,LOC116408000,plus,116408000,
NC_030686.2,19311399,19347462,bpifb2,minus,100493627,
NC_030686.2,19347537,19358162,dnttip1,plus,100145563,"deoxynucleotidyltransferase, terminal, interacting protein 1"
NC_030686.2,19376218,19393639,rundc1,minus,100493791,
NC_030686.2,19396354,19397875,LOC116408047,plus,116408047,
NC_030686.2,19409490,19443640,ifi35,plus,100495457,
NC_030686.2,19449532,19487102,LOC101734110,plus,101734110,
NC_030686.2,19491559,19534392,vat1,minus,493196,
NC_030686.2,19544261,19614820,brca1,minus,733513,breast cancer 1
NC_030686.2,19614821,19648270,nbr1,plus,100485564,
NC_030686.2,19655601,19661790,ube2c,plus,100124324,ubiquitin conjugating enzyme E2 C
NC_030686.2,19668930,19673705,rgs9bpl,minus,496730,RGS9-1 anchoring protein R9AP like
NC_030686.2,19691401,19707510,tnnc2,minus,394554,"troponin C2, fast skeletal type"
NC_030686.2,19715211,19741634,snx21,plus,733824,sorting nexin family member 21
NC_030686.2,19739961,19748404,acot8,minus,100495154,
NC_030686.2,19754927,19758964,zswim3,plus,100485421,
NC_030686.2,19762900,19768378,zswim1,plus,448297,zinc finger SWIM-type containing 1
NC_030686.2,19771476,19773381,neurl2,minus,100494896,
NC_030686.2,19780691,19793563,ctsa,plus,734066,cathepsin A
NC_030686.2,19803057,19814364,pltp,minus,549505,phospholipid transfer protein
NC_030686.2,19827620,19851819,pcif1,plus,550095,PDX1 C-terminal inhibiting factor 1
NC_030686.2,19864850,19867884,LOC100485254,plus,100485254,
NC_030686.2,19872910,19903116,znf335,minus,100498615,
NC_030686.2,19946664,19955013,mmp9.1,plus,448591,matrix metallopeptidase 9 gene 1
NC_030686.2,19964004,19971510,mmp9.2,plus,100494738,
NC_030686.2,19995919,20060139,slc12a5,plus,779759,solute carrier family 12 member 5
NC_030686.2,20084990,20108977,ncoa5,minus,394533,nuclear receptor coactivator 5
NC_030686.2,20129016,20159999,cd40,plus,100270675,"CD40 molecule, TNF receptor superfamily member 5"
NC_030686.2,20166928,20310359,cdh22,minus,100498457,
NC_030686.2,20332828,20334279,LOC116408001,minus,116408001,
NC_030686.2,20634426,20635645,LOC116408032,plus,116408032,
NC_030686.2,20662481,20668743,LOC101731064,plus,101731064,
NC_030686.2,20667676,20669477,LOC116407974,plus,116407974,
NC_030686.2,20669503,20732925,dhx8,minus,733563,
NC_030686.2,20723262,20725284,LOC116407975,minus,116407975,
NC_030686.2,20785456,20787518,LOC116407956,minus,116407956,
NC_030686.2,20802737,20847555,LOC100497829,minus,100497829,
NC_030686.2,20932288,20983433,cyth2,plus,448569,cytohesin 2
NC_030686.2,21002702,21089715,tmc8,minus,100497681,
NC_030686.2,21092260,21168368,tmc6,plus,100380197,
NC_030686.2,21296714,21321512,ptges3l,plus,100127780,
NC_030686.2,21321679,21325963,rpl27,minus,548934,ribosomal protein L27
NC_030686.2,21335185,21364510,aarsd1,plus,100216052,alanyl-tRNA synthetase domain containing 1
NC_030686.2,21365369,21367693,LOC116408037,minus,116408037,
NC_030686.2,21380275,21386672,g6pc.3,minus,448183,"glucose-6-phosphatase, catalytic subunit, gene 3"
NC_030686.2,21436368,21445526,g6pc.2,minus,100127753,"glucose-6-phosphatase, catalytic subunit, gene 2"
NC_030686.2,21457994,21463115,g6pc.1,minus,100125173,"glucose-6-phosphatase, catalytic subunit, gene 1"
NC_030686.2,21491083,21492694,LOC116408071,plus,116408071,
NC_030686.2,21505863,21510854,LOC108644522,plus,108644522,
NC_030686.2,21532910,21541140,aoc2,minus,100497523,
NC_030686.2,21545494,21559068,aoc3,minus,594972,"amine oxidase, copper containing 3"
NC_030686.2,21569085,21594677,psme3,minus,100124751,proteasome activator subunit 3
NC_030686.2,21596624,21657214,elac2,minus,733896,elaC ribonuclease Z 2
NC_030686.2,21657712,21696210,becn1,plus,619357,"beclin 1, autophagy related"
NC_030686.2,21703670,21711287,cntd1,minus,100497368,
NC_030686.2,21711521,21719932,ccdc56,plus,100135386,coiled-coil domain containing 56
NC_030686.2,21723484,21726464,LOC105946827,plus,105946827,
NC_030686.2,21731270,21883283,wnk4,minus,100497207,
NC_030686.2,21931671,21941982,vps25,minus,548832,vacuolar protein sorting 25 homolog
NC_030686.2,22070704,22103074,ramp2,minus,100493703,
NC_030686.2,22230652,22268018,ezh1,plus,100493532,
NC_030686.2,22276285,22338811,cntnap1,minus,100037844,contactin associated protein 1
NC_030686.2,22349809,22383778,timp2,minus,548477,TIMP metallopeptidase inhibitor 2
NC_030686.2,22354609,22358369,LOC105945287,minus,105945287,
NC_030686.2,22394890,22402441,cant1,plus,394537,calcium activated nucleotidase 1
NC_030686.2,22405618,22436585,engase,plus,100496567,
NC_030686.2,22468199,23032757,rbfox3,minus,100496414,
NC_030686.2,23076173,23100695,LOC116408075,minus,116408075,
NC_030686.2,23130309,23207073,gaa,plus,100495955,
NC_030686.2,23230380,23254846,csnk1d,minus,394689,casein kinase 1 delta
NC_030686.2,23261196,23263875,trappc5,minus,733964,trafficking protein particle complex 5
NC_030686.2,23277143,23320619,mbtd1,minus,448411,mbt domain containing 1
NC_030686.2,23320705,23349038,utp18,plus,549389,UTP18 small subunit processome component
NC_030686.2,23368834,23525731,ca10,minus,100493207,
NC_030686.2,24425644,24430310,LOC101731247,minus,101731247,
NC_030686.2,24793990,24830800,tom1l1,plus,100170155,target of myb1 like 1 membrane trafficking protein
NC_030686.2,24839618,24928875,stxbp4,plus,733742,syntaxin binding protein 4
NC_030686.2,24969639,25007301,hlf,plus,100489797,
NC_030686.2,25033027,25117751,mmd,minus,100101788,
NC_030686.2,25131920,25154168,cdk5rap1,minus,549946,CDK5 regulatory subunit associated protein 1
NC_030686.2,25171028,25176083,LOC116408058,plus,116408058,
NC_030686.2,25265761,25281427,tmem100,minus,100490268,
NC_030686.2,25601797,25813840,ankfn1,plus,100490095,
NC_030686.2,25810314,25810541,LOC116408088,plus,116408088,
NC_030686.2,25898656,25899324,nog,plus,493191,noggin
NC_030686.2,26096507,26139091,LOC105945278,plus,105945278,
NC_030686.2,26106503,26127392,c17orf67,minus,100127729,chromosome 17 open reading frame 67
NC_030686.2,26140540,26146619,LOC116407950,minus,116407950,
NC_030686.2,26161710,26178018,dgke,plus,100489119,
NC_030686.2,26187133,26192409,tk1,plus,496942,thymidine kinase 1
NC_030686.2,26196696,26204307,syngr2,minus,448480,synaptogyrin 2
NC_030686.2,26213560,26228878,afmid,plus,100127853,arylformamidase
NC_030686.2,26233529,26244396,cbx2,minus,100491304,
NC_030686.2,26245915,26256592,enpp7,minus,100422804,ectonucleotide pyrophosphatase/phosphodiesterase 7
NC_030686.2,26264164,26288060,lrrc45,minus,100379987,leucine rich repeat containing 45
NC_030686.2,26288143,26301492,cenpx,plus,100490964,
NC_030686.2,26304197,26347221,aspscr1,minus,733865,"alveolar soft part sarcoma chromosome region, candidate 1"
NC_030686.2,26348853,26352036,LOC105945255,minus,105945255,
NC_030686.2,26352653,26386440,notum,plus,100145278,"notum, palmitoleoyl-protein carboxylesterase"
NC_030686.2,26608854,26691021,aatk,plus,101730552,
NC_030686.2,26672004,26672081,mir338-1,plus,100886943,microRNA mir-338-1
NC_030686.2,26698437,26814530,baiap2,minus,100158528,BAI1-associated protein 2
NC_030686.2,26856669,26869392,chmp6,minus,100125185,charged multivesicular body protein 6
NC_030686.2,26904573,27070490,rptor,minus,100170605,"regulatory associated protein of MTOR, complex 1"
NC_030686.2,27118787,27125845,nptx1,plus,100158577,neuronal pentraxin 1
NC_030686.2,27184812,27233988,endov,minus,496630,
NC_030686.2,27244090,27261168,lig3,minus,549105,"ligase III, DNA, ATP-dependent"
NC_030686.2,27269058,27293343,slc26a11,minus,100486579,
NC_030686.2,27293359,27305623,sgsh,plus,100145064,N-sulfoglucosamine sulfohydrolase
NC_030686.2,27313556,27362968,card14,minus,100486738,
NC_030686.2,27374236,27375054,LOC105947858,minus,105947858,
NC_030686.2,27381392,27393701,rfng,minus,100486895,
NC_030686.2,27393734,27406578,gps1,plus,493337,G protein pathway suppressor 1
NC_030686.2,27408327,27425240,dus1l,minus,100380012,
NC_030686.2,27429862,27471427,fasn,minus,100487052,
NC_030686.2,27481019,27524647,ccdc57,minus,100487204,
NC_030686.2,27555785,27570506,slc16a3,plus,493294,solute carrier family 16 member 3
NC_030686.2,27583571,27597533,arl16,minus,733846,ADP ribosylation factor like GTPase 16
NC_030686.2,27597612,27614182,hgs,plus,549267,hepatocyte growth factor-regulated tyrosine kinase substrate
NC_030686.2,27620282,27628017,mrpl12,plus,448724,mitochondrial ribosomal protein L12
NC_030686.2,27633240,27645682,slc25a10,plus,549772,solute carrier family 25 member 10
NC_030686.2,27672288,27714805,gcgr,plus,100487356,
NC_030686.2,27776002,27790915,mcrip1,minus,100127775,MAPK regulated corepressor interacting protein 1
NC_030686.2,27799513,27818269,ppp1r27,minus,100487509,
NC_030686.2,27819452,27829289,p4hb,minus,395048,prolyl 4-hydroxylase subunit beta
NC_030686.2,27866891,27876324,arhgdia,minus,448131,Rho GDP dissociation inhibitor (GDI) alpha
NC_030686.2,27890371,27896464,alyref,minus,549781,Aly/REF export factor
NC_030686.2,27904015,27906539,anapc11,plus,496610,anaphase promoting complex subunit 11
NC_030686.2,27911903,27913617,npb,plus,100379764,
NC_030686.2,27932579,27947113,pcyt2,minus,496753,"phosphate cytidylyltransferase 2, ethanolamine"
NC_030686.2,27955793,27963043,sirt7,minus,548532,sirtuin 7
NC_030686.2,27965442,27968482,LOC116407979,minus,116407979,
NC_030686.2,27971547,27984871,mafg,minus,100486278,
NC_030686.2,27988355,28001369,pycr1,minus,548696,"pyrroline-5-carboxylate reductase family, member 1"
NC_030686.2,28008272,28009904,myadml2,minus,100486424,
NC_030686.2,28022853,28036058,LOC101730517,plus,101730517,
NC_030686.2,28037036,28068524,LOC116408041,plus,116408041,
NC_030686.2,28124490,28151961,abo2,minus,100489217,
NC_030686.2,28190090,28224773,cep131,minus,734011,centrosomal protein 131kDa
NC_030686.2,28229660,28253296,tepsin,minus,100489372,
NC_030686.2,28259792,28319350,slc38a10,minus,100488480,
NC_030686.2,28473898,28578089,bahcc1,plus,100489534,
NC_030686.2,28486723,28488954,LOC105947954,minus,105947954,
NC_030686.2,28627146,28631192,actg1,minus,394957,actin gamma 1
NC_030686.2,28645772,28746068,faap100,minus,100488904,
NC_030686.2,28668931,28695511,fscn2,plus,100101745,"fascin actin-bundling protein 2, retinal"
NC_030686.2,28754900,28763288,LOC100489067,minus,100489067,
NC_030686.2,28775322,28807226,nploc4,minus,100216289,"NPL4 homolog, ubiquitin recognition factor"
NC_030686.2,28837632,28871853,LOC105947951,minus,105947951,
NC_030686.2,28873985,28875887,LOC101732615,minus,101732615,
NC_030686.2,28890359,28893447,LOC116408067,plus,116408067,
NC_030686.2,28896064,28898436,LOC116407920,plus,116407920,
NC_030686.2,28912862,28914209,LOC116408009,plus,116408009,
NC_030686.2,28959309,28961423,LOC116407921,plus,116407921,
NC_030686.2,28973417,28974632,LOC116408010,plus,116408010,
NC_030686.2,28979288,28981638,LOC116407922,plus,116407922,
NC_030686.2,29001950,29021684,LOC108648950,plus,108648950,
NC_030686.2,29068949,29070572,LOC108648949,minus,108648949,
NC_030686.2,29083755,29086238,LOC101730251,minus,101730251,
NC_030686.2,29087840,29101290,tubg1,minus,779964,tubulin gamma 1
NC_030686.2,29101259,29115133,retreg3,plus,549426,reticulophagy regulator family member 3
NC_030686.2,29123400,29126674,LOC101732743,plus,101732743,
NC_030686.2,29150220,29188874,LOC105945762,minus,105945762,
NC_030686.2,29189061,29225351,map2k6,plus,448132,mitogen-activated protein kinase kinase 6
NC_030686.2,29436088,29468149,kcnj16,plus,100145730,potassium inwardly rectifying channel subfamily J member 16
NC_030686.2,29504674,29521838,kcnj2,plus,100497641,
NC_030686.2,29900074,29914099,LOC116407988,minus,116407988,
NC_030686.2,30105012,30118914,LOC100496220,minus,100496220,
NC_030686.2,30569409,30597270,sox9,plus,549607,SRY-box 9
NC_030686.2,30729128,30810956,LOC108644523,minus,108644523,
NC_030686.2,30834442,31037001,slc39a11,minus,549475,solute carrier family 39 member 11
NC_030686.2,31071393,31087976,sstr2,plus,100496382,
NC_030686.2,31105528,31131546,LOC101735197,minus,101735197,
NC_030686.2,31139623,31144656,LOC100496691,minus,100496691,
NC_030686.2,31144746,31160148,cog1,plus,100497164,
NC_030686.2,31160109,31170089,fam104a,minus,100497326,
NC_030686.2,31187815,31192574,ptrh1,minus,100497487,
NC_030686.2,31257852,31262374,birc5l,plus,733575,baculoviral IAP repeat containing 5 like
NC_030686.2,31262530,31268574,tha1p,minus,594999,threonine aldolase 1 pseudogene
NC_030686.2,31271241,31278691,psmc3ip,minus,100170440,PSMC3 interacting protein
NC_030686.2,31293195,31295891,socs3,minus,448204,suppressor of cytokine signaling 3
NC_030686.2,31307477,31341189,pgs1,plus,100158650,phosphatidylglycerophosphate synthase 1
NC_030686.2,31362119,31425705,abca10,plus,100485734,
NC_030686.2,31433237,31496572,abca8,minus,549630,ATP binding cassette subfamily A member 8
NC_030686.2,31496558,31503269,LOC116407967,plus,116407967,
NC_030686.2,31509280,31584067,abca5,minus,100216156,ATP binding cassette subfamily A member 5
NC_030686.2,31602911,31614531,btbd17,minus,493324,BTB (POZ) domain containing 17
NC_030686.2,31648655,31655257,gpr142,plus,100486047,
NC_030686.2,31667754,31681284,rac3,plus,100101726,Rac family small GTPase 3
NC_030686.2,31686976,31693445,dcxr,minus,394704,dicarbonyl/L-xylulose reductase
NC_030686.2,31696924,31706925,dusp3,minus,100498529,
NC_030686.2,31706949,31755511,usp36,plus,100485023,
NC_030686.2,31765547,31785765,etv4,plus,100486339,
NC_030686.2,31805207,31806431,LOC108648947,plus,108648947,
NC_030686.2,31833276,31846429,gprc5cl1,plus,496814,G protein-coupled receptor class C group 5 member C like 1
NC_030686.2,31869652,31879687,ccdc137,minus,100485278,
NC_030686.2,31879674,31896653,pde6g,plus,100124827,phosphodiesterase 6G
NC_030686.2,31897870,31910237,tspan10,minus,101731851,
NC_030686.2,31926436,31942137,c17orf80,plus,100380129,
NC_030686.2,31942174,31964389,cpsf4l,minus,549557,cleavage and polyadenylation specific factor 4-like
NC_030686.2,31971296,31988756,cdc42ep4,minus,733479,CDC42 effector protein 4
NC_030686.2,32003426,32020767,LOC116407941,plus,116407941,
NC_030686.2,32014208,32361581,sdk2,minus,100485585,
NC_030686.2,32736501,32740693,rpl38,plus,448672,ribosomal protein L38
NC_030686.2,32744235,32768287,LOC101731483,minus,101731483,
NC_030686.2,32750830,32755181,LOC105945381,plus,105945381,
NC_030686.2,32768282,32792706,LOC116407966,plus,116407966,
NC_030686.2,32780961,32805832,LOC108648942,minus,108648942,
NC_030686.2,32812447,32896191,ccdc40,minus,100486955,
NC_030686.2,32896178,32953440,tbc1d16,plus,448159,TBC1 domain family member 16
NC_030686.2,33009396,33015715,cbx4,plus,100124911,chromobox 4
NC_030686.2,33070483,33084815,cbx8,plus,779897,chromobox 8
NC_030686.2,33095489,33155177,ttyh2,minus,395050,tweety family member 2
NC_030686.2,33105992,33170748,dnai2,plus,100495747,
NC_030686.2,33173396,33225615,kif19,plus,100145702,
NC_030686.2,33227614,33318366,abca9,plus,100496782,
NC_030686.2,33473857,33478265,mc3r,minus,100496947,
NC_030686.2,33504992,33581037,LOC101733308,plus,101733308,
NC_030686.2,33593248,33604681,cbln4,plus,100124953,cerebellin 4 precursor
NC_030686.2,34065056,34185041,dok5,minus,100496159,
NC_030686.2,34361188,34369800,pfdn4,minus,100038150,prefoldin subunit 4
NC_030686.2,34382960,34405432,cyp24a1,plus,100497429,
NC_030686.2,34438182,34493791,bcas1,plus,100497586,
NC_030686.2,34568409,34583607,znf217,plus,734112,zinc finger protein 217
NC_030686.2,34663829,34791049,tshz2,minus,100497744,
NC_030686.2,35053236,35064551,zfp64,plus,100125785,
NC_030686.2,35230283,35241212,sall4,plus,407860,spalt-like transcription factor 4
NC_030686.2,35245793,35288605,atp9a,plus,394841,"ATPase, class II, type 9A"
NC_030686.2,35307535,35400796,nfatc2,plus,100490186,
NC_030686.2,35590460,35609400,kcng1,plus,100125206,"potassium channel, voltage gated modifier subfamily G, member 1"
NC_030686.2,35634170,35646731,dpm1,plus,496884,"dolichyl-phosphate mannosyltransferase polypeptide 1, catalytic subunit"
NC_030686.2,35650986,35677265,adnp,plus,733895,
NC_030686.2,35681457,35710407,bcas4,minus,100490358,
NC_030686.2,35721600,35745999,pard6b,minus,733488,par-6 family cell polarity regulator beta
NC_030686.2,35783300,35870672,ripor3,plus,100145316,
NC_030686.2,35874118,35910979,ptpn1,minus,549875,protein tyrosine phosphatase non-receptor type 1
NC_030686.2,35958191,35959445,LOC116408034,plus,116408034,
NC_030686.2,36033011,36044298,LOC116408048,minus,116408048,
NC_030686.2,36063560,36068331,cebpb,minus,619595,CCAAT enhancer binding protein beta
NC_030686.2,36084040,36125494,opn7b,minus,780307,"opsin 7, beta"
NC_030686.2,36155689,36169051,spata2,minus,100380171,
NC_030686.2,36175439,36183391,rnf114,plus,414839,ring finger protein 114
NC_030686.2,36199149,36202500,snai1,plus,394880,snail family zinc finger 1
NC_030686.2,36449137,36450238,LOC105945200,minus,105945200,
NC_030686.2,36450939,36463728,ube2v1,minus,100551497,ubiquitin conjugating enzyme E2 variant 1
NC_030686.2,36469925,36494247,tmem189,minus,100551495,transmembrane protein 189
NC_030686.2,36511375,36566458,slc9a8,minus,100216016,solute carrier family 9 member 8
NC_030686.2,36610837,36639455,b4galt5,plus,549139,"UDP-Gal:betaGlcNAc beta 1,4- galactosyltransferase, polypeptide 5"
NC_030686.2,36667254,36820128,prex1,plus,100488039,
NC_030686.2,37002527,37126330,sulf2,plus,448151,sulfatase 2
NC_030686.2,37127817,37234856,ncoa3,minus,733554,
NC_030686.2,37234818,37292682,zmynd8,plus,448494,"zinc finger, MYND-type containing 8"
NC_030686.2,37301745,37412949,eya2,minus,100037919,EYA transcriptional coactivator and phosphatase 2
NC_030686.2,37632663,37655791,slc2a10,minus,780388,"solute carrier family 2 (facilitated glucose transporter), member 10"
NC_030686.2,37656093,37657815,tp53rk,plus,100127196,
NC_030686.2,37660461,37668481,LOC100491209,plus,100491209,
NC_030686.2,37683655,37687205,LOC116407943,minus,116407943,
NC_030686.2,37696520,37698440,LOC105945198,minus,105945198,
NC_030686.2,37714962,37725766,LOC116407923,minus,116407923,
NC_030686.2,37726943,37732043,LOC116408033,minus,116408033,
NC_030686.2,37739819,37744721,LOC116407924,minus,116407924,
NC_030686.2,37760313,37780427,plekhm1,plus,100491541,
NC_030686.2,37787878,37846758,arhgap27,plus,779583,
NC_030686.2,37863036,37864530,LOC100491715,minus,100491715,
NC_030686.2,37871322,37874703,LOC100488660,minus,100488660,
NC_030686.2,37890360,37891370,LOC100491885,minus,100491885,
NC_030686.2,37904396,37912301,ccn5,minus,496678,cellular communication network factor 5
NC_030686.2,37910108,37995335,ada,plus,496434,adenosine deaminase
NC_030686.2,37916681,37928755,ada.2,minus,100135194,"adenosine deaminase, gene 2"
NC_030686.2,37997006,38045445,pkig,minus,100380005,
NC_030686.2,38052261,38063311,LOC108648952,minus,108648952,
NC_030686.2,38063434,38100165,arfgef2,plus,100492055,
NC_030686.2,38108093,38135642,cse1l,plus,100158534,CSE1 chromosome segregation 1-like
NC_030686.2,38142623,38167079,stau1,plus,549296,staufen double-stranded RNA binding protein 1
NC_030686.2,38168381,38172527,rdh20,minus,100489103,
NC_030686.2,38181433,38184088,LOC100489249,plus,100489249,
NC_030686.2,38183113,38183202,LOC116408112,plus,116408112,
NC_030686.2,38183413,38183503,LOC116408111,plus,116408111,
NC_030686.2,38183820,38183911,LOC116408113,plus,116408113,
NC_030686.2,38219848,38363971,kcnb1,minus,100489405,
NC_030686.2,38376726,38398378,ptgis,minus,100492372,
NC_030686.2,38422869,38431967,serinc3,plus,549085,serine incorporator 3
NC_030686.2,38433161,38444621,ttpal,minus,548930,tocopherol (alpha) transfer protein-like
NC_030686.2,38445470,38519284,hnf4a,minus,100492541,
NC_030686.2,38486352,38511377,LOC116408046,plus,116408046,
NC_030686.2,38528814,38553802,r3hdml,minus,100492715,
NC_030686.2,38589079,38597752,fitm2,plus,100036626,fat storage-inducing transmembrane protein 2
NC_030686.2,38598139,38617074,gdap1l1,minus,779687,ganglioside induced differentiation associated protein 1-like 1
NC_030686.2,38631524,38643549,oser1,plus,394513,oxidative stress responsive serine-rich 1
NC_030686.2,38652194,38701647,jph2,plus,100493044,
NC_030686.2,38765541,38792377,trhr3,minus,100489565,
NC_030686.2,38878547,38882049,ocstamp,minus,100493211,
NC_030686.2,38892092,38893243,LOC116407925,minus,116407925,
NC_030686.2,38913677,38919124,LOC116408062,minus,116408062,
NC_030686.2,38926189,38933710,LOC100489901,minus,100489901,
NC_030686.2,38939371,38944858,LOC101731906,plus,101731906,
NC_030686.2,38950943,38958296,LOC101732960,plus,101732960,
NC_030686.2,38960376,38967542,LOC116406458,minus,116406458,
NC_030686.2,38968968,38973025,LOC100493378,plus,100493378,
NC_030686.2,38985519,38988515,LOC116407993,plus,116407993,
NC_030686.2,38999032,39003898,LOC116408072,plus,116408072,
NC_030686.2,39026020,39043199,bpi.4,minus,100135742,"bactericidal permeability increasing protein, gene 4"
NC_030686.2,39057277,39093953,LOC100494799,minus,100494799,
NC_030686.2,39144962,39161701,LOC116408030,minus,116408030,
NC_030686.2,39186924,39188081,LOC116407926,plus,116407926,
NC_030686.2,39203737,39232015,bpi,minus,548411,bactericidal permeability increasing protein
NC_030686.2,39245935,39273682,kiaa1755,plus,100495112,
NC_030686.2,39304990,39334806,tgm2,plus,100170618,transglutaminase 2
NC_030686.2,39325624,39365245,rprd1b,minus,448020,regulation of nuclear pre-mRNA domain containing 1B
NC_030686.2,39365271,39374115,tti1,plus,100124746,TELO2 interacting protein 1
NC_030686.2,39375085,39399533,vstm2l,minus,549739,V-set and transmembrane domain containing 2 like
NC_030686.2,39414355,39427534,ctnnbl1,minus,394960,catenin beta like 1
NC_030686.2,39432022,39450186,blcap,plus,496741,"BLCAP, apoptosis inducing factor"
NC_030686.2,39454149,39480134,src,minus,496893,"SRC proto-oncogene, non-receptor tyrosine kinase"
NC_030686.2,39491858,39496945,manbal,minus,100492319,
NC_030686.2,39497965,39502506,ghrh,plus,100492713,
NC_030686.2,39502622,39520039,rpn2,minus,496959,ribophorin II
NC_030686.2,39521599,39529255,LOC101732562,plus,101732562,
NC_030686.2,39567290,39580527,emilin3,plus,100495409,
NC_030686.2,39581180,39602980,lpin3,minus,100495572,
NC_030686.2,39600360,39611691,myl9,plus,100124811,myosin light chain 9
NC_030686.2,39618465,39626952,tgif2,plus,100127190,
NC_030686.2,39635770,39721032,dlgap4,minus,100216183,"discs, large homolog-associated protein 4"
NC_030686.2,39756540,39759960,aar2,minus,100127613,AAR2 splicing factor
NC_030686.2,39763284,39826781,epb41l1,minus,100127644,
NC_030686.2,39832155,39845992,LOC116408016,plus,116408016,
NC_030686.2,39851509,39860831,srsf6,plus,407954,serine/arginine-rich splicing factor 6
NC_030686.2,39864997,39881198,l3mbtl1,plus,100495734,
NC_030686.2,39881453,39903407,sgk2,plus,100036607,
NC_030686.2,39884469,39887799,LOC116407945,plus,116407945,
NC_030686.2,39905781,39920419,ift52,plus,549341,intraflagellar transport 52
NC_030686.2,39922385,39924698,LOC733539,minus,733539,uncharacterized loc733539
NC_030686.2,39925692,39939956,mybl2,plus,100126220,
NC_030686.2,39940606,39945505,LOC116408061,plus,116408061,
NC_030686.2,40008369,40128618,ptprt,minus,100496210,
NC_030686.2,40249014,40264515,slc32a1,minus,448348,solute carrier family 32 member 1
NC_030686.2,40280721,40293331,arhgap40,minus,100493159,
NC_030686.2,40293299,40313843,actr5,plus,100144650,
NC_030686.2,40320043,40353265,ppp1r16b,plus,100170500,protein phosphatase 1 regulatory subunit 16B
NC_030686.2,40355421,40366613,fam83d,plus,100496367,
NC_030686.2,40368702,40388712,dhx35,plus,779970,DEAH-box helicase 35
NC_030686.2,40803138,40806167,mafb,minus,595086,v-maf avian musculoaponeurotic fibrosarcoma oncogene homolog B
NC_030686.2,40917733,40939392,top1.1,minus,100496521,
NC_030686.2,40957496,41001729,plcg1,plus,100496674,
NC_030686.2,41007823,41029621,zhx3,minus,448584,zinc fingers and homeoboxes 3
NC_030686.2,41035977,41041461,rab5if,plus,549216,RAB5 interacting factor
NC_030686.2,41045281,41060435,ggt7,plus,100496833,
NC_030686.2,41067045,41085670,ncoa6,plus,100496995,
NC_030686.2,41092293,41110982,tp53inp2,minus,100497151,
NC_030686.2,41150458,41162271,pigu,plus,548960,phosphatidylinositol glycan anchor biosynthesis class U
NC_030686.2,41165196,41181295,map1lc3a,minus,493344,microtubule associated protein 1 light chain 3 alpha
NC_030686.2,41181660,41181732,trnam-cau,plus,108644562,
NC_030686.2,41184929,41189040,dynlrb1,minus,100101695,dynein light chain roadblock-type 1
NC_030686.2,41192426,41224958,itch,minus,780194,itchy E3 ubiquitin protein ligase
NC_030686.2,41231254,41246332,ahcy,plus,733486,adenosylhomocysteinase
NC_030686.2,41257347,41274770,asip,minus,116408065,
NC_030686.2,41339344,41349392,eif2s2,plus,112694769,eukaryotic translation initiation factor 2 subunit beta
NC_030686.2,41349145,41423290,raly,minus,100497634,
NC_030686.2,41595965,41602386,LOC116408020,minus,116408020,
NC_030686.2,41637831,41646412,chmp4b,minus,448169,charged multivesicular body protein 4B
NC_030686.2,41660965,41675159,znf341,minus,100497785,
NC_030686.2,41675264,41682585,pxmp4,plus,100380078,
NC_030686.2,41691473,41704773,e2f1,plus,100493924,
NC_030686.2,41713219,41773298,necab3,plus,100497938,
NC_030686.2,41780826,41789307,LOC100494099,plus,100494099,
NC_030686.2,41810448,41836871,cbfa2t2,minus,100124871,CBFA2/RUNX1 translocation partner 2
NC_030686.2,41851463,41860336,pigt,minus,549869,phosphatidylinositol glycan anchor biosynthesis class T
NC_030686.2,41869652,41889727,snta1,plus,780141,"syntrophin, alpha 1"
NC_030686.2,41894028,41900182,tigd3,plus,100135169,tigger transposable element derived 3
NC_030686.2,41919134,41990120,tox2,minus,100124824,
NC_030686.2,41942121,42025405,LOC105945282,plus,105945282,
NC_030686.2,42226101,42265018,ralgapb,plus,100494268,
NC_030686.2,42270803,42350080,chd6,plus,100498254,
NC_030686.2,42361620,42377587,rbl1,plus,100216140,retinoblastoma-like 1
NC_030686.2,42386545,42410710,LOC116407927,plus,116407927,
NC_030686.2,42415647,42421209,LOC101735271,plus,101735271,
NC_030686.2,42436654,42453706,LOC101730829,plus,101730829,
NC_030686.2,42457415,42483368,samhd1,plus,100498574,
NC_030686.2,42493962,42501770,LOC100485064,plus,100485064,
NC_030686.2,42514487,42559260,ergic3,plus,407904,ERGIC and golgi 3
NC_030686.2,42519362,42537669,MGC145685,minus,780256,uncharacterized protein mgc145685
NC_030686.2,42563716,42566278,LOC100485218,plus,100485218,
NC_030686.2,42574355,42600782,st3gal2.2,minus,394493,"ST3 beta-galactoside alpha-2,3-sialyltransferase 2, gene 2"
NC_030686.2,42612059,42671041,LOC100489773,minus,100489773,
NC_030686.2,42692528,42745429,LOC101734097,minus,101734097,
NC_030686.2,42751930,42769483,cpne1,minus,613086,copine I
NC_030686.2,42776015,42810120,slc25a19,minus,548707,"solute carrier family 25 (mitochondrial thiamine pyrophosphate carrier), member 19"
NC_030686.2,42799070,42810110,rbm12,minus,100038118,
NC_030686.2,42812785,42824195,nfs1,minus,100485815,
NC_030686.2,42824297,42825926,romo1,plus,100125151,reactive oxygen species modulator 1
NC_030686.2,42831503,42847435,rbm39,minus,549542,RNA binding motif protein 39
NC_030686.2,42879268,42943249,LOC100485974,plus,100485974,
NC_030686.2,42945957,42975098,LOC116407938,minus,116407938,
NC_030686.2,42975193,43010322,phf20,plus,100126218,
NC_030686.2,43014257,43020699,edem2,plus,448548,"ER degradation enhancer, mannosidase alpha-like 2"
NC_030686.2,43022410,43026041,smim19,minus,549008,small integral membrane protein 19
NC_030686.2,43026086,43048464,trpc4ap,plus,100145210,"transient receptor potential cation channel, subfamily C, member 4 associated protein"
NC_030686.2,43064753,43101384,myh7b,minus,100486122,
NC_030686.2,43080541,43080627,mir499,minus,100886960,microRNA mir-499
NC_030686.2,43138995,43150006,gss,plus,493407,glutathione synthetase
NC_030686.2,43158125,43180015,acss2.1,minus,100486264,
NC_030686.2,43189176,43303270,tldc2,plus,100493022,
NC_030686.2,43215058,43276724,soga1,minus,100493417,
NC_030686.2,43312680,43316836,LOC100492859,plus,100492859,
NC_030686.2,43325231,43371360,mtss1.2,minus,100492573,
NC_030686.2,43387043,43449520,mmp24,plus,100492405,
NC_030686.2,43467142,43468467,LOC101730631,minus,101730631,
NC_030686.2,43482251,43483069,LOC101730568,minus,101730568,
NC_030686.2,43489189,43509440,sla2,minus,100495864,
NC_030686.2,43513580,43542502,ndrg3,minus,448498,NDRG family member 3
NC_030686.2,43549220,43552025,LOC116407928,minus,116407928,
NC_030686.2,43568818,43570172,LOC101730462,plus,101730462,
NC_030686.2,43578232,43583942,rsad1,plus,100495700,
NC_030686.2,43586009,43600697,mycbpap,plus,100497598,
NC_030686.2,43601906,43623180,epn3,plus,448199,epsin 3
NC_030686.2,43633500,43684921,spata20,plus,779596,
NC_030686.2,43726298,43828111,cacna1g,plus,100497283,
NC_030686.2,43841473,43874587,acsf2,minus,100497121,
NC_030686.2,43848555,43859888,chad,plus,101732210,
NC_030686.2,43886002,43891095,lrrc59,plus,407863,leucine rich repeat containing 59
NC_030686.2,43891842,43896391,eme1,minus,779752,essential meiotic structure-specific endonuclease 1
NC_030686.2,43896420,43899168,mrpl27,plus,549384,mitochondrial ribosomal protein L27
NC_030686.2,43899125,43904223,LOC100495379,minus,100495379,
NC_030686.2,43905632,43920789,xylt2,minus,448400,xylosyltransferase II
NC_030686.2,43923719,43937623,LOC101730340,plus,101730340,
NC_030686.2,43938902,43957491,rab37,plus,100495221,
NC_030686.2,43960452,43972227,slc9a3r1,plus,448423,SLC9A3 regulator 1
NC_030686.2,43977567,44024624,LOC100496797,plus,100496797,
NC_030686.2,44022443,44029679,nat9,minus,100495076,
NC_030686.2,44029582,44048528,tmem104,plus,548779,transmembrane protein 104
NC_030686.2,44059149,44090463,LOC116407949,plus,116407949,
NC_030686.2,44075725,44095541,grin2c,minus,100496638,
NC_030686.2,44112730,44122905,fdxr,minus,100158651,ferredoxin reductase
NC_030686.2,44126823,44130874,fads6,minus,100494924,
NC_030686.2,44130936,44147235,ush1g,minus,100494764,
NC_030686.2,44161273,44170592,LOC100496487,plus,100496487,
NC_030686.2,44180865,44191541,LOC100496331,plus,100496331,
NC_030686.2,44190982,44204686,otop2,plus,100496174,
NC_030686.2,44219910,44231147,LOC101731580,plus,101731580,
NC_030686.2,44242664,44255249,LOC101731639,plus,101731639,
NC_030686.2,44259377,44269759,otop3,plus,100127796,otopetrin 3
NC_030686.2,44270027,44287968,hid1,minus,395008,HID1 domain containing
NC_030686.2,44290814,44300763,cdr2l,plus,100486752,
NC_030686.2,44304889,44309416,mrpl58,plus,100170604,
NC_030686.2,44315860,44315932,trnar-ccu,minus,108644652,
NC_030686.2,44316339,44316411,trnar-ucg,minus,108644653,
NC_030686.2,44321142,44326978,atp5pd,minus,496430,ATP synthase peripheral stalk subunit d
NC_030686.2,44327336,44335906,kctd2,plus,100485398,
NC_030686.2,44344776,44357968,slc16a5,plus,100485544,
NC_030686.2,44367491,44370570,armc7,plus,100216038,armadillo repeat containing 7
NC_030686.2,44374696,44380361,mif4gd,plus,549194,MIF4G domain containing
NC_030686.2,44380505,44385619,mrps7,minus,100135237,mitochondrial ribosomal protein S7
NC_030686.2,44385677,44395441,gga3,plus,100170621,"golgi-associated, gamma adaptin ear containing, ARF binding protein 3"
NC_030686.2,44396581,44408723,nup85,minus,448067,nucleoporin 85kDa
NC_030686.2,44412401,44420330,sumo2,plus,549160,small ubiquitin-like modifier 2
NC_030686.2,44413142,44414583,LOC116407948,plus,116407948,
NC_030686.2,44424159,44431225,jpt1,plus,100271760,Jupiter microtubule associated homolog 1
NC_030686.2,44449469,44474998,grb2,minus,493492,growth factor receptor bound protein 2
NC_030686.2,44475158,44501323,tmem94,plus,100379863,
NC_030686.2,44506036,44532594,caskin2,minus,100487214,
NC_030686.2,44547278,44559170,tsen54,plus,100124961,tRNA splicing endonuclease subunit 54
NC_030686.2,44561964,44584819,llgl2,plus,548396,"LLGL2, scribble cell polarity complex component"
NC_030686.2,44590242,44595539,avd.2,plus,100487365,
NC_030686.2,44595909,44657332,myo15b,plus,100485698,
NC_030686.2,44660104,44694867,recql5,minus,100216093,RecQ helicase-like 5
NC_030686.2,44672201,44677414,LOC105945252,plus,105945252,
NC_030686.2,44679844,44681313,LOC116408070,plus,116408070,
NC_030686.2,44694793,44721980,sap30bp,plus,100379701,
NC_030686.2,44726928,44771287,itgb4,plus,100485847,
NC_030686.2,44770843,44786597,galk1,minus,779645,galactokinase 1
NC_030686.2,44786594,44805118,LOC100486003,plus,100486003,
NC_030686.2,44804148,44807709,h3-3b,minus,100038101,
NC_030686.2,44812218,44829165,unk,plus,613106,unkempt family zinc finger
NC_030686.2,44833265,44839053,trim47,plus,100127579,tripartite motif containing 47
NC_030686.2,44837732,44858758,unc13d,minus,100145635,unc-13 homolog D
NC_030686.2,44866080,44872408,wbp2,minus,496980,
NC_030686.2,44876726,44882089,trim65,minus,100486291,
NC_030686.2,44884882,44910511,fbf1,minus,100127655,
NC_030686.2,44911163,44927313,acox1,minus,548479,"acyl-CoA oxidase 1, palmitoyl"
NC_030686.2,44927375,44933484,ten1,plus,100379818,
NC_030686.2,44934392,44957393,evpl,minus,100124315,envoplakin
NC_030686.2,44987223,44999353,srp68,minus,100158589,
NC_030686.2,45013018,45016850,galr2,plus,100486593,
NC_030686.2,45033318,45045206,exoc7,minus,549650,exocyst complex component 7
NC_030686.2,45078504,45084365,foxj1,minus,496834,forkhead box J1
NC_030686.2,45097989,45130899,rnf157,minus,779801,ring finger protein 157
NC_030686.2,45130966,45137069,LOC116408019,plus,116408019,
NC_030686.2,45144211,45156569,ubald2,plus,496560,UBA-like domain containing 2
NC_030686.2,45171558,45186056,qrich2,minus,100497746,
NC_030686.2,45188304,45220827,prpsap1,minus,394550,phosphoribosyl pyrophosphate synthetase-associated protein 1
NC_030686.2,45235850,45242794,sphk1,plus,549672,sphingosine kinase 1
NC_030686.2,45248999,45250912,LOC105945233,plus,105945233,
NC_030686.2,45256115,45273140,ube2o,minus,100327234,
NC_030686.2,45277315,45283787,aanat,plus,100497589,
NC_030686.2,45284558,45342015,rhbdf2,minus,100036646,rhomboid 5 homolog 2
NC_030686.2,45327453,45334461,LOC100487148,plus,100487148,
NC_030686.2,45363281,45380177,cygb,plus,448640,cytoglobin
NC_030686.2,45399575,45405055,LOC100497165,plus,100497165,
NC_030686.2,45400333,45400405,LOC116408109,plus,116408109,
NC_030686.2,45401431,45401503,LOC116408110,plus,116408110,
NC_030686.2,45401795,45401866,LOC116408106,plus,116408106,
NC_030686.2,45402391,45402464,LOC116408100,plus,116408100,
NC_030686.2,45403318,45403390,LOC116408108,plus,116408108,
NC_030686.2,45403998,45404071,LOC116408101,plus,116408101,
NC_030686.2,45421483,45443227,st6galnac2,minus,395053,"ST6 (alpha-N-acetyl-neuraminyl-2,3-beta-galactosyl-1,3)-N-acetylgalactosaminide alpha-2,6-sialyltransferase 2"
NC_030686.2,45461041,45480416,st6galnac1,minus,101733431,
NC_030686.2,45500138,45524111,mxra7,minus,594877,
NC_030686.2,45528999,45534155,jmjd6,minus,548957,jumonji domain containing 6
NC_030686.2,45534339,45537687,mettl23,plus,100496624,
NC_030686.2,45539822,45543705,srsf2,minus,394953,serine/arginine-rich splicing factor 2
NC_030686.2,45545218,45570254,mfsd11,plus,448366,major facilitator superfamily domain containing 11
NC_030686.2,45595883,45627145,mgat5b,plus,100487001,
NC_030686.2,45633977,45635355,LOC101735073,plus,101735073,
NC_030686.2,45642360,45668178,sec14l5,plus,493292,SEC14-like lipid binding 5
NC_030686.2,45685213,45685842,ras-dva2,plus,733456,small GTPase Ras-dva-2
NC_030686.2,45695768,45751803,tnrc6c,minus,100496469,
NC_030686.2,45771445,45802138,LOC116408013,minus,116408013,
NC_030686.2,45806265,45910059,septin9,minus,733881,
NC_030686.2,45932096,45938222,LOC105945257,minus,105945257,
NC_030686.2,45950531,45954818,LOC105945256,minus,105945256,
NC_030686.2,45966024,45976535,LOC116408043,minus,116408043,
NC_030686.2,45992531,46009526,dhrs7c,minus,100135266,dehydrogenase/reductase (SDR family) member 7C
NC_030686.2,46021696,46032740,bsk146,plus,100495913,
NC_030686.2,46063451,46111943,abcc3,plus,100135090,ATP binding cassette subfamily C member 3
NC_030686.2,46114324,46119147,wfikkn2,minus,100486381,
NC_030686.2,46127680,46140893,narf,minus,100380188,
NC_030686.2,46141100,46149596,cybc1,plus,780298,cytochrome b-245 chaperone 1
NC_030686.2,46150808,46162503,hexd,minus,548664,hexosaminidase D
NC_030686.2,46162432,46285439,ogfod3,plus,496518,2-oxoglutarate and iron-dependent oxygenase domain containing 3
NC_030686.2,46242490,46257541,uts2rl,minus,100486089,
NC_030686.2,46359587,46366729,uts2r,minus,100485936,
NC_030686.2,46372626,46399464,LOC116407968,plus,116407968,
NC_030686.2,46469459,46479403,LOC101732056,plus,101732056,
NC_030686.2,46497215,46508998,LOC101731925,plus,101731925,
NC_030686.2,46528993,46551035,LOC100495751,plus,100495751,
NC_030686.2,46552140,46593302,znf850,plus,100491483,
NC_030686.2,46557060,46566346,LOC105945210,minus,105945210,
NC_030686.2,46606432,46618804,luc7l3,minus,549058,LUC7-like 3 pre-mRNA splicing factor
NC_030686.2,46623962,46635342,ankrd40,plus,448453,ankyrin repeat domain 40
NC_030686.2,46649669,46657734,tob1,plus,549365,"transducer of ERBB2, 1"
NC_030686.2,46669446,46713778,spag9,plus,100485632,
NC_030686.2,46720667,46728234,znf684,minus,100158608,zinc finger protein 684
NC_030686.2,46740738,46745701,LOC116407929,plus,116407929,
NC_030686.2,46745321,46749326,LOC105945209,plus,105945209,
NC_030686.2,46759343,46762094,LOC100485327,minus,100485327,
NC_030686.2,46762192,46783967,LOC116407955,minus,116407955,
NC_030686.2,46792049,46792677,LOC101731062,minus,101731062,
NC_030686.2,46800971,46808476,LOC105945212,plus,105945212,
NC_030686.2,46822296,46829713,LOC116407976,plus,116407976,
NC_030686.2,46832291,46840819,LOC100485015,minus,100485015,
NC_030686.2,46842678,46849875,LOC116408024,minus,116408024,
NC_030686.2,46855837,46867809,LOC100498520,minus,100498520,
NC_030686.2,46868029,46884358,LOC100498365,plus,100498365,
NC_030686.2,46899342,46903511,adprm.2,plus,100498212,
NC_030686.2,46904314,46910806,tmem220,minus,100135071,transmembrane protein 220
NC_030686.2,46911106,46917681,adprm,plus,493375,"ADP-ribose/CDP-alcohol diphosphatase, manganese-dependent"
NC_030686.2,46925739,46931206,LOC100495016,plus,100495016,
NC_030686.2,46933777,46981587,map2k4,plus,100135013,mitogen-activated protein kinase kinase 4
NC_030686.2,46994576,47019364,LOC105945265,plus,105945265,
NC_030686.2,47000105,47131923,myocd,minus,100498057,
NC_030686.2,47333711,47335283,LOC105945188,plus,105945188,
NC_030686.2,47337433,47339127,LOC116408064,plus,116408064,
NC_030686.2,47339249,47340672,LOC116408063,plus,116408063,
NC_030686.2,47348896,47481121,dnah9,plus,100494609,
NC_030686.2,47505834,47789251,shisa6,minus,779586,
NC_030686.2,47525666,47527712,LOC108644814,minus,108644814,
NC_030686.2,47831534,47832930,LOC101734523,plus,101734523,
NC_030686.2,47868661,47877829,pirt,plus,101730299,
NC_030686.2,47882419,47886705,LOC105945276,plus,105945276,
NC_030686.2,47893844,47894787,LOC101730948,minus,101730948,
NC_030686.2,47930734,47930806,trnaf-gaa,minus,116408186,
NC_030686.2,47934994,47981918,foxk2,plus,100216193,forkhead box K2
NC_030686.2,47987316,47995544,wdr45b,minus,493546,WD repeat domain 45B
NC_030686.2,48001920,48035396,rab40b,minus,779634,"RAB40B, member RAS oncogene family"
NC_030686.2,48048587,48055323,kcnk1,minus,496985,"potassium channel, two pore domain subfamily K, member 1"
NC_030686.2,48065584,48071036,LOC116407959,minus,116407959,
NC_030686.2,48105706,48115613,fn3krp,plus,779663,fructosamine 3 kinase related protein
NC_030686.2,48119729,48126173,fn3k,plus,548561,fructosamine 3 kinase
NC_030686.2,48129443,48244589,tbcd,plus,779832,tubulin folding cofactor D
NC_030686.2,48171009,48180235,znf750,minus,448470,zinc finger protein 750
NC_030686.2,48244261,48280006,b3gntl1,minus,100144992,
NC_030686.2,48307341,48310151,LOC116407946,plus,116407946,
NC_030686.2,48391849,48403846,metrnl,plus,549861,"meteorin, glial cell differentiation regulator-like"
NC_030686.2,48481254,48494527,trim16,plus,100490556,
NC_030686.2,48576295,48581062,LOC108644838,plus,108644838,
NC_030686.2,48727974,48781513,hs3st3a1,minus,100380167,
NC_030686.2,48879549,48930295,cox10,plus,100145039,cytochrome c oxidase assembly factor heme A:farnesyltransferase COX10
NC_030686.2,48947580,48967661,LOC116408044,plus,116408044,
NC_030686.2,49097552,49114161,pmp22,minus,594946,peripheral myelin protein 22
NC_030686.2,49123901,49141971,tekt3,minus,549229,tektin 3
NC_030686.2,49142142,49150066,LOC116408045,plus,116408045,
NC_030686.2,49210675,49216512,tvp23b,minus,448668,trans-golgi network vesicle protein 23 homolog B (S. cerevisiae)
NC_030686.2,49220367,49233479,cdrt1,minus,100497591,
NC_030686.2,49239736,49250951,LOC100145541,minus,100145541,
NC_030686.2,49254402,49259316,LOC100497434,minus,100497434,
NC_030686.2,49268028,49338948,arhgap44,plus,100497272,
NC_030686.2,49343273,49351027,LOC100497111,minus,100497111,
NC_030686.2,49355154,49386536,usp43,minus,101734180,
NC_030686.2,49389053,49394244,cfap52,minus,100127736,cilia and flagella associated protein 52
NC_030686.2,49396635,49410084,tbc1d24.2,minus,100493941,
NC_030686.2,49417489,49483092,stx8,plus,496624,syntaxin 8
NC_030686.2,49492583,49608797,LOC100493770,minus,100493770,
NC_030686.2,49579709,49615065,pik3r5,plus,733968,phosphoinositide-3-kinase regulatory subunit 5
NC_030686.2,49616930,49658866,pik3r6,plus,780316,phosphoinositide-3-kinase regulatory subunit 6
NC_030686.2,49639786,49661385,LOC108645193,minus,108645193,
NC_030686.2,49661522,49667198,mfsd6l,plus,100379844,
NC_030686.2,49671033,49679612,bmerb1l,plus,779521,
NC_030686.2,49694944,49749832,myh10,plus,100158525,
NC_030686.2,49761435,49827020,ndel1,minus,548955,nudE neurodevelopment protein 1 like 1
NC_030686.2,49797064,49798600,LOC105945624,plus,105945624,
NC_030686.2,49803929,49811418,rnf222,plus,595023,ring finger protein 222
NC_030686.2,49815476,49815582,LOC116408094,minus,116408094,
NC_030686.2,49818192,49818298,LOC116408095,minus,116408095,
NC_030686.2,49820753,49820859,LOC116408097,minus,116408097,
NC_030686.2,49821862,49821933,trnam-cau,plus,116408162,
NC_030686.2,49824132,49824203,trnaq-cug,plus,108645162,
NC_030686.2,49825225,49825296,trnaq-uug,plus,108645163,
NC_030686.2,49830401,49832328,LOC100496627,plus,100496627,
NC_030686.2,49834418,49836473,LOC108645161,plus,108645161,
NC_030686.2,49842268,49844348,LOC100496318,plus,100496318,
NC_030686.2,49894871,49897043,LOC101730921,minus,101730921,
NC_030686.2,49908833,49929196,gsg1l2,minus,100495852,
NC_030686.2,49955726,50013126,glp2r,plus,101731683,
NC_030686.2,50025163,50034380,rcvrn.1,plus,100302393,
NC_030686.2,50044702,50110948,LOC100495690,plus,100495690,
NC_030686.2,50105449,50106420,LOC108645153,minus,108645153,
NC_030686.2,50118895,50120742,LOC116407931,plus,116407931,
NC_030686.2,50128777,50210208,gas7,minus,100145655,growth arrest specific 7
NC_030686.2,50229763,50245800,LOC100493121,minus,100493121,
NC_030686.2,50254953,50270845,myh7,minus,100216111,"myosin, heavy chain 7, cardiac muscle, beta"
NC_030686.2,50282652,50299506,LOC100495212,minus,100495212,
NC_030686.2,50296160,50325813,LOC116407980,plus,116407980,
NC_030686.2,50305907,50322188,myh13,minus,100492956,
NC_030686.2,50331258,50356157,myh3,minus,448762,"myosin, heavy chain 3, skeletal muscle, embryonic"
NC_030686.2,50385403,50409024,LOC100495065,minus,100495065,
NC_030686.2,50417587,50445488,efcab8,plus,100494912,
NC_030686.2,50462717,50479142,fam20a.2,plus,101733011,
NC_030686.2,50483227,50489882,sco1,minus,100494754,
NC_030686.2,50497981,50518629,fam20a,plus,100145530,family with sequence similarity 20 member A
NC_030686.2,50522229,50534460,prkar1a,minus,594933,protein kinase cAMP-dependent type I regulatory subunit alpha
NC_030686.2,50540826,50551733,LOC100488540,plus,100488540,
NC_030686.2,50559283,50578024,wipi1,plus,496656,"WD repeat domain, phosphoinositide interacting 1"
NC_030686.2,50580295,50630295,arsg,minus,101731364,
NC_030686.2,50610999,50624792,slc16a6,plus,100494933,
NC_030686.2,50633806,50640324,amz2,minus,100494774,
NC_030686.2,50652103,50667546,gna13,minus,100145489,"guanine nucleotide binding protein (G protein), alpha 13"
NC_030686.2,50667696,50734740,LOC101731116,plus,101731116,
NC_030686.2,50736688,50747570,LOC116408077,minus,116408077,
NC_030686.2,50751969,50774479,LOC116406464,minus,116406464,
NC_030686.2,50774445,50867760,cep112,minus,100135020,
NC_030686.2,50870611,50879752,apoh,minus,496631,
NC_030686.2,50883607,51003851,prkca,plus,780209,"protein kinase C, alpha"
NC_030686.2,51019837,51031185,cacng5,plus,116408028,
NC_030686.2,51060459,51085908,cacng4,plus,100486554,
NC_030686.2,51098367,51111687,cacng1,plus,496444,"calcium channel, voltage-dependent, gamma subunit 1"
NC_030686.2,51111109,51112645,LOC116408015,minus,116408015,
NC_030686.2,51118339,51170455,helz,minus,100145753,helicase with zinc finger
NC_030686.2,51175138,51182725,psmd12,minus,548755,"proteasome 26S subunit, non-ATPase 12"
NC_030686.2,51192475,51250385,pitpnc1,plus,734057,"phosphatidylinositol transfer protein, cytoplasmic 1"
NC_030686.2,51250701,51251405,LOC108645564,minus,108645564,
NC_030686.2,51269556,51298372,nol11,plus,101734283,
NC_030686.2,51303329,51303410,trnas-aga,minus,108645624,
NC_030686.2,51304885,51352659,bptf,plus,100494204,
NC_030686.2,51353654,51370710,c10h17orf58,minus,116407939,
NC_030686.2,51372808,51372880,trnar-ccg,minus,116408187,
NC_030686.2,51382422,51387980,kpna2,plus,493517,karyopherin alpha-2 subunit like
NC_030686.2,51427021,51471543,smurf2,plus,100038194,
NC_030686.2,51493673,51524982,cep95,minus,779908,centrosomal protein 95kDa
NC_030686.2,51534563,51542822,ddx5,plus,394837,DEAD-box helicase 5
NC_030686.2,51551729,51565666,polg2,plus,100493143,
NC_030686.2,51584575,51585848,LOC116408040,minus,116408040,
NC_030686.2,51586892,51630761,pecam1,minus,100493686,
NC_030686.2,51640622,51677747,tex2.2,plus,100492976,"testis expressed 2, gene 2"
NC_030686.2,51684450,51684582,LOC116408102,minus,116408102,
NC_030686.2,51684682,51686198,LOC116407937,minus,116407937,
NC_030686.2,51686318,51726396,ern1,plus,116407936,
NC_030686.2,51727454,51738815,LOC594891,plus,594891,
NC_030686.2,51748378,51753866,LOC105945901,minus,105945901,
NC_030686.2,51757720,51765266,znf207,minus,395007,zinc finger protein 207
NC_030686.2,51767626,51787043,c17orf75,plus,100492035,
NC_030686.2,51784043,51787043,LOC116407947,plus,116407947,
NC_030686.2,51790093,51802077,rhbdl3,minus,101732375,
NC_030686.2,51821689,51824107,LOC116407981,minus,116407981,
NC_030686.2,51824820,51840043,LOC101732294,minus,101732294,
NC_030686.2,51856615,51885181,rhot1,minus,100492251,
NC_030686.2,51889662,51904356,LOC100492521,minus,100492521,
NC_030686.2,51916429,51927619,adap2,minus,101732707,
NC_030686.2,51940449,51945293,tefm,plus,100485913,
NC_030686.2,51946198,51968302,atad5,minus,100485754,
NC_030686.2,51980100,51991750,crlf3,plus,100485606,
NC_030686.2,51993749,52016311,suz12,minus,779745,"SUZ12, polycomb repressive complex 2 subunit"
NC_030686.2,52024756,52067791,utp6,minus,549609,UTP6 small subunit processome component
NC_030686.2,52092945,52093283,LOC116407932,minus,116407932,
NC_030686.2,52117485,52169091,rab11fip4,minus,100124715,RAB11 family interacting protein 4 (class II)
NC_030686.2,52214566,52236082,scpep1,minus,100145096,serine carboxypeptidase 1
NC_030686.2,52236085,52259524,coil,plus,496934,coilin
NC_030686.2,52269235,52291754,trim25,plus,100127751,tripartite motif containing 25
NC_030686.2,52312152,52316795,rps11,minus,448693,ribosomal protein S11
NC_030686.2,52347280,52352717,rpl13a,minus,549240,ribosomal protein L13a
NC_030686.2,52350176,52350250,LOC116408098,minus,116408098,
NC_030686.2,52350420,52350491,LOC116408099,minus,116408099,
NC_030686.2,52356277,52364370,LOC105945805,plus,105945805,
NC_030686.2,52385384,52385550,LOC116408093,plus,116408093,
NC_030686.2,52391092,52391258,LOC116408091,plus,116408091,
NC_030686.2,52398798,52398964,LOC116408092,plus,116408092,
NC_030686.2,52400632,52401625,LOC116407933,plus,116407933,
NC_030686.2,52409659,52411091,LOC116407978,plus,116407978,
NC_030686.2,52411429,52412270,LOC116407934,plus,116407934,
NC_030686.2,52412715,52412834,LOC116408086,minus,116408086,
NC_030686.2,52412980,52413098,LOC116408159,minus,116408159,
NC_030686.2,52413237,52413355,LOC116408152,minus,116408152,
NC_030686.2,52413501,52413619,LOC116408143,minus,116408143,
NC_030686.2,52413765,52413883,LOC116408150,minus,116408150,
NC_030686.2,52414011,52414129,LOC116408160,minus,116408160,
NC_030686.2,52414311,52414429,LOC116408080,minus,116408080,
NC_030686.2,52414575,52414693,LOC116408121,minus,116408121,
NC_030686.2,52414839,52414957,LOC116408144,minus,116408144,
NC_030686.2,52415103,52415221,LOC116408148,minus,116408148,
NC_030686.2,52415367,52415485,LOC116408149,minus,116408149,
NC_030686.2,52415631,52415739,LOC116408083,minus,116408083,
NC_030686.2,52415878,52415996,LOC116408153,minus,116408153,
NC_030686.2,52416142,52416260,LOC116408146,minus,116408146,
NC_030686.2,52416406,52416524,LOC116408141,minus,116408141,
NC_030686.2,52416670,52416788,LOC116408157,minus,116408157,
NC_030686.2,52416934,52417042,LOC116408081,minus,116408081,
NC_030686.2,52417188,52417306,LOC116408154,minus,116408154,
NC_030686.2,52417452,52417560,LOC116408082,minus,116408082,
NC_030686.2,52417706,52417824,LOC116408147,minus,116408147,
NC_030686.2,52417963,52418081,LOC116408155,minus,116408155,
NC_030686.2,52418227,52418345,LOC116408151,minus,116408151,
NC_030686.2,52418473,52418591,LOC116408161,minus,116408161,
NC_030686.2,52418773,52418891,LOC116408084,minus,116408084,
NC_030686.2,52419037,52419155,LOC116408079,minus,116408079,
NC_030686.2,52419301,52419419,LOC116408133,minus,116408133,
NC_030686.2,52424186,52424304,LOC116408140,minus,116408140,
NC_030686.2,52424998,52425116,LOC116408145,minus,116408145,
NC_030686.2,52425262,52425380,LOC116408156,minus,116408156,
NC_030686.2,52425526,52425643,LOC116408158,minus,116408158,
NC_030686.2,52425789,52425907,LOC116408085,minus,116408085,
NC_030686.2,52426053,52426171,LOC116408096,minus,116408096,
NC_030686.2,52426317,52426435,LOC116408107,minus,116408107,
NC_030686.2,52426581,52426699,LOC116408114,minus,116408114,
NC_030686.2,52426845,52426963,LOC116408115,minus,116408115,
NC_030686.2,52427109,52427227,LOC116408116,minus,116408116,
NC_030686.2,52427373,52427491,LOC116408117,minus,116408117,
NC_030686.2,52427637,52427755,LOC116408118,minus,116408118,
NC_030686.2,52427901,52428019,LOC116408119,minus,116408119,
NC_030686.2,52428165,52428283,LOC116408120,minus,116408120,
NC_030686.2,52428429,52428547,LOC116408122,minus,116408122,
NC_030686.2,52428693,52428811,LOC116408123,minus,116408123,
NC_030686.2,52428957,52429075,LOC116408124,minus,116408124,
NC_030686.2,52429221,52429339,LOC116408125,minus,116408125,
NC_030686.2,52429485,52429603,LOC116408126,minus,116408126,
NC_030686.2,52429749,52429867,LOC116408127,minus,116408127,
NC_030686.2,52430013,52430131,LOC116408128,minus,116408128,
NC_030686.2,52430277,52430395,LOC116408129,minus,116408129,
NC_030686.2,52430541,52430659,LOC116408130,minus,116408130,
NC_030686.2,52430805,52430923,LOC116408132,minus,116408132,
NC_030686.2,52431069,52431187,LOC116408134,minus,116408134,
NC_030686.2,52431333,52431451,LOC116408135,minus,116408135,
NC_030686.2,52431597,52431715,LOC116408136,minus,116408136,
NC_030686.2,52431861,52431979,LOC116408137,minus,116408137,
NC_030686.2,52432125,52432243,LOC116408138,minus,116408138,
NC_030686.2,52432389,52432507,LOC116408139,minus,116408139,
