"Genes, NCBI Canis lupus familiaris Annotation Release 106, 2021-01-10"
Accession,Start,Stop,Gene symbol,Strand,NCBI Gene ID,Name
NC_051814.1,36862,38648,LOC100685665,minus,100685665,
NC_051814.1,44213,44923,OR6U3P,plus,119407392,"olfactory receptor family 6 subfamily U member 3, pseudogene"
NC_051814.1,53114,69295,LOC100682740,plus,100682740,
NC_051814.1,57745,58675,OR10P24P,plus,100685830,"olfactory receptor family 10 subfamily P member 24, pseudogene"
NC_051814.1,96545,99089,METTL7B,plus,474390,
NC_051814.1,99047,118100,ITGA7,minus,481097,
NC_051814.1,124247,127509,BLOC1S1,plus,106557465,
NC_051814.1,127659,132829,RDH5,plus,481098,
NC_051814.1,133644,136544,CD63,minus,474391,
NC_051814.1,147013,159810,GDF11,plus,606826,
NC_051814.1,160817,210447,SARNP,minus,474392,
NC_051814.1,177953,181138,LOC102156051,plus,102156051,
NC_051814.1,204482,213096,ORMDL2,plus,489926,
NC_051814.1,205806,210284,LOC119873566,minus,119873566,
NC_051814.1,213326,220307,DNAJC14,minus,100688632,
NC_051814.1,221023,225877,LOC606845,plus,606845,
NC_051814.1,225879,231709,MMP19,minus,606853,
NC_051814.1,247074,249349,LOC100686273,minus,100686273,
NC_051814.1,258425,273883,PYM1,minus,481101,
NC_051814.1,276898,299341,DGKA,plus,100855691,
NC_051814.1,299404,334246,PMEL,minus,481102,premelanosome protein
NC_051814.1,307657,313366,CDK2,plus,100855704,
NC_051814.1,314513,332609,RAB5B,plus,474394,
NC_051814.1,334299,338424,SUOX,plus,481103,
NC_051814.1,343683,364027,IKZF4,plus,481104,
NC_051814.1,350082,352373,LOC111097574,minus,111097574,
NC_051814.1,353055,359067,LOC119873567,minus,119873567,
NC_051814.1,369349,371056,RPS26,plus,474395,
NC_051814.1,371140,384117,LOC111097832,plus,111097832,
NC_051814.1,416919,431621,ERBB3,plus,481105,
NC_051814.1,432937,444249,PA2G4,plus,474396,
NC_051814.1,434810,446320,LOC119873568,minus,119873568,
NC_051814.1,446056,452483,ZC3H10,plus,481106,
NC_051814.1,455687,470823,ESYT1,plus,474397,
NC_051814.1,481070,486960,MYL6B,plus,606992,
NC_051814.1,485590,488789,MYL6,plus,607030,
NC_051814.1,490173,512172,SMARCC2,minus,481107,
NC_051814.1,512804,512885,TRNAS-CGA,plus,111097870,
NC_051814.1,520593,553626,RNF41,minus,607044,
NC_051814.1,555475,559986,NABP2,plus,474400,
NC_051814.1,561381,565902,SLC39A5,plus,481108,
NC_051814.1,565862,583657,ANKRD52,minus,481109,
NC_051814.1,588541,591749,COQ10A,plus,474402,
NC_051814.1,592484,620012,CS,minus,474403,
NC_051814.1,609906,609978,TRNAR-CCU,plus,119873840,
NC_051814.1,620198,634148,LOC111089980,plus,111089980,
NC_051814.1,626270,629260,CNPY2,minus,111089958,
NC_051814.1,629926,645778,PAN2,minus,474404,
NC_051814.1,646091,649452,IL23A,plus,481110,
NC_051814.1,650365,669707,STAT2,minus,481111,
NC_051814.1,658707,663810,LOC111097815,plus,111097815,
NC_051814.1,670590,674895,APOF,minus,474405,
NC_051814.1,680644,710114,TIMELESS,minus,481112,
NC_051814.1,710356,715983,MIP,minus,607104,major intrinsic protein of lens fiber
NC_051814.1,718057,718566,LOC119873569,plus,119873569,
NC_051814.1,729070,731121,SPRYD4,plus,481113,
NC_051814.1,731085,746763,GLS2,minus,100686499,
NC_051814.1,747196,839295,RBMS2,plus,481115,
NC_051814.1,765865,766707,LOC100683087,minus,100683087,
NC_051814.1,775554,777464,LOC111097577,minus,111097577,
NC_051814.1,781604,783001,LOC106559351,plus,106559351,
NC_051814.1,846002,862650,BAZ2A,minus,481116,
NC_051814.1,879724,886261,ATP5F1B,minus,403669,
NC_051814.1,883740,883810,LOC119873834,minus,119873834,
NC_051814.1,885315,885390,LOC119873835,minus,119873835,
NC_051814.1,895074,912966,PTGES3,minus,612760,
NC_051814.1,947647,960206,NACA,minus,474408,nascent polypeptide associated complex subunit alpha
NC_051814.1,959903,1028028,HSD17B6,plus,481118,
NC_051814.1,963062,987154,PRIM1,minus,607309,
NC_051814.1,997236,997340,LOC119873813,plus,119873813,
NC_051814.1,1042481,1043287,LOC119873745,plus,119873745,
NC_051814.1,1078524,1084138,LOC100687241,plus,100687241,
NC_051814.1,1110255,1118336,LOC102155417,minus,102155417,
NC_051814.1,1123804,1131692,SDR9C7,minus,481119,
NC_051814.1,1135298,1144806,RDH16,minus,474409,
NC_051814.1,1152670,1155074,GPR182,plus,481120,
NC_051814.1,1159867,1165152,ZBTB39,minus,481121,
NC_051814.1,1170284,1178714,LOC116183080,minus,116183080,"tachykinin 3 (neuromedin K, neurokinin beta)"
NC_051814.1,1181957,1204886,TAC3,minus,607315,tachykinin precursor 3
NC_051814.1,1208274,1228771,NEMP1,minus,607350,
NC_051814.1,1237205,1243063,NAB2,plus,481122,
NC_051814.1,1243003,1257485,STAT6,minus,100142679,signal transducer and activator of transcription 6
NC_051814.1,1270934,1352176,LRP1,plus,481124,
NC_051814.1,1286127,1289227,LOC119873570,minus,119873570,
NC_051814.1,1360891,1364366,NXPH4,plus,119876715,
NC_051814.1,1365059,1368676,LOC102156850,minus,102156850,
NC_051814.1,1367808,1372957,SHMT2,plus,607458,
NC_051814.1,1372925,1376053,NDUFA4L2,minus,607407,
NC_051814.1,1380726,1388155,STAC3,minus,481125,
NC_051814.1,1388352,1552863,R3HDM2,minus,474412,
NC_051814.1,1395589,1397807,LOC119873571,plus,119873571,
NC_051814.1,1555915,1567798,INHBC,plus,607422,
NC_051814.1,1568055,1572048,INHBE,plus,100856447,
NC_051814.1,1574108,1585023,GLI1,plus,481126,
NC_051814.1,1585166,1598560,ARHGAP9,minus,474413,
NC_051814.1,1597550,1615816,MARS1,plus,474414,
NC_051814.1,1615759,1621400,DDIT3,minus,607439,
NC_051814.1,1620536,1629548,MBD6,plus,481127,
NC_051814.1,1629967,1643711,DCTN2,minus,474415,
NC_051814.1,1646391,1676129,KIF5A,plus,474416,
NC_051814.1,1669049,1673889,LOC119873572,minus,119873572,
NC_051814.1,1678750,1690303,PIP4K2C,plus,474417,
NC_051814.1,1689997,1696038,LOC119873573,minus,119873573,
NC_051814.1,1691642,1696581,DTX3,plus,100687947,
NC_051814.1,1696865,1703875,ARHGEF25,plus,607485,
NC_051814.1,1698864,1704646,LOC102152030,minus,102152030,
NC_051814.1,1706075,1712938,SLC26A10,plus,481128,
NC_051814.1,1713025,1766212,B4GALNT1,minus,481129,
NC_051814.1,1766439,1797192,OS9,plus,474419,
NC_051814.1,1793323,1796319,LOC119873574,minus,119873574,
NC_051814.1,1801544,1817032,AGAP2,minus,481130,
NC_051814.1,1812868,1818833,LOC119873575,plus,119873575,
NC_051814.1,1819306,1821975,TSPAN31,plus,403676,
NC_051814.1,1822137,1825091,CDK4,minus,481131,
NC_051814.1,1828038,1832557,MARCHF9,plus,481132,
NC_051814.1,1834457,1840136,CYP27B1,minus,481133,
NC_051814.1,1840276,1843693,METTL1,minus,607590,
NC_051814.1,1844101,1852283,EEF1AKMT3,plus,111097837,
NC_051814.1,1852568,1864195,TSFM,plus,119873576,
NC_051814.1,1864836,1884508,AVIL,minus,474420,
NC_051814.1,1884550,1907344,CTDSP2,minus,481135,
NC_051814.1,1889492,1889551,MIR26A-2,minus,100885871,microRNA mir-26a-2
NC_051814.1,1908047,1913313,LOC102153380,plus,102153380,
NC_051814.1,1925095,1925742,LOC106559349,plus,106559349,
NC_051814.1,1929961,1944499,LOC119873577,minus,119873577,
NC_051814.1,1952017,1953664,LOC102153504,plus,102153504,
NC_051814.1,1954596,1956890,LOC102153450,plus,102153450,
NC_051814.1,1984628,1991467,LOC100687853,minus,100687853,
NC_051814.1,1994215,2007526,ATP23,plus,474422,
NC_051814.1,2388569,2447752,LOC119873578,plus,119873578,
NC_051814.1,2503673,2611064,LOC111097578,plus,111097578,
NC_051814.1,2578961,2627288,LOC102153745,minus,102153745,
NC_051814.1,2627398,2635569,LOC119873579,plus,119873579,
NC_051814.1,2688485,2688798,LOC100688080,plus,100688080,
NC_051814.1,2690367,2751924,LOC119873580,plus,119873580,
NC_051814.1,2737466,2787369,LRIG3,minus,474423,
NC_051814.1,2785749,2933703,LOC119881617,plus,119881617,
NC_051814.1,3345741,3356860,LOC102154481,minus,102154481,
NC_051814.1,3356472,3522599,SLC16A7,plus,481138,
NC_051814.1,3470602,3475599,LOC111097579,minus,111097579,
NC_051814.1,3789515,3805888,LOC111097841,minus,111097841,
NC_051814.1,4043574,4046950,LOC100856731,minus,100856731,
NC_051814.1,4047562,4154372,LOC119873559,plus,119873559,
NC_051814.1,4422643,4423060,LOC106559344,plus,106559344,
NC_051814.1,5024533,5480189,TAFA2,minus,607990,
NC_051814.1,5029443,5033840,LOC119873581,plus,119873581,
NC_051814.1,5544390,5667454,USP15,plus,474424,
NC_051814.1,5596165,5596758,LOC102154691,minus,102154691,
NC_051814.1,5598802,5603032,LOC102154613,plus,102154613,
NC_051814.1,5628685,5640106,LOC111097580,minus,111097580,
NC_051814.1,5677620,5703353,LOC106559357,minus,106559357,
NC_051814.1,5703808,5810609,MON2,plus,481141,
NC_051814.1,5815288,5818136,LOC119873560,minus,119873560,
NC_051814.1,5838658,5845797,LOC111097581,plus,111097581,
NC_051814.1,5855584,6109395,PPM1H,minus,474425,
NC_051814.1,5878369,5894138,LOC119873582,plus,119873582,
NC_051814.1,6110448,6144677,LOC111097817,minus,111097817,
NC_051814.1,6258027,6377052,LOC119873583,plus,119873583,
NC_051814.1,6304782,6308218,AVPR1A,minus,481142,arginine vasopressin receptor 1A
NC_051814.1,6380094,6386291,LOC111097582,minus,111097582,
NC_051814.1,6599465,6599586,LOC119873804,plus,119873804,
NC_051814.1,6618965,6620687,LOC102155476,minus,102155476,
NC_051814.1,6645218,6645472,LOC106559359,minus,106559359,
NC_051814.1,6646706,6647061,LOC119881620,plus,119881620,
NC_051814.1,6715960,6716458,LOC119881618,minus,119881618,
NC_051814.1,6726796,6751359,RXYLT1,plus,608152,
NC_051814.1,6740409,6741710,LOC102156976,plus,102156976,
NC_051814.1,6769014,6772339,LOC111097818,plus,111097818,
NC_051814.1,6780375,7057381,SRGAP1,plus,481144,
NC_051814.1,6840280,6849895,LOC111097583,minus,111097583,
NC_051814.1,7039200,7039636,LOC100688771,minus,100688771,
NC_051814.1,7088558,7108093,C10H12orf66,minus,474426,
NC_051814.1,7108319,7227460,LOC102156006,plus,102156006,
NC_051814.1,7111347,7224118,C10H12orf56,minus,100683508,
NC_051814.1,7115188,7115299,LOC119873837,plus,119873837,
NC_051814.1,7231797,7273581,XPOT,plus,474427,
NC_051814.1,7276927,7318803,TBK1,plus,481145,
NC_051814.1,7338378,7338654,LOC100855604,plus,100855604,
NC_051814.1,7352021,7352586,LOC100855505,minus,100855505,
NC_051814.1,7391136,7463789,RASSF3,plus,608312,
NC_051814.1,7474090,7526469,GNS,minus,474429,
NC_051814.1,7546022,7625360,TBC1D30,plus,481147,
NC_051814.1,7669880,7697190,LOC102156825,plus,102156825,
NC_051814.1,7732485,7743155,LOC111097819,plus,111097819,
NC_051814.1,7760319,7772073,LOC119873584,plus,119873584,
NC_051814.1,7769159,7835321,WIF1,minus,481148,
NC_051814.1,7869327,7874546,LOC102157003,minus,102157003,
NC_051814.1,7887012,7959867,LEMD3,plus,608380,
NC_051814.1,7971606,8151219,MSRB3,plus,608386,
NC_051814.1,8086182,8086287,LOC119873825,minus,119873825,
NC_051814.1,8182450,8198110,LOC111097584,plus,111097584,
NC_051814.1,8390342,8402958,LOC111097820,plus,111097820,
NC_051814.1,8429069,8431276,LOC111097846,minus,111097846,
NC_051814.1,8459176,8604625,HMGA2,plus,100271859,
NC_051814.1,8641044,8645935,LOC100684165,minus,100684165,
NC_051814.1,8743792,8751304,LLPH,minus,100682952,
NC_051814.1,8756350,8783338,TMBIM4,minus,474432,
NC_051814.1,8796309,8841957,IRAK3,plus,481150,
NC_051814.1,8850421,8853822,LOC111097585,minus,111097585,
NC_051814.1,8877731,8909045,HELB,plus,608595,
NC_051814.1,8912752,9572589,GRIP1,minus,474434,
NC_051814.1,9439309,9443286,LOC106559345,minus,106559345,
NC_051814.1,9592162,9593281,LOC106559346,plus,106559346,
NC_051814.1,9755181,9795481,CAND1,plus,474437,
NC_051814.1,9755897,9756636,LOC119881623,plus,119881623,
NC_051814.1,9811556,9812119,LOC111097851,plus,111097851,
NC_051814.1,9847890,9850735,LOC111097821,minus,111097821,
NC_051814.1,9849891,9873966,LOC111097822,plus,111097822,
NC_051814.1,9905375,9970963,LOC102151646,plus,102151646,
NC_051814.1,10099203,10112645,DYRK2,plus,481152,
NC_051814.1,10122110,10127726,LOC111097823,plus,111097823,
NC_051814.1,10143805,10162654,LOC111097587,minus,111097587,
NC_051814.1,10161431,10212922,LOC111097588,plus,111097588,
NC_051814.1,10220260,10242307,LOC111097589,minus,111097589,
NC_051814.1,10261182,10262419,LOC119873747,plus,119873747,
NC_051814.1,10317491,10320746,LOC111097824,plus,111097824,
NC_051814.1,10374766,10427696,LOC111097825,plus,111097825,
NC_051814.1,10424181,10433944,LOC119873585,minus,119873585,
NC_051814.1,10442740,10491688,LOC102151964,minus,102151964,
NC_051814.1,10525803,10525937,MIR8799C,plus,104796447,microRNA mir-8799c
NC_051814.1,10530420,10535258,IFNG,minus,403801,interferon gamma
NC_051814.1,10581181,10595564,IL26,minus,608923,
NC_051814.1,10611869,10616320,IL22,minus,481153,
NC_051814.1,10637466,10637572,LOC119873809,plus,119873809,
NC_051814.1,10647765,10676917,MDM1,minus,474439,
NC_051814.1,10677043,10840731,LOC102152432,plus,102152432,
NC_051814.1,10678024,10820736,LOC111097592,minus,111097592,
NC_051814.1,10845243,10854749,LOC111097591,plus,111097591,
NC_051814.1,10891820,10941270,RAP1B,plus,608981,
NC_051814.1,10962858,11011548,NUP107,plus,474440,
NC_051814.1,11016466,11032395,SLC35E3,plus,481154,
NC_051814.1,11039181,11041206,LOC119873587,plus,119873587,
NC_051814.1,11060051,11086867,MDM2,plus,403693,MDM2 proto-oncogene
NC_051814.1,11092652,11165951,CPM,minus,100685525,
NC_051814.1,11095051,11119553,LOC119873586,plus,119873586,
NC_051814.1,11190309,11193230,LOC119873588,minus,119873588,
NC_051814.1,11324281,11335784,LOC111097826,plus,111097826,
NC_051814.1,11349792,11384195,LOC102153150,minus,102153150,
NC_051814.1,11374490,11375036,LOC100685771,plus,100685771,
NC_051814.1,11384373,11420547,CPSF6,plus,474441,
NC_051814.1,11438582,11461413,LOC119873589,minus,119873589,
NC_051814.1,11459330,11465170,LOC100685946,plus,100685946,
NC_051814.1,11469702,11473856,LYZ,plus,474442,lysozyme
NC_051814.1,11487657,11563718,YEATS4,plus,474443,
NC_051814.1,11534539,11542400,LOC119873590,minus,119873590,
NC_051814.1,11569128,11679363,FRS2,plus,474444,
NC_051814.1,11641499,11683490,LOC111097593,minus,111097593,
NC_051814.1,11683661,11709923,CCT2,plus,474445,
NC_051814.1,11706077,11708761,LRRC10,minus,481157,
NC_051814.1,11709746,11715749,LOC119881619,plus,119881619,
NC_051814.1,11723752,11747644,BEST3,minus,481158,
NC_051814.1,11748299,11761164,LOC119873591,minus,119873591,
NC_051814.1,11797196,11837976,RAB3IP,plus,481159,
NC_051814.1,11886219,11969356,MYRFL,plus,102153182,
NC_051814.1,12078924,12079582,LOC100686334,plus,100686334,
NC_051814.1,12119236,12151095,LOC111097594,minus,111097594,
NC_051814.1,12165872,12168419,LOC119873592,minus,119873592,
NC_051814.1,12188879,12305324,CNOT2,plus,474446,
NC_051814.1,12225596,12225803,LOC119873593,plus,119873593,
NC_051814.1,12318249,12377811,KCNMB4,plus,474447,
NC_051814.1,12327665,12349391,LOC111097597,minus,111097597,
NC_051814.1,12399792,12516770,PTPRB,minus,481162,
NC_051814.1,12517368,12751240,PTPRR,minus,481163,
NC_051814.1,12919135,12950691,TSPAN8,minus,474448,
NC_051814.1,12982226,12982345,LOC119873827,plus,119873827,
NC_051814.1,12987903,12988492,LOC100684550,plus,100684550,
NC_051814.1,12991299,12991401,LOC119873814,plus,119873814,
NC_051814.1,13095943,13096125,LOC100684625,minus,100684625,
NC_051814.1,13142096,13269246,LGR5,plus,609478,
NC_051814.1,13278751,13287767,LOC111097599,minus,111097599,
NC_051814.1,13296323,13350730,ZFC3H1,minus,474449,
NC_051814.1,13334427,13334787,LOC100684767,plus,100684767,
NC_051814.1,13351032,13365909,THAP2,plus,100683172,
NC_051814.1,13368142,13387096,TMEM19,plus,474450,
NC_051814.1,13423972,13464145,RAB21,plus,100683312,
NC_051814.1,13476214,13479657,LOC111097600,plus,111097600,
NC_051814.1,13494056,13562336,TBC1D15,plus,474451,
NC_051814.1,13529353,13529458,LOC119873815,minus,119873815,
NC_051814.1,13578664,13662404,TPH2,plus,481165,tryptophan hydroxylase 2
NC_051814.1,13861558,13880611,LOC102155519,plus,102155519,
NC_051814.1,13883046,14254797,TRHDE,plus,481166,
NC_051814.1,14115281,14132525,LOC111097602,minus,111097602,
NC_051814.1,14253536,14258456,LOC119873594,minus,119873594,
NC_051814.1,15333959,15334960,LOC102153670,plus,102153670,
NC_051814.1,15366982,15442431,LOC102155615,plus,102155615,
NC_051814.1,15518281,15526884,LOC111097603,minus,111097603,
NC_051814.1,15531125,15535058,ATXN7L3B,plus,100685115,
NC_051814.1,15551784,15581688,LOC119881624,plus,119881624,
NC_051814.1,15700419,15739351,LOC106559348,minus,106559348,
NC_051814.1,15785996,16011988,KCNC2,minus,481168,
NC_051814.1,15832779,15839175,LOC119873595,plus,119873595,
NC_051814.1,16033162,16116044,CAPS2,minus,481169,
NC_051814.1,16081404,16105264,GLIPR1L1,plus,610032,
NC_051814.1,16116143,16131648,GLIPR1L2,plus,481170,
NC_051814.1,16138394,16149242,LOC111097606,minus,111097606,
NC_051814.1,16150460,16168603,GLIPR1,plus,474452,
NC_051814.1,16168840,16183569,KRR1,minus,610093,
NC_051814.1,16203987,16205121,OR6C45P,minus,481172,"olfactory receptor family 6 subfamily C member 45, pseudogene"
NC_051814.1,16225766,16226704,OR6C38,minus,481173,olfactory receptor family 6 subfamily C member 38
NC_051814.1,16239892,16240829,OR6C1MP,minus,100856665,"olfactory receptor family 6 subfamily C member 1M, pseudogene"
NC_051814.1,16242449,16249166,LOC119873562,minus,119873562,
NC_051814.1,16265361,16266310,OR6C253P,minus,100856690,"olfactory receptor family 6 subfamily C member 253, pseudogene"
NC_051814.1,16287015,16287953,OR6C2F,minus,106558541,olfactory receptor family 6 subfamily C member 2F
NC_051814.1,16342338,16343487,OR6C2IP,plus,481176,"olfactory receptor family 6 subfamily C member 2I, pseudogene"
NC_051814.1,16375297,16376234,LOC119873748,plus,119873748,
NC_051814.1,16375838,16375924,cOR6C32P,plus,481177,cOR6C32P olfactory receptor family 6 subfamily C pseudogene
NC_051814.1,16399335,16400273,OR6C35,plus,100856706,olfactory receptor family 6 subfamily C member 35
NC_051814.1,16433437,16434372,OR6C17,plus,100684719,olfactory receptor family 6 subfamily C member 17
NC_051814.1,16480749,16481641,OR11G28P,minus,100684796,"olfactory receptor family 11 subfamily G member 28, pseudogene"
NC_051814.1,16512106,16513039,LOC119873749,plus,119873749,
NC_051814.1,16519210,16520052,OR4F33P,minus,119407379,"olfactory receptor family 4 subfamily F member 33, pseudogene"
NC_051814.1,16525577,16526542,OR4K14,minus,481180,olfactory receptor family 4 subfamily K member 14
NC_051814.1,16548777,16572883,LOC102156851,plus,102156851,
NC_051814.1,16586043,16586697,LOC100685032,plus,100685032,
NC_051814.1,16654417,16659115,LOC119873751,minus,119873751,
NC_051814.1,16695772,16701007,OR6C6K,plus,100685114,
NC_051814.1,16712060,16712736,OR6C49P,minus,102154722,"olfactory receptor family 6 subfamily C member 49, pseudogene"
NC_051814.1,16743312,16744224,OR6C20P,plus,100685192,"olfactory receptor family 6 subfamily C member 20, pseudogene"
NC_051814.1,16750078,16751014,OR6C78P,minus,102154878,"olfactory receptor family 6 subfamily C member 78, pseudogene"
NC_051814.1,16768457,16769534,OR9O1P,minus,100685346,"olfactory receptor family 9 subfamily O member 1, pseudogene"
NC_051814.1,16799695,16813768,LOC119873598,plus,119873598,
NC_051814.1,16843663,16845950,LOC119873597,minus,119873597,
NC_051814.1,16869340,16870272,OR6C90,minus,100683686,olfactory receptor family 6 subfamily C member 90
NC_051814.1,16909479,16910414,LOC119873596,plus,119873596,
NC_051814.1,16922432,16923082,OR28H04P,plus,491401,OR28H04p pseudogene
NC_051814.1,16928606,16929544,LOC119873752,plus,119873752,
NC_051814.1,16948970,16950225,LOC119873753,minus,119873753,
NC_051814.1,17011654,17012565,OR6C87,minus,100683461,olfactory receptor family 6 subfamily C member 87
NC_051814.1,17026280,17027227,LOC119873563,minus,119873563,
NC_051814.1,17066692,17067627,LOC119873754,minus,119873754,
NC_051814.1,17123357,17125574,LOC119873565,minus,119873565,
NC_051814.1,17158834,17159917,LOC608046,minus,608046,
NC_051814.1,17176941,17198585,LOC102153342,plus,102153342,
NC_051814.1,17182231,17184455,LOC119875792,plus,119875792,
NC_051814.1,17233132,17246927,LOC111094987,minus,111094987,
NC_051814.1,17246371,17251909,LOC111094988,plus,111094988,
NC_051814.1,17283619,17305932,RABL2B,plus,100685429,
NC_051814.1,17336704,17342058,ACR,minus,606765,
NC_051814.1,17342075,17345336,LOC102153294,plus,102153294,
NC_051814.1,17348145,17395273,SHANK3,minus,474456,
NC_051814.1,17418229,17420648,ARSA,plus,474457,arylsulfatase A
NC_051814.1,17428927,17438796,MAPK8IP2,minus,481183,
NC_051814.1,17442987,17459111,LOC119873599,minus,119873599,
NC_051814.1,17459391,17463120,CHKB,plus,606800,
NC_051814.1,17463472,17470978,CPT1B,plus,481184,
NC_051814.1,17472711,17499062,SYCE3,plus,100685583,
NC_051814.1,17499142,17503603,KLHDC7B,minus,111097609,
NC_051814.1,17503645,17505498,LOC111097610,plus,111097610,
NC_051814.1,17509646,17516477,LOC481187,plus,481187,
NC_051814.1,17510218,17513337,ODF3B,plus,100685831,
NC_051814.1,17516609,17528431,NCAPH2,minus,474458,
NC_051814.1,17528304,17531440,LMF2,plus,481188,
NC_051814.1,17539689,17542009,MIOX,minus,481189,
NC_051814.1,17543911,17546431,ADM2,minus,606919,
NC_051814.1,17548632,17572612,SBF1,plus,481190,
NC_051814.1,17571953,17655671,PPP6R2,minus,481191,
NC_051814.1,17588546,17590170,LOC111097611,plus,111097611,
NC_051814.1,17628571,17628739,LOC119873799,plus,119873799,
NC_051814.1,17664130,17665788,LOC111097618,minus,111097618,
NC_051814.1,17665772,17676809,DENND6B,plus,481192,
NC_051814.1,17677119,17702321,PLXNB2,plus,474459,
NC_051814.1,17704608,17711910,MAPK11,plus,607019,
NC_051814.1,17713650,17721939,MAPK12,plus,607023,
NC_051814.1,17723533,17728591,HDAC10,plus,607032,
NC_051814.1,17733994,17753630,TUBGCP6,plus,111097612,
NC_051814.1,17752103,17760002,SELENOO,minus,481194,selenoprotein O
NC_051814.1,17767303,17769514,LOC607055,minus,607055,
NC_051814.1,17769668,17777243,TRABD,minus,607061,
NC_051814.1,17779626,17786929,PANX2,minus,481195,
NC_051814.1,17793917,17866527,MOV10L1,minus,474460,
NC_051814.1,17866121,17891684,MLC1,plus,607105,
NC_051814.1,17892621,17940969,TTLL8,plus,474461,
NC_051814.1,17941122,17969714,IL17REL,plus,607159,
NC_051814.1,17977462,17980080,LOC119873755,plus,119873755,
NC_051814.1,17988548,17991389,PIM3,minus,100682773,
NC_051814.1,17995562,18014690,LOC119873600,plus,119873600,
NC_051814.1,18014613,18022399,CRELD2,minus,100686873,
NC_051814.1,18022529,18029613,ALG12,plus,481196,
NC_051814.1,18040545,18041959,LOC119873717,minus,119873717,
NC_051814.1,18042805,18072766,ZBED4,minus,481197,
NC_051814.1,18073235,18077087,LOC102156935,plus,102156935,
NC_051814.1,18090452,18126790,BRD1,plus,481198,
NC_051814.1,18214233,18216729,LOC111097829,plus,111097829,
NC_051814.1,18360305,18363340,LOC102157253,plus,102157253,
NC_051814.1,18383408,18392910,LOC106559363,minus,106559363,
NC_051814.1,18671659,18672648,LOC119881621,plus,119881621,
NC_051814.1,18830722,18985497,TAFA5,minus,608054,
NC_051814.1,18872020,18875932,LOC119863925,minus,119863925,
NC_051814.1,18989417,18994168,LOC102157395,plus,102157395,
NC_051814.1,19111039,19116448,LOC119873601,minus,119873601,
NC_051814.1,19114537,19122053,LOC119873602,plus,119873602,
NC_051814.1,19230821,19234589,LOC102151247,plus,102151247,
NC_051814.1,19246513,19247996,LOC100686419,plus,100686419,
NC_051814.1,19698823,19703973,LOC102154327,plus,102154327,
NC_051814.1,19811932,19826798,LOC119873603,minus,119873603,
NC_051814.1,19827608,19850264,LOC119873718,minus,119873718,
NC_051814.1,19933410,20267704,TBC1D22A,minus,474462,
NC_051814.1,20230058,20236161,LOC102152907,plus,102152907,
NC_051814.1,20294959,20336847,CERK,plus,474464,
NC_051814.1,20339831,20413366,GRAMD4,minus,481202,
NC_051814.1,20416522,20439655,LOC111097616,plus,111097616,
NC_051814.1,20441895,20572829,CELSR1,plus,481203,
NC_051814.1,20575454,20593140,TRMU,minus,481204,
NC_051814.1,20593369,20599711,LOC119880895,plus,119880895,
NC_051814.1,20596600,20617607,GTSE1,minus,608855,
NC_051814.1,20620897,20644214,TTC38,minus,474465,
NC_051814.1,20645684,20655572,PKDREJ,plus,474466,
NC_051814.1,20662399,20667604,CDPF1,plus,608872,
NC_051814.1,20667818,20740885,PPARA,minus,403654,peroxisome proliferator activated receptor alpha
NC_051814.1,20767153,20767237,MIRLET7B,minus,100885980,microRNA let-7b
NC_051814.1,20768084,20768152,MIRLET7A-1,minus,100886041,microRNA let-7a-1
NC_051814.1,20779195,20789031,LOC119873604,minus,119873604,
NC_051814.1,20797966,20809491,LOC119873719,minus,119873719,
NC_051814.1,20811151,20816497,LOC119873606,minus,119873606,
NC_051814.1,20822139,20826831,LOC119873607,minus,119873607,
NC_051814.1,20894626,20943739,WNT7B,plus,481206,
NC_051814.1,20990714,20992714,LOC102152393,minus,102152393,
NC_051814.1,21011042,21175060,ATXN10,minus,474467,
NC_051814.1,21174992,21193184,LOC119873720,minus,119873720,
NC_051814.1,21232145,21315719,FBLN1,minus,474468,
NC_051814.1,21359636,21374874,RIBC2,minus,474469,
NC_051814.1,21374976,21444136,SMC1B,plus,481207,
NC_051814.1,21431196,21433603,LOC111097620,minus,111097620,
NC_051814.1,21445842,21470339,FAM118A,minus,481208,
NC_051814.1,21479967,21487971,UPK3A,minus,609118,
NC_051814.1,21505978,21506351,LOC100688809,plus,100688809,
NC_051814.1,21521182,21562401,KIAA0930,plus,481210,
NC_051814.1,21544555,21548775,LOC111097624,minus,111097624,
NC_051814.1,21553675,21553813,MIR1249,plus,104794972,microRNA mir-1249
NC_051814.1,21563761,21584081,NUP50,minus,474470,
NC_051814.1,21605337,21606112,LOC119873723,minus,119873723,
NC_051814.1,21671678,21672343,LOC119873756,plus,119873756,
NC_051814.1,21690459,21696232,LOC102153479,plus,102153479,
NC_051814.1,21722328,21805422,PHF21B,plus,609150,
NC_051814.1,21742165,21745234,LOC119873609,minus,119873609,
NC_051814.1,21745312,21750928,LOC111097626,plus,111097626,
NC_051814.1,21822582,21889621,ARHGAP8,minus,100533462,Rho GTPase activating protein 8
NC_051814.1,21842965,21847904,LOC119873610,plus,119873610,
NC_051814.1,21902301,21950793,PRR5,minus,100533463,proline rich 5 (renal)
NC_051814.1,22011981,22020760,LOC119873612,plus,119873612,
NC_051814.1,22026808,22029712,LOC119873611,plus,119873611,
NC_051814.1,22064550,22069769,RTL6,plus,481213,
NC_051814.1,22081150,22082493,LOC119873757,plus,119873757,
NC_051814.1,22156730,22167507,LOC102153700,minus,102153700,
NC_051814.1,22179336,22252949,SHISAL1,plus,100682848,
NC_051814.1,22272414,22296208,PARVG,minus,481214,
NC_051814.1,22280863,22282445,LOC119873613,plus,119873613,
NC_051814.1,22285113,22293217,LOC119873614,plus,119873614,
NC_051814.1,22300594,22397773,PARVB,minus,481215,
NC_051814.1,22418215,22452856,SAMM50,minus,474473,
NC_051814.1,22452807,22463419,LOC119873615,plus,119873615,
NC_051814.1,22455884,22471128,PNPLA3,minus,609368,
NC_051814.1,22509933,22522375,PNPLA5,plus,481216,
NC_051814.1,22530422,22563935,SULT4A1,plus,609410,
NC_051814.1,22533624,22540440,LOC119873616,plus,119873616,
NC_051814.1,22567604,22571598,LOC111097629,plus,111097629,
NC_051814.1,22578629,22812813,EFCAB6,plus,481218,
NC_051814.1,22664755,22673693,LOC119873617,plus,119873617,
NC_051814.1,22704586,22751862,LOC111097630,minus,111097630,
NC_051814.1,22783785,22785129,LOC119873618,minus,119873618,
NC_051814.1,22824312,22902346,MPPED1,minus,609458,
NC_051814.1,22892431,22896438,LOC111097631,plus,111097631,
NC_051814.1,22963388,23103461,SCUBE1,plus,609479,
NC_051814.1,23112096,23129643,TTLL12,plus,474474,
NC_051814.1,23132949,23143978,TSPO,minus,474475,
NC_051814.1,23149396,23158834,MCAT,plus,609532,
NC_051814.1,23161992,23178391,BIK,minus,102155535,
NC_051814.1,23179072,23182772,LOC111097632,plus,111097632,
NC_051814.1,23200588,23247276,TTLL1,plus,100855660,
NC_051814.1,23227496,23231754,LOC119881625,minus,119881625,
NC_051814.1,23232605,23235113,LOC119873619,minus,119873619,
NC_051814.1,23243621,23255823,LOC111097633,minus,111097633,
NC_051814.1,23256673,23393490,PACSIN2,plus,100683200,
NC_051814.1,23310519,23316898,LOC111097635,minus,111097635,
NC_051814.1,23350966,23366818,LOC111097634,minus,111097634,
NC_051814.1,23389483,23403715,LOC119881626,minus,119881626,
NC_051814.1,23403897,23455678,ARFGAP3,plus,474477,
NC_051814.1,23497132,23499056,LOC119873620,minus,119873620,
NC_051814.1,23497555,23521731,A4GALT,plus,481222,
NC_051814.1,23557865,23559595,LOC119873724,minus,119873724,
NC_051814.1,23565239,23592996,CYB5R3,plus,474479,cytochrome b5 reductase 3
NC_051814.1,23597423,23599842,LOC119881627,minus,119881627,
NC_051814.1,23597572,23597721,LOC119873800,minus,119873800,
NC_051814.1,23598003,23621462,POLDIP3,plus,474480,
NC_051814.1,23627505,23637161,RRP7,plus,609569,
NC_051814.1,23635950,23673048,SERHL2,minus,474481,
NC_051814.1,23709326,23710897,LOC100682605,minus,100682605,
NC_051814.1,23733539,23734471,LOC111097637,minus,111097637,
NC_051814.1,23743511,23751152,LOC111097638,minus,111097638,
NC_051814.1,23753279,23792222,NFAM1,plus,609583,
NC_051814.1,23892727,23995689,TCF20,plus,481224,
NC_051814.1,23934629,23944518,LOC102151248,minus,102151248,
NC_051814.1,23991315,23991439,MIR8829,plus,104796988,microRNA mir-8829
NC_051814.1,24000262,24004211,CYP2D15,plus,415120,cytochrome P450 2D
NC_051814.1,24005529,24028176,LOC111097639,minus,111097639,
NC_051814.1,24028457,24036987,NDUFA6,plus,474483,
NC_051814.1,24038245,24041411,SMDT1,minus,609643,
NC_051814.1,24042044,24047024,PHETA2,minus,481225,
NC_051814.1,24046730,24058681,NAGA,plus,481226,
NC_051814.1,24077925,24112940,WBP2NL,minus,100685691,
NC_051814.1,24115099,24141685,SEPTIN3,minus,481227,
NC_051814.1,24127468,24127869,LOC106559371,plus,106559371,
NC_051814.1,24141731,24143328,LOC111097640,plus,111097640,
NC_051814.1,24147564,24151654,LOC102153105,minus,102153105,
NC_051814.1,24158132,24170505,CENPM,plus,609678,
NC_051814.1,24175948,24179962,TNFRSF13C,plus,607785,
NC_051814.1,24187797,24193682,SHISA8,plus,609682,
NC_051814.1,24196924,24277611,SREBF2,minus,481228,
NC_051814.1,24201614,24201674,MIR33A,minus,100885870,microRNA mir-33a
NC_051814.1,24277665,24281956,LOC119873621,plus,119873621,
NC_051814.1,24278584,24351864,MEI1,minus,609694,
NC_051814.1,24308339,24308877,LOC102152978,minus,102152978,
NC_051814.1,24356416,24363171,LOC100683920,minus,100683920,
NC_051814.1,24367888,24376525,SNU13,plus,474484,
NC_051814.1,24371899,24372057,LOC119873832,plus,119873832,
NC_051814.1,24383246,24406874,XRCC6,minus,474485,
NC_051814.1,24406997,24428815,DESI1,plus,609713,
NC_051814.1,24442035,24451570,PMM1,plus,474486,
NC_051814.1,24451816,24461938,CSDC2,minus,481231,
NC_051814.1,24473548,24487267,POLR3H,plus,607850,
NC_051814.1,24487132,24543453,ACO2,minus,474487,
NC_051814.1,24510731,24515101,LOC111097641,plus,111097641,
NC_051814.1,24542214,24543297,LOC119873622,minus,119873622,
NC_051814.1,24543712,24553684,PHF5A,plus,474489,
NC_051814.1,24562440,24574603,TOB2,plus,481233,
NC_051814.1,24579400,24584409,LOC102154557,minus,102154557,
NC_051814.1,24597068,24622524,TEF,minus,607883,
NC_051814.1,24626532,24689038,ZC3H7B,minus,474490,
NC_051814.1,24698293,24730051,RANGAP1,plus,481234,
NC_051814.1,24737290,24754362,CHADL,plus,100684070,
NC_051814.1,24744975,24766229,L3MBTL2,minus,481235,
NC_051814.1,24771989,24850258,LOC102155369,plus,102155369,
NC_051814.1,24781273,24781369,LOC119873794,plus,119873794,
NC_051814.1,24823553,24904040,EP300,minus,100684945,
NC_051814.1,24833857,24833958,LOC119873822,minus,119873822,
NC_051814.1,24905273,24906578,LOC106559373,plus,106559373,
NC_051814.1,24911420,24918877,LOC119873626,plus,119873626,
NC_051814.1,24912515,24913599,LOC111097642,minus,111097642,
NC_051814.1,24986658,24992176,LOC119873758,minus,119873758,
NC_051814.1,25014111,25028037,RBX1,minus,474494,
NC_051814.1,25046818,25046925,LOC119873818,plus,119873818,
NC_051814.1,25051673,25127569,XPNPEP3,minus,481237,
NC_051814.1,25103490,25113449,LOC119873627,plus,119873627,
NC_051814.1,25119157,25121219,DNAJB7,plus,474495,
NC_051814.1,25127715,25159445,ST13,plus,607960,ST13 Hsp70 interacting protein
NC_051814.1,25149861,25164815,LOC111097643,minus,111097643,
NC_051814.1,25164998,25211889,SLC25A17,plus,474498,
NC_051814.1,25197772,25199057,LOC119881628,minus,119881628,
NC_051814.1,25276788,25311181,MCHR1,minus,403563,melanin concentrating hormone receptor 1
NC_051814.1,25311403,25509948,MRTFA,plus,481238,
NC_051814.1,25510076,25553515,SGSM3,minus,481239,
NC_051814.1,25564321,25582627,ADSL,minus,474499,
NC_051814.1,25602650,25846409,TNRC6B,minus,481240,
NC_051814.1,25743223,25743691,LOC609853,plus,609853,
NC_051814.1,25799478,25816640,LOC102156637,plus,102156637,
NC_051814.1,25858698,25893092,FAM83F,minus,474500,
NC_051814.1,25877049,25884778,LOC111097644,plus,111097644,
NC_051814.1,25908310,25972290,GRAP2,minus,481241,
NC_051814.1,25978594,26083639,ENTHD1,plus,481242,
NC_051814.1,25982793,25983421,LOC106559375,minus,106559375,
NC_051814.1,26082245,26084131,LOC111097645,minus,111097645,
NC_051814.1,26114266,26119647,LOC111097646,plus,111097646,
NC_051814.1,26121709,26126301,LOC119873628,minus,119873628,
NC_051814.1,26133456,26245748,CACNA1I,minus,481243,
NC_051814.1,26270531,26273795,RPS19BP1,plus,474502,
NC_051814.1,26280612,26282756,ATF4,minus,474503,
NC_051814.1,26285972,26300295,MIEF1,minus,610014,
NC_051814.1,26316509,26363783,MGAT3,minus,481244,
NC_051814.1,26329558,26342902,LOC119873629,plus,119873629,
NC_051814.1,26356259,26359116,LOC111097647,plus,111097647,
NC_051814.1,26375000,26409197,TAB1,minus,481245,
NC_051814.1,26402617,26403610,LOC100684822,plus,100684822,
NC_051814.1,26432745,26432885,LOC119873795,minus,119873795,
NC_051814.1,26436724,26464409,SYNGR1,minus,106559395,
NC_051814.1,26437330,26440838,LOC119873630,plus,119873630,
NC_051814.1,26490322,26514546,LOC102152031,minus,102152031,
NC_051814.1,26491206,26497609,RPL3,plus,474504,ribosomal protein L3
NC_051814.1,26491686,26491749,LOC119873833,plus,119873833,
NC_051814.1,26493553,26493607,LOC119873793,plus,119873793,
NC_051814.1,26494893,26494985,LOC119873791,plus,119873791,
NC_051814.1,26496460,26496553,LOC119873790,plus,119873790,
NC_051814.1,26526286,26552839,LOC102152176,minus,102152176,
NC_051814.1,26550122,26571489,PDGFB,plus,442986,platelet derived growth factor subunit B
NC_051814.1,26566453,26566525,TRNAE-CUC,minus,119873839,
NC_051814.1,26591206,26592707,LOC100685054,minus,100685054,
NC_051814.1,26601153,26608166,LOC102152215,minus,102152215,
NC_051814.1,26627291,26648764,CBX7,plus,481247,
NC_051814.1,26663787,26694303,APOBEC3Z3,minus,481248,"apolipoprotein B mRNA editing enzyme, catalytic polypeptide-like 3Z3"
NC_051814.1,26700833,26705003,APOBEC3Z1,plus,610245,"apolipoprotein B mRNA editing enzyme, catalytic polypeptide-like 3Z1"
NC_051814.1,26706300,26712599,LOC119873631,plus,119873631,
NC_051814.1,26744759,26744866,LOC119873811,minus,119873811,
NC_051814.1,26752750,26763369,CBX6,plus,481249,
NC_051814.1,26779304,26803082,NPTXR,plus,100685212,
NC_051814.1,26814611,26830389,DNAL4,plus,474505,
NC_051814.1,26816685,26825820,LOC106559376,minus,106559376,
NC_051814.1,26846456,26865894,SUN2,plus,481250,
NC_051814.1,26849163,26857032,LOC111097649,minus,111097649,
NC_051814.1,26865978,26894424,GTPBP1,minus,474506,
NC_051814.1,26894867,26906845,JOSD1,plus,481251,
NC_051814.1,26907763,26909817,TOMM22,minus,610117,
NC_051814.1,26916186,26925826,CBY1,minus,481252,
NC_051814.1,26925832,27021399,FAM227A,plus,610126,
NC_051814.1,26991310,26993571,LOC100685556,plus,100685556,
NC_051814.1,27001572,27002408,LOC608258,minus,608258,
NC_051814.1,27002535,27003171,LOC102153107,plus,102153107,
NC_051814.1,27019568,27056278,DMC1,plus,608268,
NC_051814.1,27057746,27071747,LOC102154095,minus,102154095,
NC_051814.1,27073043,27094074,DDX17,plus,474508,
NC_051814.1,27094065,27115513,KDELR3,minus,474509,
NC_051814.1,27107610,27130422,LOC119876745,plus,119876745,
NC_051814.1,27112472,27140533,KCNJ4,plus,481253,
NC_051814.1,27144208,27146123,LOC102154142,minus,102154142,
NC_051814.1,27170481,27203064,CSNK1E,plus,474510,
NC_051814.1,27215479,27265344,TMEM184B,plus,481254,
NC_051814.1,27268184,27277547,MAFF,minus,481255,
NC_051814.1,27290620,27351106,PLA2G6,plus,481256,
NC_051814.1,27351887,27379022,BAIAP2L2,plus,610178,
NC_051814.1,27377687,27382107,LOC119873632,minus,119873632,
NC_051814.1,27381048,27385522,SLC16A8,plus,610184,
NC_051814.1,27387103,27406123,PICK1,minus,610191,
NC_051814.1,27405751,27417894,LOC111097651,plus,111097651,
NC_051814.1,27425928,27431482,LOC111097653,plus,111097653,
NC_051814.1,27472272,27482931,SOX10,plus,481258,
NC_051814.1,27486614,27499265,POLR2F,minus,474512,
NC_051814.1,27499234,27506538,C10H22orf23,plus,481259,
NC_051814.1,27503810,27534504,MICALL1,minus,481260,
NC_051814.1,27549474,27576553,EIF3L,minus,474513,eukaryotic translation initiation factor 3 subunit L
NC_051814.1,27576598,27578150,LOC111097654,plus,111097654,
NC_051814.1,27584262,27585945,LOC111097655,minus,111097655,
NC_051814.1,27585968,27597450,ANKRD54,plus,481261,
NC_051814.1,27606282,27608864,GALR3,minus,610233,
NC_051814.1,27612460,27618671,GCAT,minus,481262,
NC_051814.1,27619090,27621274,H1-0,minus,610251,
NC_051814.1,27648784,27671889,TRIOBP,minus,481263,
NC_051814.1,27664868,27674855,LOC111097656,plus,111097656,
NC_051814.1,27688606,27698836,LOC119873726,minus,119873726,
NC_051814.1,27712281,27718391,NOL12,minus,608474,
NC_051814.1,27715498,27715632,LOC119873788,minus,119873788,
NC_051814.1,27724227,27727457,LGALS1,minus,610276,galectin 1
NC_051814.1,27737639,27744136,PDXP,minus,100688635,
NC_051814.1,27745965,27758318,SH3BP1,minus,481265,
NC_051814.1,27764663,27783673,GGA1,minus,481266,
NC_051814.1,27800516,27804873,LOC106559379,minus,106559379,
NC_051814.1,27804386,27807840,LGALS2,plus,474514,galectin 2
NC_051814.1,27808320,27816110,CDC42EP1,minus,481267,
NC_051814.1,27825552,27829823,LOC119873759,plus,119873759,
NC_051814.1,27846054,27871811,CARD10,plus,481268,
NC_051814.1,27874455,27890695,MFNG,plus,610303,
NC_051814.1,27909427,27911483,LOC119873760,plus,119873760,
NC_051814.1,27927688,27984620,ELFN2,plus,481269,
NC_051814.1,27970683,27976884,LOC119873633,minus,119873633,
NC_051814.1,27974618,27974762,MIR8828,minus,104794971,microRNA mir-8828
NC_051814.1,27991483,28004800,LOC102156668,plus,102156668,
NC_051814.1,28030394,28061112,CYTH4,minus,481270,
NC_051814.1,28087974,28104244,RAC2,plus,481271,
NC_051814.1,28088424,28088484,MIR1835,plus,100885872,microRNA mir-1835
NC_051814.1,28116305,28124854,SSTR3,plus,481272,somatostatin receptor 3
NC_051814.1,28132649,28141218,C1QTNF6,plus,481273,
NC_051814.1,28161449,28172866,LOC119873634,minus,119873634,
NC_051814.1,28162844,28180818,IL2RB,plus,403439,interleukin 2 receptor subunit beta
NC_051814.1,28190798,28228167,TMPRSS6,plus,608593,
NC_051814.1,28231431,28241252,KCTD17,minus,481274,
NC_051814.1,28232344,28249844,LOC119873635,plus,119873635,
NC_051814.1,28251014,28255778,LOC100682975,plus,100682975,
NC_051814.1,28257080,28265242,MPST,minus,474515,
NC_051814.1,28265478,28278615,TST,plus,481275,
NC_051814.1,28281562,28302285,TEX33,plus,474516,
NC_051814.1,28333755,28358851,CSF2RB,minus,481276,
NC_051814.1,28389229,28463826,NCF4,minus,481277,
NC_051814.1,28447846,28466434,PVALB,plus,481278,
NC_051814.1,28481009,28499705,IFT27,plus,474517,
NC_051814.1,28513025,28542470,LOC111097658,minus,111097658,
NC_051814.1,28542976,28647844,CACNG2,plus,481279,
NC_051814.1,28646035,28646177,MIR8827,minus,104794970,microRNA mir-8827
NC_051814.1,28676131,28690129,EIF3D,plus,608665,
NC_051814.1,28680704,28689519,LOC111097659,minus,111097659,
NC_051814.1,28693853,28708859,FOXRED2,plus,474518,
NC_051814.1,28731823,28733107,LOC111097833,minus,111097833,
NC_051814.1,28733351,28746338,TXN2,plus,474519,
NC_051814.1,28771029,28772232,LOC111097834,plus,111097834,
NC_051814.1,28790430,28790876,LOC100683684,minus,100683684,
NC_051814.1,28792846,28796562,LOC106559397,plus,106559397,
NC_051814.1,28817559,28909010,MYH9,plus,481280,myosin heavy chain 9
NC_051814.1,28912201,28936059,LOC102156332,plus,102156332,
NC_051814.1,28955634,28963779,LOC119876699,minus,119876699,
NC_051814.1,29006984,29281227,RBFOX2,plus,481281,
NC_051814.1,29068986,29071054,LOC111097662,minus,111097662,
NC_051814.1,29232376,29242250,LOC119873636,minus,119873636,
NC_051814.1,29290720,29310956,APOL5,minus,474520,
NC_051814.1,29318225,29331222,APOL6,minus,481282,
NC_051814.1,29360185,29369892,MB,plus,608715,
NC_051814.1,29414289,29424287,RASD2,minus,481284,
NC_051814.1,29433453,29447517,LOC102152977,plus,102152977,
NC_051814.1,29507387,29528103,MCM5,minus,610519,
NC_051814.1,29526082,29528199,LOC119880132,plus,119880132,
NC_051814.1,29531402,29538230,HMOX1,minus,442987,heme oxygenase 1
NC_051814.1,29565279,29568912,LOC119880882,minus,119880882,
NC_051814.1,29569574,29609250,TOM1,minus,608746,
NC_051814.1,29577796,29583658,LOC102153082,plus,102153082,
NC_051814.1,29609378,29613377,LOC119873637,plus,119873637,
NC_051814.1,29613371,29644058,HMGXB4,minus,481285,
NC_051814.1,29663177,29669859,LOC119873761,plus,119873761,
NC_051814.1,29779524,29798838,ISX,minus,610571,
NC_051814.1,29877265,29880686,LOC111097835,minus,111097835,
NC_051814.1,30071651,30142755,LOC102153408,plus,102153408,
NC_051814.1,30612802,30613298,LOC100684279,plus,100684279,
NC_051814.1,30636643,30641597,LOC111097836,plus,111097836,
NC_051814.1,30671995,31198842,LARGE1,plus,474521,
NC_051814.1,30851736,30851873,LOC119873792,plus,119873792,
NC_051814.1,31009313,31018061,LOC111097664,minus,111097664,
NC_051814.1,31201898,31209982,LOC119873762,plus,119873762,
NC_051814.1,31230557,31234910,LOC119876723,minus,119876723,
NC_051814.1,31235206,31316441,LOC111097668,minus,111097668,
NC_051814.1,31261636,31273341,LOC111097669,plus,111097669,
NC_051814.1,31316595,31770135,SYN3,plus,481290,
NC_051814.1,31325464,31326087,LOC100684425,plus,100684425,
NC_051814.1,31339819,31404743,LOC102154248,minus,102154248,
NC_051814.1,31409517,31441314,LOC102154205,minus,102154205,
NC_051814.1,31469330,31523514,TIMP3,minus,481289,TIMP metallopeptidase inhibitor 3
NC_051814.1,31738401,31740297,LOC119873638,minus,119873638,
NC_051814.1,31770136,31791111,FBXO7,minus,474522,
NC_051814.1,31791060,31851975,BPIFC,plus,474523,
NC_051814.1,31853471,31876814,RTCB,plus,474524,
NC_051814.1,31877834,31883106,LOC111097670,plus,111097670,
NC_051814.1,31896305,31897475,ASCL4,minus,610742,
NC_051814.1,31901061,31901261,LOC119873807,plus,119873807,
NC_051814.1,31916430,31944338,PRDM4,plus,481291,
NC_051814.1,31921343,31922402,LOC102154763,minus,102154763,
NC_051814.1,31945032,31968990,LOC119873640,plus,119873640,
NC_051814.1,31966427,31991573,PWP1,minus,474526,
NC_051814.1,32013376,32323765,BTBD11,minus,481292,
NC_051814.1,32117044,32124798,LOC119873641,plus,119873641,
NC_051814.1,32170482,32182978,LOC111097672,plus,111097672,
NC_051814.1,32196791,32198330,LOC119873642,minus,119873642,
NC_051814.1,32302258,32305962,LOC111097673,plus,111097673,
NC_051814.1,32522572,32634406,CRY1,plus,474528,
NC_051814.1,32621587,32636444,MTERF2,plus,106557455,
NC_051814.1,32634239,32637545,LOC119873643,minus,119873643,
NC_051814.1,32639423,32653856,TMEM263,minus,610769,
NC_051814.1,32708736,32716594,LOC111097674,minus,111097674,
NC_051814.1,32718428,32718540,LOC119873801,minus,119873801,
NC_051814.1,32724734,32824108,RIC8B,minus,481294,
NC_051814.1,32768855,32809880,LOC119873645,plus,119873645,
NC_051814.1,32823817,32825386,LOC119873644,plus,119873644,
NC_051814.1,32834451,32996735,RFX4,minus,474529,
NC_051814.1,32859903,32876455,LOC111097676,plus,111097676,
NC_051814.1,32876474,32879460,LOC119873646,plus,119873646,
NC_051814.1,32997736,32999732,LOC119873763,plus,119873763,
NC_051814.1,33043060,33150697,POLR3B,minus,474531,
NC_051814.1,33056058,33071134,LOC119873647,minus,119873647,
NC_051814.1,33158132,33196697,TCP11L2,minus,474532,
NC_051814.1,33169876,33170223,LOC608929,plus,608929,60S ribosomal protein L37 pseudogene
NC_051814.1,33196135,33228414,LOC111097677,plus,111097677,
NC_051814.1,33213930,33228885,LOC111097678,minus,111097678,
NC_051814.1,33230145,33239393,CKAP4,plus,481295,
NC_051814.1,33263450,33268707,LOC119873764,plus,119873764,
NC_051814.1,33304878,33305882,LOC102156880,minus,102156880,
NC_051814.1,33305053,33378753,NUAK1,plus,481296,
NC_051814.1,33386363,33387381,LOC106559418,plus,106559418,
NC_051814.1,33437531,33452392,LOC106559383,minus,106559383,
NC_051814.1,33480737,33491699,LOC119873765,minus,119873765,
NC_051814.1,33647972,33673438,LOC119873766,plus,119873766,
NC_051814.1,33703671,33705066,LOC100687854,plus,100687854,
NC_051814.1,33720897,33721132,LOC100686172,plus,100686172,
NC_051814.1,33754786,33756481,LOC111097679,plus,111097679,
NC_051814.1,33788319,33790509,LOC119880126,minus,119880126,
NC_051814.1,33851702,33895887,LOC111097680,minus,111097680,
NC_051814.1,33856341,33856451,LOC119873830,plus,119873830,
NC_051814.1,33935462,33972458,C10H12orf75,minus,100686245,
NC_051814.1,33991240,33991692,LOC100686315,minus,100686315,
NC_051814.1,34033756,34084221,APPL2,plus,481297,
NC_051814.1,34087229,34141324,WASHC4,minus,474533,
NC_051814.1,34151792,34207579,ALDH1L2,plus,474534,
NC_051814.1,34212300,34219711,C10H12orf45,minus,474535,
NC_051814.1,34233442,34236473,LOC119873727,minus,119873727,
NC_051814.1,34240808,34360505,SLC41A2,plus,481298,
NC_051814.1,34395250,34654055,CHST11,minus,481299,
NC_051814.1,34494510,34494854,LOC100686874,plus,100686874,
NC_051814.1,34573233,34576042,LOC102151808,plus,102151808,
NC_051814.1,34654910,34678177,LOC102152060,plus,102152060,
NC_051814.1,34747423,34864919,TXNRD1,minus,474536,thioredoxin reductase 1
NC_051814.1,34799214,34800900,EID3,minus,100687031,
NC_051814.1,34824543,34827936,LOC119873648,minus,119873648,
NC_051814.1,35024505,35026207,LOC100687116,minus,100687116,
NC_051814.1,35096671,35101243,SOWAHC,minus,481302,
NC_051814.1,35101631,35158873,SEPTIN10,plus,100688206,
NC_051814.1,35212399,35213696,LOC106559442,minus,106559442,
NC_051814.1,35228013,35582478,SH3RF3,minus,481304,
NC_051814.1,35318360,35325943,LOC111097682,plus,111097682,
NC_051814.1,35651264,35651371,LOC119873829,plus,119873829,
NC_051814.1,35700824,35795378,EDAR,plus,481305,
NC_051814.1,35820677,35820797,LOC119873806,plus,119873806,
NC_051814.1,35828597,35938058,CCDC138,minus,610991,
NC_051814.1,35940061,36033454,RANBP2,minus,474539,
NC_051814.1,35974743,35976087,LOC102153183,minus,102153183,
NC_051814.1,36009694,36009830,LOC119873836,minus,119873836,
NC_051814.1,36045342,36192076,LIMS1,minus,474540,
NC_051814.1,36206917,36207760,LOC106559425,minus,106559425,
NC_051814.1,36214623,36215660,LOC100688773,plus,100688773,
NC_051814.1,36230723,36284497,GCC2,minus,474541,
NC_051814.1,36284647,36430736,LOC111097683,plus,111097683,
NC_051814.1,36347852,36357542,SULT1C4,minus,474542,
NC_051814.1,36414407,36443621,SULT1C2,minus,474543,
NC_051814.1,36464237,36498469,SULT1C3,minus,481309,
NC_051814.1,36502036,36576057,LOC106559386,plus,106559386,
NC_051814.1,36520562,36520954,LOC100688002,plus,100688002,
NC_051814.1,36635877,36640073,LOC111097685,plus,111097685,
NC_051814.1,36640838,36641798,LOC481310,minus,481310,
NC_051814.1,36662594,36668044,LOC100688991,minus,100688991,
NC_051814.1,36668434,36698945,LOC102154326,plus,102154326,
NC_051814.1,36711888,36713631,LOC100688158,minus,100688158,
NC_051814.1,36734146,36761272,SLC5A7,minus,481311,
NC_051814.1,36888383,36891279,LOC100855857,minus,100855857,
NC_051814.1,37147145,37148067,LOC100682592,minus,100682592,
NC_051814.1,37185306,37186820,LOC609217,plus,609217,
NC_051814.1,37274081,37274271,LOC119873797,minus,119873797,
NC_051814.1,37341310,37342307,LOC100688434,minus,100688434,
NC_051814.1,37523067,37526497,LOC111097843,minus,111097843,
NC_051814.1,37534274,37541681,LOC100682742,plus,100682742,
NC_051814.1,37573416,37573733,LOC611115,minus,611115,
NC_051814.1,37693543,37749284,LOC102154849,minus,102154849,
NC_051814.1,37755486,37831114,ST6GAL2,plus,481315,
NC_051814.1,37966667,37967532,LOC100682954,plus,100682954,
NC_051814.1,38111790,38111890,LOC119873820,minus,119873820,
NC_051814.1,38141641,38141779,LOC119873802,minus,119873802,
NC_051814.1,38156941,38164361,LOC119873650,minus,119873650,
NC_051814.1,38164639,38257518,UXS1,plus,481318,
NC_051814.1,38272970,38282714,ECRG4,minus,611190,
NC_051814.1,38354643,38366171,LOC111097687,minus,111097687,
NC_051814.1,38366214,38368498,LOC111097688,minus,111097688,
NC_051814.1,38434612,38590460,NCK2,minus,481319,
NC_051814.1,38671408,38694285,LOC106559419,minus,106559419,
NC_051814.1,38717708,38732710,LOC111097690,minus,111097690,
NC_051814.1,38751288,38753518,LOC119873770,minus,119873770,
NC_051814.1,38804446,38828230,LOC102155326,plus,102155326,
NC_051814.1,38846703,38883005,LOC111097692,minus,111097692,
NC_051814.1,38854939,38922615,FHL2,plus,474544,
NC_051814.1,38893221,38925495,LOC111097691,minus,111097691,
NC_051814.1,38916852,38916959,LOC119873812,plus,119873812,
NC_051814.1,38934229,38945916,C10H2orf49,minus,611271,
NC_051814.1,38945018,38951981,LOC106559387,plus,106559387,
NC_051814.1,38952430,39015760,TGFBRAP1,plus,481320,
NC_051814.1,39029506,39031113,GPR45,minus,481321,
NC_051814.1,39042825,39046071,LOC111097693,plus,111097693,
NC_051814.1,39163383,39226852,MRPS9,minus,474545,
NC_051814.1,39271078,39276151,LOC111097694,minus,111097694,
NC_051814.1,39351665,39351928,LOC119873651,minus,119873651,
NC_051814.1,39353561,39361826,LOC119873652,plus,119873652,
NC_051814.1,39370326,39371885,POU3F3,minus,106557511,
NC_051814.1,39376085,39431684,LOC119873653,plus,119873653,
NC_051814.1,39512744,39516391,LOC111097696,minus,111097696,
NC_051814.1,39551842,39559408,LOC102156196,minus,102156196,
NC_051814.1,39557464,39562219,LOC111097697,plus,111097697,
NC_051814.1,39645179,39702931,LOC111097698,plus,111097698,
NC_051814.1,39745354,39756327,LOC111097699,minus,111097699,
NC_051814.1,39810244,39849045,LOC111097700,plus,111097700,
NC_051814.1,40273368,40276796,LOC111097844,minus,111097844,
NC_051814.1,40277076,40300420,LOC111097701,plus,111097701,
NC_051814.1,40375510,40408616,LOC102156237,plus,102156237,
NC_051814.1,40459974,40460489,LOC481325,plus,481325,
NC_051814.1,40742643,40744267,LOC119873771,minus,119873771,
NC_051814.1,41091118,41150390,TMEM182,minus,611413,
NC_051814.1,41181112,41208447,MFSD9,plus,100684142,
NC_051814.1,41199202,41296164,SLC9A2,minus,474546,
NC_051814.1,41231872,41231968,MIR8826,minus,104796987,microRNA mir-8826
NC_051814.1,41317715,41317822,LOC119873826,plus,119873826,
NC_051814.1,41358013,41426831,SLC9A4,minus,100682768,
NC_051814.1,41380699,41381911,LOC474547,minus,474547,
NC_051814.1,41444971,41472267,IL18RAP,minus,481327,
NC_051814.1,41480814,41519805,IL18R1,minus,611438,
NC_051814.1,41524636,41543860,IL1RL1,minus,611442,
NC_051814.1,41579641,41597928,LOC111097702,plus,111097702,
NC_051814.1,41639600,41683546,IL1RL2,minus,611453,
NC_051814.1,41690272,41692150,LOC119873772,minus,119873772,
NC_051814.1,41692476,41764370,IL1R1,minus,481328,
NC_051814.1,41696472,41696578,LOC119876756,minus,119876756,
NC_051814.1,41703511,41704732,LOC102157304,minus,102157304,
NC_051814.1,41832945,41869144,IL1R2,minus,481330,
NC_051814.1,41953205,42144746,MAP4K4,minus,481331,
NC_051814.1,42192635,42193530,LOC100683383,plus,100683383,
NC_051814.1,42222508,42222900,LOC100683457,minus,100683457,
NC_051814.1,42332535,42388886,RFX8,plus,100683612,regulatory factor X8
NC_051814.1,42337723,42338383,LOC119863875,minus,119863875,
NC_051814.1,42386763,42413270,LOC111097704,minus,111097704,
NC_051814.1,42408511,42444575,CREG2,plus,611525,
NC_051814.1,42425422,42440244,LOC119873655,minus,119873655,
NC_051814.1,42490082,42521877,RNF149,plus,481333,
NC_051814.1,42517431,42517545,LOC119873789,plus,119873789,
NC_051814.1,42520973,42535997,CNOT11,minus,481334,
NC_051814.1,42536253,42542455,LOC119873773,plus,119873773,
NC_051814.1,42587181,42700001,TBC1D8,plus,474551,
NC_051814.1,42700902,42710022,RPL31,minus,609530,ribosomal protein L31
NC_051814.1,42714471,42873104,NPAS2,minus,474552,
NC_051814.1,42907639,43066185,LOC111097706,minus,111097706,
NC_051814.1,42920425,42935278,LOC111097705,plus,111097705,
NC_051814.1,43002037,43004799,LOC111097707,plus,111097707,
NC_051814.1,43054028,43068551,LOC119873656,plus,119873656,
NC_051814.1,43080268,43090236,PDCL3,minus,474553,
NC_051814.1,43101697,43105065,LOC119873657,minus,119873657,
NC_051814.1,43103587,43104430,LOC111097708,minus,111097708,
NC_051814.1,43105311,43109510,LOC100684050,plus,100684050,
NC_051814.1,43126905,43176920,NMS,minus,474554,
NC_051814.1,43161948,43162541,LOC611567,plus,611567,
NC_051814.1,43176553,43182518,LOC119881622,minus,119881622,
NC_051814.1,43177124,43209302,CHST10,plus,474555,
NC_051814.1,43214089,43217283,LOC119876729,plus,119876729,
NC_051814.1,43246934,43279880,LONRF2,plus,481336,
NC_051814.1,43453448,43454388,LOC119873774,minus,119873774,
NC_051814.1,43455381,43984215,AFF3,plus,611584,
NC_051814.1,43809234,43809853,LOC111097709,minus,111097709,
NC_051814.1,43935523,43979807,LOC111097712,minus,111097712,
NC_051814.1,44004923,44007287,LOC111097711,plus,111097711,
NC_051814.1,44020399,44116914,REV1,plus,481337,
NC_051814.1,44117126,44212388,EIF5B,minus,474556,
NC_051814.1,44213249,44226123,TXNDC9,plus,474557,
NC_051814.1,44217375,44221062,LOC111097713,minus,111097713,
NC_051814.1,44241751,44279356,LOC102153480,minus,102153480,
NC_051814.1,44271672,44307204,LYG1,plus,611605,
NC_051814.1,44330878,44342283,LYG2,plus,481338,
NC_051814.1,44358508,44358876,LOC100684768,minus,100684768,
NC_051814.1,44366676,44385400,MRPL30,minus,474558,
NC_051814.1,44385417,44405067,MITD1,plus,474559,
NC_051814.1,44405161,44405233,TRNAK-CUU,plus,111097874,
NC_051814.1,44405295,44428135,LIPT1,minus,111089955,
NC_051814.1,44414665,44416943,LOC111097714,minus,111097714,
NC_051814.1,44417127,44428643,C10H2orf15,minus,100684917,
NC_051814.1,44428420,44563676,TSGA10,plus,474561,
NC_051814.1,44563475,44740240,CRACDL,plus,481340,
NC_051814.1,44655905,44671494,LOC100685430,plus,100685430,
NC_051814.1,44803200,44929672,MGAT4A,plus,474562,
NC_051814.1,44909304,44922729,LOC119873659,minus,119873659,
NC_051814.1,44931041,44946061,UNC50,minus,611651,
NC_051814.1,44946007,44953169,COA5,plus,611656,
NC_051814.1,44959356,45094368,INPP4A,minus,474563,
NC_051814.1,45094611,45120813,LOC111097716,plus,111097716,
NC_051814.1,45105862,45150463,CNGA3,minus,481341,cyclic nucleotide gated channel subunit alpha 3
NC_051814.1,45148706,45151729,LOC119873660,plus,119873660,
NC_051814.1,45152236,45381567,VWA3B,minus,474564,
NC_051814.1,45474119,45702160,TMEM131,plus,474566,
NC_051814.1,45737009,45737365,LOC106559399,plus,106559399,
NC_051814.1,45763554,45794709,ZAP70,minus,100271860,
NC_051814.1,45794591,45840389,C10H2orf92,minus,102155757,
NC_051814.1,45840987,45849007,ACTR1B,plus,611680,
NC_051814.1,45855804,45867780,COX5B,minus,474567,cytochrome c oxidase subunit 5B
NC_051814.1,45867960,45977877,FAM178B,plus,611701,
NC_051814.1,45980524,45982427,LOC111097718,minus,111097718,
NC_051814.1,45981562,45992443,SEMA4C,plus,481343,
NC_051814.1,45993820,46002506,ANKRD39,plus,474568,
NC_051814.1,46004391,46010168,ANKRD23,plus,481344,
NC_051814.1,46012176,46030322,CNNM3,minus,481345,
NC_051814.1,46033014,46072636,CNNM4,minus,481346,
NC_051814.1,46091511,46121775,LMAN2L,plus,474569,
NC_051814.1,46122789,46181006,FER1L5,minus,481347,
NC_051814.1,46192034,46235822,KANSL3,plus,119873661,
NC_051814.1,46240285,46242390,OXER1,minus,119873775,
NC_051814.1,46244310,46257893,HAAO,minus,611728,
NC_051814.1,46275092,46275184,TRNAI-UAU,plus,111097875,
NC_051814.1,46345565,46347736,LOC119873662,minus,119873662,
NC_051814.1,46397757,46407025,LOC106559420,minus,106559420,
NC_051814.1,46517892,46519373,LOC119873731,minus,119873731,
NC_051814.1,46519373,46524167,LOC119873663,minus,119873663,
NC_051814.1,46544513,46556671,LOC106559407,plus,106559407,
NC_051814.1,46612325,46623392,LOC119873664,minus,119873664,
NC_051814.1,46623672,46627990,ZFP36L2,minus,100856710,
NC_051814.1,46627521,46690315,LOC106559410,plus,106559410,
NC_051814.1,46630363,46962738,THADA,minus,100126180,THADA armadillo repeat containing
NC_051814.1,46784402,46795351,LOC119873665,plus,119873665,
NC_051814.1,46823165,46844800,LOC111097722,plus,111097722,
NC_051814.1,46848536,46855716,LOC102151475,plus,102151475,
NC_051814.1,46912234,46913453,LOC100686765,minus,100686765,
NC_051814.1,46962467,46967317,LOC111097721,plus,111097721,
NC_051814.1,46992023,47104761,PLEKHH2,plus,481353,
NC_051814.1,47017687,47018455,C1GALT1C1L,minus,106559390,
NC_051814.1,47109916,47148612,DYNC2LI1,plus,474570,
NC_051814.1,47140680,47190102,ABCG5,minus,481354,
NC_051814.1,47178745,47198241,ABCG8,plus,474571,
NC_051814.1,47205831,47317113,LRPPRC,minus,474572,
NC_051814.1,47317388,47328097,LOC111097724,plus,111097724,
NC_051814.1,47420492,47420950,LOC100687001,plus,100687001,
NC_051814.1,47467776,47557210,PPM1B,plus,474573,
NC_051814.1,47580243,47618780,SLC3A1,plus,403700,solute carrier family 3 member 1
NC_051814.1,47613473,47672368,PREPL,minus,474574,
NC_051814.1,47672695,48062804,CAMKMT,plus,474575,
NC_051814.1,48091196,48098157,LOC111097845,plus,111097845,
NC_051814.1,48123095,48123435,LOC100687550,minus,100687550,
NC_051814.1,48206322,48228530,LOC111097726,minus,111097726,
NC_051814.1,48209368,48245952,SIX3,plus,481356,
NC_051814.1,48278170,48282199,SIX2,minus,481357,
NC_051814.1,48282934,48292404,LOC119876731,plus,119876731,
NC_051814.1,48430171,48454934,LOC119873668,plus,119873668,
NC_051814.1,48437029,48618996,LOC111097728,minus,111097728,
NC_051814.1,48493604,48494850,LOC100687776,plus,100687776,
NC_051814.1,48530175,48538620,LOC119873667,plus,119873667,
NC_051814.1,48563463,48571326,LOC111097729,plus,111097729,
NC_051814.1,48622322,48812070,SRBD1,minus,611842,
NC_051814.1,48787665,48789119,LOC474576,minus,474576,"DnaJ (Hsp40) homolog, subfamily A, member 1 pseudogene"
NC_051814.1,48812007,48813182,LOC106559413,plus,106559413,
NC_051814.1,48849986,49335766,PRKCE,plus,609934,
NC_051814.1,49248139,49249263,LOC111097734,minus,111097734,
NC_051814.1,49278729,49297214,LOC111097732,minus,111097732,
NC_051814.1,49338011,49346472,LOC111097735,minus,111097735,
NC_051814.1,49353060,49363368,LOC111097736,minus,111097736,
NC_051814.1,49422114,49508080,EPAS1,plus,474578,
NC_051814.1,49511755,49520632,LOC119873669,plus,119873669,
NC_051814.1,49518463,49584485,LOC111097737,minus,111097737,
NC_051814.1,49584575,49590708,TMEM247,plus,611864,
NC_051814.1,49610779,49611617,LOC111097847,minus,111097847,
NC_051814.1,49617392,49625990,ATP6V1E2,minus,481359,
NC_051814.1,49638479,49678182,RHOQ,plus,474579,
NC_051814.1,49675215,49711194,PIGF,minus,474580,
NC_051814.1,49711249,49722470,CRIPT,plus,609976,
NC_051814.1,49723224,49740485,LOC106559415,plus,106559415,
NC_051814.1,49733974,49742549,LOC111097738,minus,111097738,
NC_051814.1,49785277,49787867,LOC111097739,minus,111097739,
NC_051814.1,49786401,49847931,SOCS5,plus,474581,
NC_051814.1,49882164,49882370,LOC119873732,minus,119873732,
NC_051814.1,49903932,49904036,LOC119873823,minus,119873823,
NC_051814.1,49916562,49938086,LOC119873670,minus,119873670,
NC_051814.1,49961866,49972101,MCFD2,minus,474582,
NC_051814.1,49972255,50117119,TTC7A,plus,474583,
NC_051814.1,49995114,50000249,LOC102154744,minus,102154744,
NC_051814.1,50074620,50080967,LOC119873671,minus,119873671,
NC_051814.1,50126166,50164993,STPG4,minus,611900,
NC_051814.1,50169941,50184842,CALM2,minus,474584,
NC_051814.1,50184593,50310975,LOC102155086,plus,102155086,
NC_051814.1,50241635,50258128,LOC111097741,minus,111097741,
NC_051814.1,50264704,50310508,LOC106559416,minus,106559416,
NC_051814.1,50319923,50358536,LOC119873733,plus,119873733,
NC_051814.1,50358759,50372148,EPCAM,plus,481360,
NC_051814.1,50390734,50467292,MSH2,plus,494002,
NC_051814.1,50491995,50544739,KCNK12,minus,481362,
NC_051814.1,50513658,50513776,LOC119873808,plus,119873808,
NC_051814.1,50547031,50560319,LOC106559417,plus,106559417,
NC_051814.1,50554149,50554547,LOC100682542,minus,100682542,
NC_051814.1,50556406,50556589,LOC119873805,minus,119873805,
NC_051814.1,50663956,50672235,LOC100687949,minus,100687949,
NC_051814.1,50687723,50711873,MSH6,plus,474585,
NC_051814.1,50711840,50799252,FBXO11,minus,481363,
NC_051814.1,50800443,50879783,LOC102155569,plus,102155569,
NC_051814.1,50835318,50920287,LOC111097743,minus,111097743,
NC_051814.1,50885583,50885969,LOC100682688,minus,100682688,
NC_051814.1,51030716,51053060,LOC102155692,plus,102155692,
NC_051814.1,51052311,51104814,LOC111097744,minus,111097744,
NC_051814.1,51104933,51171390,FOXN2,plus,100856358,
NC_051814.1,51199004,51209764,LOC100856396,minus,100856396,
NC_051814.1,51218995,51222424,LOC100688183,plus,100688183,
NC_051814.1,51229673,51295006,PPP1R21,plus,474586,
NC_051814.1,51300762,51349431,STON1,plus,100534006,stonin 1
NC_051814.1,51360362,51361814,LOC100682955,minus,100682955,
NC_051814.1,51367683,51409702,GTF2A1L,plus,100534007,general transcription factor IIA subunit 1 like
NC_051814.1,51416899,51479209,LHCGR,minus,481365,
NC_051814.1,51488123,51491117,LOC100688388,plus,100688388,
NC_051814.1,51572600,51674228,LOC111097748,plus,111097748,
NC_051814.1,51588921,51622355,LOC111097746,minus,111097746,
NC_051814.1,51634502,51807630,FSHR,minus,481367,
NC_051814.1,51804212,52037137,LOC111097745,plus,111097745,
NC_051814.1,51867059,51878595,LOC119873672,minus,119873672,
NC_051814.1,51892659,51900390,LOC102156507,minus,102156507,
NC_051814.1,52030610,52173755,LOC111097747,minus,111097747,
NC_051814.1,52131144,52131250,LOC119873819,plus,119873819,
NC_051814.1,52297845,52331248,LOC119873776,minus,119873776,
NC_051814.1,52431369,53560787,NRXN1,minus,474589,
NC_051814.1,52591774,52592233,LOC102156575,minus,102156575,
NC_051814.1,52807199,52815361,LOC102153248,plus,102153248,
NC_051814.1,53061097,53090600,LOC111097751,plus,111097751,
NC_051814.1,53090613,53094976,LOC119873673,plus,119873673,
NC_051814.1,53128106,53148198,LOC111097750,plus,111097750,
NC_051814.1,53561403,53564851,LOC102157367,minus,102157367,
NC_051814.1,53914238,53914345,LOC119873816,plus,119873816,
NC_051814.1,54046982,54048192,LOC100683314,plus,100683314,
NC_051814.1,54885633,54904604,LOC119873777,minus,119873777,
NC_051814.1,54988875,54990427,LOC100688606,minus,100688606,
NC_051814.1,55172766,55173398,LOC474591,plus,474591,ADP ribosylation factor 1 pseudogene
NC_051814.1,55233906,55271028,LOC102151272,minus,102151272,
NC_051814.1,55356443,55527313,LOC111097752,minus,111097752,
NC_051814.1,55655529,55684518,LOC119873674,minus,119873674,
NC_051814.1,55687242,55687489,LOC119873736,plus,119873736,
NC_051814.1,55703328,55814197,ASB3,minus,474592,ankyrin repeat and SOCS box containing 3
NC_051814.1,55789281,55798477,CHAC2,plus,612017,
NC_051814.1,55814249,55845028,ERLEC1,plus,474593,
NC_051814.1,55847487,55848774,LOC119873778,plus,119873778,
NC_051814.1,55860403,55862384,GPR75,minus,100688882,
NC_051814.1,55872471,55977527,PSME4,minus,474594,
NC_051814.1,55955571,55955978,LOC102151783,plus,102151783,
NC_051814.1,55977977,56226126,ACYP2,plus,474595,
NC_051814.1,55982904,55992352,LOC102152216,plus,102152216,
NC_051814.1,55991248,55994437,LOC119873737,minus,119873737,
NC_051814.1,56182789,56183852,TSPYL6,minus,102153313,
NC_051814.1,56212977,56222089,LOC106559427,minus,106559427,
NC_051814.1,56246364,56271353,C10H2orf73,plus,474596,
NC_051814.1,56292499,56298012,LOC102152412,plus,102152412,
NC_051814.1,56294910,56331783,LOC111097754,minus,111097754,
NC_051814.1,56354596,56374616,LOC119876733,minus,119876733,
NC_051814.1,56354836,56356438,LOC111097848,plus,111097848,
NC_051814.1,56373040,56571581,SPTBN1,plus,403743,
NC_051814.1,56413329,56432544,LOC119873675,minus,119873675,
NC_051814.1,56574233,56575493,LOC119873739,minus,119873739,
NC_051814.1,56606749,56606870,LOC119873838,minus,119873838,
NC_051814.1,56612085,56886593,EML6,plus,481373,
NC_051814.1,56771188,56789425,LOC119873677,minus,119873677,
NC_051814.1,56855383,56862945,LOC119873676,minus,119873676,
NC_051814.1,56886721,56957194,RTN4,minus,474598,
NC_051814.1,56971614,56973619,LOC100684280,minus,100684280,
NC_051814.1,56983722,56983896,LOC119873803,plus,119873803,
NC_051814.1,57016686,57018099,LOC100682794,minus,100682794,
NC_051814.1,57038637,57043312,LOC111097849,plus,111097849,
NC_051814.1,57049682,57054512,LOC119873779,plus,119873779,
NC_051814.1,57104780,57136902,CLHC1,minus,481374,
NC_051814.1,57136975,57139378,RPS27A,plus,474599,ribosomal protein S27a
NC_051814.1,57140282,57161892,MTIF2,minus,474600,
NC_051814.1,57166787,57305336,CCDC88A,minus,481375,
NC_051814.1,57168326,57169840,LOC100856725,plus,100856725,
NC_051814.1,57223280,57230832,LOC111097756,plus,111097756,
NC_051814.1,57249238,57251763,LOC111097831,plus,111097831,
NC_051814.1,57302768,57302840,TRNAE-CUC,plus,111097877,
NC_051814.1,57312230,57312302,TRNAK-CUU,minus,111097871,
NC_051814.1,57377932,57407087,CFAP36,plus,474602,
NC_051814.1,57409138,57471878,PPP4R3B,minus,474603,
NC_051814.1,57482766,57525822,PNPT1,minus,481376,
NC_051814.1,57525801,57638048,LOC119873678,plus,119873678,
NC_051814.1,57572474,57574646,LOC119873680,plus,119873680,
NC_051814.1,57583834,57597664,LOC119873682,minus,119873682,
NC_051814.1,57637641,57699724,EFEMP1,minus,474604,
NC_051814.1,57644149,57678809,LOC119873679,plus,119873679,
NC_051814.1,57667336,57667442,LOC119873817,plus,119873817,
NC_051814.1,57759472,57759553,MIR217,minus,100885989,microRNA mir-217
NC_051814.1,57765600,57805216,LOC119881630,minus,119881630,
NC_051814.1,57766339,57766443,MIR216A,minus,100885988,microRNA mir-216a
NC_051814.1,57777763,57777824,MIR216B,minus,100886111,microRNA mir-216b
NC_051814.1,57788481,57815583,LOC119873681,plus,119873681,
NC_051814.1,57880351,57884117,LOC111097852,minus,111097852,
NC_051814.1,57880371,57929843,LOC119873684,plus,119873684,
NC_051814.1,57884209,57886074,LOC119873683,plus,119873683,
NC_051814.1,57933988,58127612,CCDC85A,plus,481377,
NC_051814.1,58075256,58106508,LOC106559430,minus,106559430,
NC_051814.1,58125547,58136580,LOC102154028,minus,102154028,
NC_051814.1,58252203,58262907,LOC102154143,plus,102154143,
NC_051814.1,58264290,58264529,LOC100855430,plus,100855430,
NC_051814.1,58278496,58515690,LOC111097758,plus,111097758,
NC_051814.1,58333675,58347755,LOC111097759,minus,111097759,
NC_051814.1,58733509,58747530,LOC111097761,plus,111097761,
NC_051814.1,58785831,58811442,LOC111097760,plus,111097760,
NC_051814.1,59025161,59159201,LOC111097853,minus,111097853,
NC_051814.1,59041798,59049304,LOC119873687,minus,119873687,
NC_051814.1,59196009,59199704,LOC111097762,plus,111097762,
NC_051814.1,59219088,59221595,LOC111097764,minus,111097764,
NC_051814.1,59221266,59286758,LOC111097763,plus,111097763,
NC_051814.1,59285752,59289966,LOC119873685,minus,119873685,
NC_051814.1,59288816,59294974,LOC119873686,plus,119873686,
NC_051814.1,59332186,59547978,VRK2,plus,474605,
NC_051814.1,59525256,59641260,FANCL,minus,612161,
NC_051814.1,59585146,59585249,LOC119873821,plus,119873821,
NC_051814.1,59747764,59768991,LOC111097767,plus,111097767,
NC_051814.1,59750827,59895741,LOC102154536,minus,102154536,
NC_051814.1,59788108,59789387,LOC119873689,plus,119873689,
NC_051814.1,59849604,59855890,LOC119873688,plus,119873688,
NC_051814.1,59996066,59996744,LOC111097768,plus,111097768,
NC_051814.1,60341912,60372107,LOC111097769,plus,111097769,
NC_051814.1,60520092,60680220,LOC102154692,minus,102154692,
NC_051814.1,60651173,60683572,LOC102154794,plus,102154794,
NC_051814.1,60694909,60739152,LOC111097770,plus,111097770,
NC_051814.1,60783348,60818534,LOC102154879,plus,102154879,
NC_051814.1,61065500,61073793,LOC111097773,plus,111097773,
NC_051814.1,61276222,61280166,LOC119873690,plus,119873690,
NC_051814.1,61322280,61332813,LOC102155088,plus,102155088,
NC_051814.1,61437062,61450178,LOC111097771,plus,111097771,
NC_051814.1,61440376,61585490,LOC102154951,minus,102154951,
NC_051814.1,61509748,61510129,LOC100685318,minus,100685318,
NC_051814.1,61594834,61695110,BCL11A,minus,481381,
NC_051814.1,61774304,61778379,LOC106559422,plus,106559422,
NC_051814.1,61802010,61815147,LOC111097854,plus,111097854,
NC_051814.1,61860464,61861109,LOC100683611,plus,100683611,
NC_051814.1,61885805,61915710,PAPOLG,plus,481382,
NC_051814.1,61923641,61932847,LOC102155693,plus,102155693,
NC_051814.1,61989788,61992238,LOC119873691,minus,119873691,
NC_051814.1,61997356,62041015,REL,plus,474606,
NC_051814.1,62041023,62112634,PUS10,minus,481383,
NC_051814.1,62087187,62099745,LOC119876710,plus,119876710,
NC_051814.1,62112178,62140036,PEX13,plus,474607,
NC_051814.1,62149335,62203748,KIAA1841,plus,481384,
NC_051814.1,62208401,62240704,C10H2orf74,plus,612264,
NC_051814.1,62225318,62225417,LOC119873828,plus,119873828,
NC_051814.1,62255197,62257141,LOC119873780,minus,119873780,
NC_051814.1,62257237,62259444,LOC119873740,minus,119873740,
NC_051814.1,62273702,62275768,AHSA2P,plus,100683748,
NC_051814.1,62273979,62520172,USP34,minus,474608,
NC_051814.1,62416381,62416470,LOC119873831,minus,119873831,
NC_051814.1,62503164,62503354,LOC119873796,plus,119873796,
NC_051814.1,62505135,62507490,LOC612301,minus,612301,
NC_051814.1,62551228,62597765,XPO1,minus,474609,
NC_051814.1,62666431,62671426,LOC119873694,minus,119873694,
NC_051814.1,62720243,62772536,LOC102157173,minus,102157173,
NC_051814.1,62723192,62724430,LOC119873693,plus,119873693,
NC_051814.1,62757496,62757602,LOC119873810,plus,119873810,
NC_051814.1,62783420,62848547,FAM161A,minus,100855510,
NC_051814.1,62787104,62799218,LOC111097774,plus,111097774,
NC_051814.1,62848703,62852246,LOC102157224,plus,102157224,
NC_051814.1,62867889,62882584,CCT4,minus,100855692,
NC_051814.1,62894268,63067243,COMMD1,plus,403590,copper metabolism domain containing 1
NC_051814.1,63103378,63107700,LOC100684049,plus,100684049,
NC_051814.1,63126016,63246466,B3GNT2,plus,111097775,
NC_051814.1,63130516,63130588,TRNAE-UUC,minus,111097872,
NC_051814.1,63194617,63199036,LOC111097776,minus,111097776,
NC_051814.1,63280066,63289258,LOC111097778,minus,111097778,
NC_051814.1,63291305,63319839,LOC106559436,plus,106559436,
NC_051814.1,63305999,63323756,LOC106559435,minus,106559435,
NC_051814.1,63363234,63368846,TMEM17,minus,474612,
NC_051814.1,63368892,63483661,LOC111097779,plus,111097779,
NC_051814.1,63487710,63832727,EHBP1,plus,481386,
NC_051814.1,63835145,63839152,LOC119880136,plus,119880136,
NC_051814.1,63837537,63844443,OTX1,plus,610347,
NC_051814.1,63896704,63896943,LOC100686739,minus,100686739,
NC_051814.1,63901715,64326640,WDPCP,minus,474613,
NC_051814.1,63935132,63935870,LOC100686813,minus,100686813,
NC_051814.1,64282089,64284383,LOC100684254,plus,100684254,
NC_051814.1,64325732,64343477,MDH1,plus,474614,
NC_051814.1,64343604,64345387,LOC102152622,plus,102152622,
NC_051814.1,64533292,64542447,LOC119873741,minus,119873741,
NC_051814.1,64541209,64607376,UGP2,plus,474615,
NC_051814.1,64551375,64553264,LOC119873695,minus,119873695,
NC_051814.1,64607383,64685416,VPS54,minus,474616,
NC_051814.1,64687107,64698008,LOC111097855,minus,111097855,
NC_051814.1,64704270,64707171,LOC111097856,plus,111097856,
NC_051814.1,64707168,64708850,LOC111097857,plus,111097857,
NC_051814.1,64736541,64872342,PELI1,minus,481388,
NC_051814.1,64742895,64745635,LOC610383,minus,610383,
NC_051814.1,64764399,64781171,LOC111097780,plus,111097780,
NC_051814.1,64795632,64930099,LOC102153572,plus,102153572,
NC_051814.1,64938989,64946898,LOC102153332,plus,102153332,
NC_051814.1,64966388,64968769,LOC102153409,minus,102153409,
NC_051814.1,65008625,65012151,LOC102153454,minus,102153454,
NC_051814.1,65031614,65032528,LOC111097858,minus,111097858,
NC_051814.1,65044478,65045007,LOC100688931,plus,100688931,
NC_051814.1,65053516,65060819,LGALSL,plus,481389,
NC_051814.1,65081542,65082775,LOC111097859,minus,111097859,
NC_051814.1,65112733,65179757,AFTPH,plus,474618,
NC_051814.1,65122208,65127650,LOC119873696,minus,119873696,
NC_051814.1,65210245,65324251,SERTAD2,minus,119873697,
NC_051814.1,65215044,65219818,LOC119873698,plus,119873698,
NC_051814.1,65290991,65305695,LOC111097784,plus,111097784,
NC_051814.1,65324908,65328558,LOC111097785,plus,111097785,
NC_051814.1,65341501,65344079,LOC119873781,minus,119873781,
NC_051814.1,65349493,65352311,LOC119873782,plus,119873782,
NC_051814.1,65369807,65382963,LOC111097786,minus,111097786,
NC_051814.1,65381034,65383522,LOC119873699,plus,119873699,
NC_051814.1,65493157,65518318,SLC1A4,plus,481391,
NC_051814.1,65539552,65539986,LOC100682874,minus,100682874,
NC_051814.1,65546500,65571954,CEP68,plus,481393,
NC_051814.1,65573365,65599500,RAB1A,minus,403774,"RAB1A, member RAS oncogene family"
NC_051814.1,65627138,65640230,LOC119873700,minus,119873700,
NC_051814.1,65630198,65634387,LOC111097861,minus,111097861,
NC_051814.1,65640063,65647729,LOC111097862,plus,111097862,
NC_051814.1,65645594,65705269,LOC111097788,minus,111097788,
NC_051814.1,65691251,65692352,LOC481394,minus,481394,
NC_051814.1,65693111,65693513,LOC102153934,plus,102153934,
NC_051814.1,65705072,65742073,ACTR2,plus,481396,
NC_051814.1,65771737,65886366,SPRED2,minus,481397,
NC_051814.1,65933726,65935867,LOC100685244,minus,100685244,
NC_051814.1,65937427,65946681,LOC111097790,minus,111097790,
NC_051814.1,65956109,66103539,LOC119873701,plus,119873701,
NC_051814.1,66272037,66616639,LOC111097793,plus,111097793,
NC_051814.1,66454788,66469058,LOC111097794,minus,111097794,
NC_051814.1,66601298,66611927,LOC111097792,plus,111097792,
NC_051814.1,66674106,66697149,LOC111097863,plus,111097863,
NC_051814.1,66778156,66943912,MEIS1,plus,474619,
NC_051814.1,66852378,66857998,LOC111097795,minus,111097795,
NC_051814.1,66857005,66861974,LOC111097796,plus,111097796,
NC_051814.1,67008117,67014767,LOC111097797,minus,111097797,
NC_051814.1,67129755,67150030,LOC111097799,minus,111097799,
NC_051814.1,67139388,67140468,LOC481399,minus,481399,
NC_051814.1,67199593,67214046,LOC111097800,plus,111097800,
NC_051814.1,67270577,67296843,LOC111097801,plus,111097801,
NC_051814.1,67594931,67671887,LOC102155303,minus,102155303,
NC_051814.1,67646077,67659426,ETAA1,plus,474621,
NC_051814.1,68036036,68040420,LOC106559424,minus,106559424,
NC_051814.1,68117353,68117840,LOC100683563,plus,100683563,
NC_051814.1,68179369,68198391,C1D,minus,612549,
NC_051814.1,68197983,68209564,LOC106559437,plus,106559437,
NC_051814.1,68228325,68250152,WDR92,minus,481401,
NC_051814.1,68239799,68246166,LOC111097804,plus,111097804,
NC_051814.1,68250301,68260998,PNO1,plus,474623,
NC_051814.1,68263516,68327586,PPP3R1,minus,612559,
NC_051814.1,68336169,68345514,LOC111097805,plus,111097805,
NC_051814.1,68352243,68356710,LOC111097865,minus,111097865,
NC_051814.1,68360141,68376535,CNRIP1,minus,612567,
NC_051814.1,68387725,68392097,LOC102155838,plus,102155838,
NC_051814.1,68412140,68430945,LOC111097806,minus,111097806,
NC_051814.1,68415503,68440783,PLEK,plus,442956,pleckstrin
NC_051814.1,68468500,68473590,FBXO48,minus,100684024,
NC_051814.1,68473928,68543022,APLF,plus,481405,
NC_051814.1,68555774,68559153,LOC119873783,plus,119873783,
NC_051814.1,68566601,68579768,PROKR1,plus,481406,
NC_051814.1,68606834,68606994,LOC119873798,plus,119873798,
NC_051814.1,68614004,68620532,LOC119873704,minus,119873704,
NC_051814.1,68619760,68709809,ARHGAP25,plus,481407,
NC_051814.1,68669973,68676231,LOC119873705,minus,119873705,
NC_051814.1,68711793,68718708,LOC119873784,plus,119873784,
NC_051814.1,68739137,68746855,BMP10,minus,481408,
NC_051814.1,68787924,68795677,GKN2,minus,612594,
NC_051814.1,68810000,68815276,GKN1,plus,612599,
NC_051814.1,68815548,68820933,LOC119873785,plus,119873785,
NC_051814.1,68847827,69045692,ANTXR1,plus,612601,
NC_051814.1,68968522,68970119,LOC119873706,minus,119873706,
NC_051814.1,69001515,69007664,LOC111097807,minus,111097807,
NC_051814.1,69056575,69081276,LOC111097808,minus,111097808,
NC_051814.1,69091496,69148774,GFPT1,minus,474624,
NC_051814.1,69147998,69161551,LOC102156307,plus,102156307,
NC_051814.1,69158089,69185558,NFU1,minus,612607,
NC_051814.1,69184720,69188602,LOC119873707,plus,119873707,
NC_051814.1,69191539,69200792,LOC119873708,minus,119873708,
NC_051814.1,69203126,69359380,AAK1,minus,474625,
NC_051814.1,69291388,69295678,LOC111097809,plus,111097809,
NC_051814.1,69359909,69379814,LOC102156952,plus,102156952,
NC_051814.1,69406659,69414842,LOC111097811,minus,111097811,
NC_051814.1,69440630,69488848,ANXA4,plus,606756,annexin A4
NC_051814.1,69453731,69455144,LOC119873710,minus,119873710,
NC_051814.1,69492055,69547395,GMCL1,plus,481414,
NC_051814.1,69542993,69552831,LOC119873711,minus,119873711,
NC_051814.1,69552964,69562649,SNRNP27,plus,474626,
NC_051814.1,69571772,69592697,MXD1,plus,612631,
NC_051814.1,69607664,69610843,ASPRV1,minus,481416,
NC_051814.1,69615659,69618778,LOC119873786,minus,119873786,
NC_051814.1,69633263,69636068,LOC119873713,plus,119873713,
NC_051814.1,69637268,69638997,LOC119873714,minus,119873714,
NC_051814.1,69639999,69705936,LOC106559441,minus,106559441,
NC_051814.1,69707654,69709307,PCBP1,plus,481417,
NC_051814.1,69709948,69714535,LOC111097866,plus,111097866,
NC_051814.1,69737543,69748351,LOC102151723,minus,102151723,
NC_051814.1,69754333,69782728,C10H2orf42,minus,474627,
NC_051814.1,69789663,69820732,TIA1,minus,610625,
NC_051814.1,69821027,69821097,TRNAG-CCC,minus,111097873,
NC_051814.1,69828762,69847879,PCYOX1,plus,481418,
NC_051814.1,69848188,69858520,SNRPG,minus,612653,small nuclear ribonucleoprotein polypeptide G
NC_051814.1,69859381,69863520,FAM136A,minus,612657,
NC_051814.1,69871038,69873167,LOC119873787,plus,119873787,
NC_051814.1,69919555,69919916,LOC100685194,minus,100685194,
NC_051814.1,69935210,70012287,TGFA,minus,403431,
NC_051814.1,70017622,70029218,LOC111097814,plus,111097814,
NC_051814.1,70074115,70166872,ADD2,minus,610670,
NC_051814.1,70171481,70185264,FIGLA,minus,100687488,
NC_051814.1,70192860,70202052,CLEC4F,minus,481424,
NC_051814.1,70209265,70212632,CD207,minus,612679,
NC_051814.1,70256981,70283942,VAX2,plus,106559406,
NC_051814.1,70284983,70311344,ATP6V1B1,plus,474628,
NC_051814.1,70311743,70317935,ANKRD53,plus,474629,
NC_051814.1,70317912,70324896,TEX261,minus,481425,
NC_051814.1,70349562,70350626,LOC119876754,minus,119876754,
